Received Data:
{
    "reset": true,
    "configData": {
        "date": "2025-05-01 08:27",
        "group-count": 204,
        "channel-count-total": 202450,
        "live-channels": [
            {
                "source-group-title": "live-channels",
                "custom-group-title": "live-channels",
                "include-in-export": false,
                "channel-count": 0,
                "category-id": 0
            }
        ],
        "movies": [
            {
                "source-group-title": "movies",
                "custom-group-title": "movies",
                "include-in-export": false,
                "channel-count": 0,
                "category-id": 0
            }
        ],
        "series": [
            {
                "source-group-title": "series",
                "custom-group-title": "series",
                "include-in-export": false,
                "channel-count": 0,
                "category-id": 0
            }
        ],
        "4k-movies": [
            {
                "source-group-title": "4k-movies",
                "custom-group-title": "4k-movies",
                "include-in-export": false,
                "channel-count": 0,
                "category-id": 0
            }
        ],
        "box-sets": [
            {
                "source-group-title": "box-sets",
                "custom-group-title": "box-sets",
                "include-in-export": false,
                "channel-count": 0,
                "category-id": 0
            }
        ],
        "live-sports": [
            {
                "source-group-title": "live-sports",
                "custom-group-title": "live-sports",
                "include-in-export": false,
                "channel-count": 0,
                "category-id": 0
            }
        ],
        "kids-movies": [
            {
                "source-group-title": "kids-movies",
                "custom-group-title": "kids-movies",
                "include-in-export": false,
                "channel-count": 0,
                "category-id": 0
            }
        ],
        "kids-series": [
            {
                "source-group-title": "kids-series",
                "custom-group-title": "kids-series",
                "include-in-export": false,
                "channel-count": 0,
                "category-id": 0
            }
        ],
        "music-events": [
            {
                "source-group-title": "music-events",
                "custom-group-title": "music-events",
                "include-in-export": false,
                "channel-count": 0,
                "category-id": 0
            }
        ],
        "24\/7": [
            {
                "source-group-title": "24\/7",
                "custom-group-title": "24\/7",
                "include-in-export": false,
                "channel-count": 0,
                "category-id": 0
            }
        ],
        "favorites": [
            {
                "source-group-title": "favorites",
                "custom-group-title": "favorites",
                "include-in-export": false,
                "channel-count": 0,
                "category-id": 0
            }
        ],
        "unsorted": [
            {
                "source-group-title": "24\/7 Danish",
                "custom-group-title": "24\/7 Danish",
                "include-in-export": false,
                "channel-count": 67,
                "category-id": 0
            },
            {
                "source-group-title": "24\/7 Germany",
                "custom-group-title": "24\/7 Germany",
                "include-in-export": false,
                "channel-count": 90,
                "category-id": 0
            },
            {
                "source-group-title": "24\/7 Movies",
                "custom-group-title": "24\/7 Movies",
                "include-in-export": false,
                "channel-count": 74,
                "category-id": 0
            },
            {
                "source-group-title": "24\/7 Norwegian",
                "custom-group-title": "24\/7 Norwegian",
                "include-in-export": false,
                "channel-count": 71,
                "category-id": 0
            },
            {
                "source-group-title": "24\/7 Spain",
                "custom-group-title": "24\/7 Spain",
                "include-in-export": false,
                "channel-count": 91,
                "category-id": 0
            },
            {
                "source-group-title": "24\/7 Swedish",
                "custom-group-title": "24\/7 Swedish",
                "include-in-export": false,
                "channel-count": 161,
                "category-id": 0
            },
            {
                "source-group-title": "24\/7 UK",
                "custom-group-title": "24\/7 UK",
                "include-in-export": false,
                "channel-count": 93,
                "category-id": 0
            },
            {
                "source-group-title": "24\/7 United States",
                "custom-group-title": "24\/7 United States",
                "include-in-export": false,
                "channel-count": 225,
                "category-id": 0
            },
            {
                "source-group-title": "Afghanistan",
                "custom-group-title": "Afghanistan",
                "include-in-export": false,
                "channel-count": 34,
                "category-id": 0
            },
            {
                "source-group-title": "Africa",
                "custom-group-title": "Africa",
                "include-in-export": false,
                "channel-count": 329,
                "category-id": 0
            },
            {
                "source-group-title": "Albania",
                "custom-group-title": "Albania",
                "include-in-export": false,
                "channel-count": 310,
                "category-id": 0
            },
            {
                "source-group-title": "Arabic",
                "custom-group-title": "Arabic",
                "include-in-export": false,
                "channel-count": 385,
                "category-id": 0
            },
            {
                "source-group-title": "Arabic Entertainment",
                "custom-group-title": "Arabic Entertainment",
                "include-in-export": false,
                "channel-count": 237,
                "category-id": 0
            },
            {
                "source-group-title": "Arabic News",
                "custom-group-title": "Arabic News",
                "include-in-export": false,
                "channel-count": 47,
                "category-id": 0
            },
            {
                "source-group-title": "Arabic Sports",
                "custom-group-title": "Arabic Sports",
                "include-in-export": false,
                "channel-count": 144,
                "category-id": 0
            },
            {
                "source-group-title": "Argentina",
                "custom-group-title": "Argentina",
                "include-in-export": false,
                "channel-count": 253,
                "category-id": 0
            },
            {
                "source-group-title": "Armenia",
                "custom-group-title": "Armenia",
                "include-in-export": false,
                "channel-count": 66,
                "category-id": 0
            },
            {
                "source-group-title": "Australia & New Zealand",
                "custom-group-title": "Australia & New Zealand",
                "include-in-export": false,
                "channel-count": 220,
                "category-id": 0
            },
            {
                "source-group-title": "Azerbaijan",
                "custom-group-title": "Azerbaijan",
                "include-in-export": false,
                "channel-count": 13,
                "category-id": 0
            },
            {
                "source-group-title": "Bangladesh",
                "custom-group-title": "Bangladesh",
                "include-in-export": false,
                "channel-count": 47,
                "category-id": 0
            },
            {
                "source-group-title": "Belgium",
                "custom-group-title": "Belgium",
                "include-in-export": false,
                "channel-count": 71,
                "category-id": 0
            },
            {
                "source-group-title": "Bolivia",
                "custom-group-title": "Bolivia",
                "include-in-export": false,
                "channel-count": 65,
                "category-id": 0
            },
            {
                "source-group-title": "Bosnia i Hercegovina",
                "custom-group-title": "Bosnia i Hercegovina",
                "include-in-export": false,
                "channel-count": 126,
                "category-id": 0
            },
            {
                "source-group-title": "Brazil",
                "custom-group-title": "Brazil",
                "include-in-export": false,
                "channel-count": 283,
                "category-id": 0
            },
            {
                "source-group-title": "Bulgaria",
                "custom-group-title": "Bulgaria",
                "include-in-export": false,
                "channel-count": 83,
                "category-id": 0
            },
            {
                "source-group-title": "Cambodia",
                "custom-group-title": "Cambodia",
                "include-in-export": false,
                "channel-count": 5,
                "category-id": 0
            },
            {
                "source-group-title": "Canada",
                "custom-group-title": "Canada",
                "include-in-export": false,
                "channel-count": 168,
                "category-id": 0
            },
            {
                "source-group-title": "Caribbean",
                "custom-group-title": "Caribbean",
                "include-in-export": false,
                "channel-count": 176,
                "category-id": 0
            },
            {
                "source-group-title": "Chile",
                "custom-group-title": "Chile",
                "include-in-export": false,
                "channel-count": 350,
                "category-id": 0
            },
            {
                "source-group-title": "China",
                "custom-group-title": "China",
                "include-in-export": false,
                "channel-count": 24,
                "category-id": 0
            },
            {
                "source-group-title": "Colombia",
                "custom-group-title": "Colombia",
                "include-in-export": false,
                "channel-count": 128,
                "category-id": 0
            },
            {
                "source-group-title": "Czech & Slovakia",
                "custom-group-title": "Czech & Slovakia",
                "include-in-export": false,
                "channel-count": 131,
                "category-id": 0
            },
            {
                "source-group-title": "DAZN CA",
                "custom-group-title": "DAZN CA",
                "include-in-export": false,
                "channel-count": 40,
                "category-id": 0
            },
            {
                "source-group-title": "DAZN DE",
                "custom-group-title": "DAZN DE",
                "include-in-export": false,
                "channel-count": 44,
                "category-id": 0
            },
            {
                "source-group-title": "DAZN ES",
                "custom-group-title": "DAZN ES",
                "include-in-export": false,
                "channel-count": 50,
                "category-id": 0
            },
            {
                "source-group-title": "DAZN FR",
                "custom-group-title": "DAZN FR",
                "include-in-export": false,
                "channel-count": 50,
                "category-id": 0
            },
            {
                "source-group-title": "DAZN IT",
                "custom-group-title": "DAZN IT",
                "include-in-export": false,
                "channel-count": 50,
                "category-id": 0
            },
            {
                "source-group-title": "DAZN SE",
                "custom-group-title": "DAZN SE",
                "include-in-export": false,
                "channel-count": 50,
                "category-id": 0
            },
            {
                "source-group-title": "DYN Sport Event DE",
                "custom-group-title": "DYN Sport Event DE",
                "include-in-export": false,
                "channel-count": 25,
                "category-id": 0
            },
            {
                "source-group-title": "Denmark",
                "custom-group-title": "Denmark",
                "include-in-export": false,
                "channel-count": 219,
                "category-id": 0
            },
            {
                "source-group-title": "Direket Sport Events NO",
                "custom-group-title": "Direket Sport Events NO",
                "include-in-export": false,
                "channel-count": 50,
                "category-id": 0
            },
            {
                "source-group-title": "Discovery+ Sport DE",
                "custom-group-title": "Discovery+ Sport DE",
                "include-in-export": false,
                "channel-count": 34,
                "category-id": 0
            },
            {
                "source-group-title": "Discovery+ Sport NL",
                "custom-group-title": "Discovery+ Sport NL",
                "include-in-export": false,
                "channel-count": 50,
                "category-id": 0
            },
            {
                "source-group-title": "Discovery+ Sport NO",
                "custom-group-title": "Discovery+ Sport NO",
                "include-in-export": false,
                "channel-count": 38,
                "category-id": 0
            },
            {
                "source-group-title": "Discovery+ Sport SE",
                "custom-group-title": "Discovery+ Sport SE",
                "include-in-export": false,
                "channel-count": 131,
                "category-id": 0
            },
            {
                "source-group-title": "Disney Plus SE",
                "custom-group-title": "Disney Plus SE",
                "include-in-export": false,
                "channel-count": 1,
                "category-id": 0
            },
            {
                "source-group-title": "EFL \/ iFOLLOW UK",
                "custom-group-title": "EFL \/ iFOLLOW UK",
                "include-in-export": false,
                "channel-count": 73,
                "category-id": 0
            },
            {
                "source-group-title": "EPL UK",
                "custom-group-title": "EPL UK",
                "include-in-export": false,
                "channel-count": 20,
                "category-id": 0
            },
            {
                "source-group-title": "EX-YU Sport",
                "custom-group-title": "EX-YU Sport",
                "include-in-export": false,
                "channel-count": 95,
                "category-id": 0
            },
            {
                "source-group-title": "Ecuador",
                "custom-group-title": "Ecuador",
                "include-in-export": false,
                "channel-count": 52,
                "category-id": 0
            },
            {
                "source-group-title": "El Salvador",
                "custom-group-title": "El Salvador",
                "include-in-export": false,
                "channel-count": 27,
                "category-id": 0
            },
            {
                "source-group-title": "Elitserien Live SE",
                "custom-group-title": "Elitserien Live SE",
                "include-in-export": false,
                "channel-count": 1,
                "category-id": 0
            },
            {
                "source-group-title": "Estonia",
                "custom-group-title": "Estonia",
                "include-in-export": false,
                "channel-count": 5,
                "category-id": 0
            },
            {
                "source-group-title": "EttanPlay SE",
                "custom-group-title": "EttanPlay SE",
                "include-in-export": false,
                "channel-count": 1,
                "category-id": 0
            },
            {
                "source-group-title": "FANSEAT Events SE",
                "custom-group-title": "FANSEAT Events SE",
                "include-in-export": false,
                "channel-count": 15,
                "category-id": 0
            },
            {
                "source-group-title": "Finland",
                "custom-group-title": "Finland",
                "include-in-export": false,
                "channel-count": 195,
                "category-id": 0
            },
            {
                "source-group-title": "For Adults",
                "custom-group-title": "For Adults",
                "include-in-export": false,
                "channel-count": 1833,
                "category-id": 0
            },
            {
                "source-group-title": "Formula 1 \/ Racing",
                "custom-group-title": "Formula 1 \/ Racing",
                "include-in-export": false,
                "channel-count": 34,
                "category-id": 0
            },
            {
                "source-group-title": "France",
                "custom-group-title": "France",
                "include-in-export": false,
                "channel-count": 267,
                "category-id": 0
            },
            {
                "source-group-title": "Germany",
                "custom-group-title": "Germany",
                "include-in-export": false,
                "channel-count": 353,
                "category-id": 0
            },
            {
                "source-group-title": "Greece",
                "custom-group-title": "Greece",
                "include-in-export": false,
                "channel-count": 99,
                "category-id": 0
            },
            {
                "source-group-title": "Handbollsligan SE",
                "custom-group-title": "Handbollsligan SE",
                "include-in-export": false,
                "channel-count": 2,
                "category-id": 0
            },
            {
                "source-group-title": "Hockey - Metal Ligaen DK",
                "custom-group-title": "Hockey - Metal Ligaen DK",
                "include-in-export": false,
                "channel-count": 4,
                "category-id": 0
            },
            {
                "source-group-title": "HockeyEttan SE",
                "custom-group-title": "HockeyEttan SE",
                "include-in-export": false,
                "channel-count": 15,
                "category-id": 0
            },
            {
                "source-group-title": "Hong Kong",
                "custom-group-title": "Hong Kong",
                "include-in-export": false,
                "channel-count": 18,
                "category-id": 0
            },
            {
                "source-group-title": "Hrvatska",
                "custom-group-title": "Hrvatska",
                "include-in-export": false,
                "channel-count": 172,
                "category-id": 0
            },
            {
                "source-group-title": "Hungary",
                "custom-group-title": "Hungary",
                "include-in-export": false,
                "channel-count": 142,
                "category-id": 0
            },
            {
                "source-group-title": "Iceland",
                "custom-group-title": "Iceland",
                "include-in-export": false,
                "channel-count": 58,
                "category-id": 0
            },
            {
                "source-group-title": "India",
                "custom-group-title": "India",
                "include-in-export": false,
                "channel-count": 477,
                "category-id": 0
            },
            {
                "source-group-title": "Indonesia",
                "custom-group-title": "Indonesia",
                "include-in-export": false,
                "channel-count": 43,
                "category-id": 0
            },
            {
                "source-group-title": "Innebandy SE",
                "custom-group-title": "Innebandy SE",
                "include-in-export": false,
                "channel-count": 38,
                "category-id": 0
            },
            {
                "source-group-title": "Iran",
                "custom-group-title": "Iran",
                "include-in-export": false,
                "channel-count": 200,
                "category-id": 0
            },
            {
                "source-group-title": "Israel",
                "custom-group-title": "Israel",
                "include-in-export": false,
                "channel-count": 78,
                "category-id": 0
            },
            {
                "source-group-title": "Italy",
                "custom-group-title": "Italy",
                "include-in-export": false,
                "channel-count": 234,
                "category-id": 0
            },
            {
                "source-group-title": "Japan",
                "custom-group-title": "Japan",
                "include-in-export": false,
                "channel-count": 28,
                "category-id": 0
            },
            {
                "source-group-title": "Korea",
                "custom-group-title": "Korea",
                "include-in-export": false,
                "channel-count": 73,
                "category-id": 0
            },
            {
                "source-group-title": "Kurdistan",
                "custom-group-title": "Kurdistan",
                "include-in-export": false,
                "channel-count": 314,
                "category-id": 0
            },
            {
                "source-group-title": "LIVEY Sports IS",
                "custom-group-title": "LIVEY Sports IS",
                "include-in-export": false,
                "channel-count": 30,
                "category-id": 0
            },
            {
                "source-group-title": "Latino",
                "custom-group-title": "Latino",
                "include-in-export": false,
                "channel-count": 302,
                "category-id": 0
            },
            {
                "source-group-title": "Lithuania",
                "custom-group-title": "Lithuania",
                "include-in-export": false,
                "channel-count": 30,
                "category-id": 0
            },
            {
                "source-group-title": "MAX Sport DK",
                "custom-group-title": "MAX Sport DK",
                "include-in-export": false,
                "channel-count": 15,
                "category-id": 0
            },
            {
                "source-group-title": "MAX Sport FI",
                "custom-group-title": "MAX Sport FI",
                "include-in-export": false,
                "channel-count": 23,
                "category-id": 0
            },
            {
                "source-group-title": "MLS Soccer US",
                "custom-group-title": "MLS Soccer US",
                "include-in-export": false,
                "channel-count": 34,
                "category-id": 0
            },
            {
                "source-group-title": "MTV Urheilu Events FI",
                "custom-group-title": "MTV Urheilu Events FI",
                "include-in-export": false,
                "channel-count": 16,
                "category-id": 0
            },
            {
                "source-group-title": "Macedonia",
                "custom-group-title": "Macedonia",
                "include-in-export": false,
                "channel-count": 77,
                "category-id": 0
            },
            {
                "source-group-title": "Malaysia",
                "custom-group-title": "Malaysia",
                "include-in-export": false,
                "channel-count": 120,
                "category-id": 0
            },
            {
                "source-group-title": "Malta",
                "custom-group-title": "Malta",
                "include-in-export": false,
                "channel-count": 64,
                "category-id": 0
            },
            {
                "source-group-title": "Max Sports DK",
                "custom-group-title": "Max Sports DK",
                "include-in-export": false,
                "channel-count": 50,
                "category-id": 0
            },
            {
                "source-group-title": "Max Sports NO",
                "custom-group-title": "Max Sports NO",
                "include-in-export": false,
                "channel-count": 1,
                "category-id": 0
            },
            {
                "source-group-title": "Max Sports SE",
                "custom-group-title": "Max Sports SE",
                "include-in-export": false,
                "channel-count": 15,
                "category-id": 0
            },
            {
                "source-group-title": "Mexico",
                "custom-group-title": "Mexico",
                "include-in-export": false,
                "channel-count": 174,
                "category-id": 0
            },
            {
                "source-group-title": "Music Package",
                "custom-group-title": "Music Package",
                "include-in-export": false,
                "channel-count": 106,
                "category-id": 0
            },
            {
                "source-group-title": "Netherlands",
                "custom-group-title": "Netherlands",
                "include-in-export": false,
                "channel-count": 136,
                "category-id": 0
            },
            {
                "source-group-title": "Norway",
                "custom-group-title": "Norway",
                "include-in-export": false,
                "channel-count": 253,
                "category-id": 0
            },
            {
                "source-group-title": "Pakistan",
                "custom-group-title": "Pakistan",
                "include-in-export": false,
                "channel-count": 135,
                "category-id": 0
            },
            {
                "source-group-title": "Paraguay",
                "custom-group-title": "Paraguay",
                "include-in-export": false,
                "channel-count": 45,
                "category-id": 0
            },
            {
                "source-group-title": "Peacock \/ DAZN US",
                "custom-group-title": "Peacock \/ DAZN US",
                "include-in-export": false,
                "channel-count": 48,
                "category-id": 0
            },
            {
                "source-group-title": "Peru",
                "custom-group-title": "Peru",
                "include-in-export": false,
                "channel-count": 189,
                "category-id": 0
            },
            {
                "source-group-title": "Philippines",
                "custom-group-title": "Philippines",
                "include-in-export": false,
                "channel-count": 132,
                "category-id": 0
            },
            {
                "source-group-title": "Poland",
                "custom-group-title": "Poland",
                "include-in-export": false,
                "channel-count": 228,
                "category-id": 0
            },
            {
                "source-group-title": "Portugal",
                "custom-group-title": "Portugal",
                "include-in-export": false,
                "channel-count": 175,
                "category-id": 0
            },
            {
                "source-group-title": "Prime Sports SE",
                "custom-group-title": "Prime Sports SE",
                "include-in-export": false,
                "channel-count": 41,
                "category-id": 0
            },
            {
                "source-group-title": "Romania",
                "custom-group-title": "Romania",
                "include-in-export": false,
                "channel-count": 176,
                "category-id": 0
            },
            {
                "source-group-title": "Russia",
                "custom-group-title": "Russia",
                "include-in-export": false,
                "channel-count": 304,
                "category-id": 0
            },
            {
                "source-group-title": "Ruutu Events FI",
                "custom-group-title": "Ruutu Events FI",
                "include-in-export": false,
                "channel-count": 16,
                "category-id": 0
            },
            {
                "source-group-title": "SPFL - Scottish Football League UK",
                "custom-group-title": "SPFL - Scottish Football League UK",
                "include-in-export": false,
                "channel-count": 18,
                "category-id": 0
            },
            {
                "source-group-title": "Series: Albania",
                "custom-group-title": "Series: Albania",
                "include-in-export": false,
                "channel-count": 72,
                "category-id": 0
            },
            {
                "source-group-title": "Series: Arabic",
                "custom-group-title": "Series: Arabic",
                "include-in-export": false,
                "channel-count": 32585,
                "category-id": 0
            },
            {
                "source-group-title": "Series: Barn",
                "custom-group-title": "Series: Barn",
                "include-in-export": false,
                "channel-count": 17961,
                "category-id": 0
            },
            {
                "source-group-title": "Series: EX-YU",
                "custom-group-title": "Series: EX-YU",
                "include-in-export": false,
                "channel-count": 2106,
                "category-id": 0
            },
            {
                "source-group-title": "Series: English [Arabic-Sub]",
                "custom-group-title": "Series: English [Arabic-Sub]",
                "include-in-export": false,
                "channel-count": 661,
                "category-id": 0
            },
            {
                "source-group-title": "Series: English [Multi-Sub]",
                "custom-group-title": "Series: English [Multi-Sub]",
                "include-in-export": false,
                "channel-count": 81232,
                "category-id": 0
            },
            {
                "source-group-title": "Series: English [Multi-Sub] [4K] [Only On 4K Devices]",
                "custom-group-title": "Series: English [Multi-Sub] [4K] [Only On 4K Devices]",
                "include-in-export": false,
                "channel-count": 718,
                "category-id": 0
            },
            {
                "source-group-title": "Series: Kurdish",
                "custom-group-title": "Series: Kurdish",
                "include-in-export": false,
                "channel-count": 30,
                "category-id": 0
            },
            {
                "source-group-title": "Series: NORDIC",
                "custom-group-title": "Series: NORDIC",
                "include-in-export": false,
                "channel-count": 18967,
                "category-id": 0
            },
            {
                "source-group-title": "Series: Turkey",
                "custom-group-title": "Series: Turkey",
                "include-in-export": false,
                "channel-count": 135,
                "category-id": 0
            },
            {
                "source-group-title": "Series: Turkey [Arabic Sub]",
                "custom-group-title": "Series: Turkey [Arabic Sub]",
                "include-in-export": false,
                "channel-count": 2926,
                "category-id": 0
            },
            {
                "source-group-title": "Slovenia",
                "custom-group-title": "Slovenia",
                "include-in-export": false,
                "channel-count": 73,
                "category-id": 0
            },
            {
                "source-group-title": "Somalia",
                "custom-group-title": "Somalia",
                "include-in-export": false,
                "channel-count": 26,
                "category-id": 0
            },
            {
                "source-group-title": "Spain",
                "custom-group-title": "Spain",
                "include-in-export": false,
                "channel-count": 224,
                "category-id": 0
            },
            {
                "source-group-title": "Speedway - ESS Play SE",
                "custom-group-title": "Speedway - ESS Play SE",
                "include-in-export": false,
                "channel-count": 1,
                "category-id": 0
            },
            {
                "source-group-title": "Sport Package",
                "custom-group-title": "Sport Package",
                "include-in-export": false,
                "channel-count": 86,
                "category-id": 0
            },
            {
                "source-group-title": "SportExpressen\/Aftonbladet SE",
                "custom-group-title": "SportExpressen\/Aftonbladet SE",
                "include-in-export": false,
                "channel-count": 2,
                "category-id": 0
            },
            {
                "source-group-title": "Srbija\/Crna Gora",
                "custom-group-title": "Srbija\/Crna Gora",
                "include-in-export": false,
                "channel-count": 329,
                "category-id": 0
            },
            {
                "source-group-title": "Sri Lanka",
                "custom-group-title": "Sri Lanka",
                "include-in-export": false,
                "channel-count": 23,
                "category-id": 0
            },
            {
                "source-group-title": "Sudan",
                "custom-group-title": "Sudan",
                "include-in-export": false,
                "channel-count": 16,
                "category-id": 0
            },
            {
                "source-group-title": "Super Sports CA",
                "custom-group-title": "Super Sports CA",
                "include-in-export": false,
                "channel-count": 51,
                "category-id": 0
            },
            {
                "source-group-title": "Svensk Hockey SE",
                "custom-group-title": "Svensk Hockey SE",
                "include-in-export": false,
                "channel-count": 252,
                "category-id": 0
            },
            {
                "source-group-title": "Svenskbil Sport \/ Folkrace SE",
                "custom-group-title": "Svenskbil Sport \/ Folkrace SE",
                "include-in-export": false,
                "channel-count": 2,
                "category-id": 0
            },
            {
                "source-group-title": "Sweden",
                "custom-group-title": "Sweden",
                "include-in-export": false,
                "channel-count": 388,
                "category-id": 0
            },
            {
                "source-group-title": "Switzerland",
                "custom-group-title": "Switzerland",
                "include-in-export": false,
                "channel-count": 47,
                "category-id": 0
            },
            {
                "source-group-title": "S\u00edminnSport Events IS",
                "custom-group-title": "S\u00edminnSport Events IS",
                "include-in-export": false,
                "channel-count": 50,
                "category-id": 0
            },
            {
                "source-group-title": "TV2 Play NO",
                "custom-group-title": "TV2 Play NO",
                "include-in-export": false,
                "channel-count": 17,
                "category-id": 0
            },
            {
                "source-group-title": "TV2 Sport DK",
                "custom-group-title": "TV2 Sport DK",
                "include-in-export": false,
                "channel-count": 22,
                "category-id": 0
            },
            {
                "source-group-title": "TV4 Play SE",
                "custom-group-title": "TV4 Play SE",
                "include-in-export": false,
                "channel-count": 18,
                "category-id": 0
            },
            {
                "source-group-title": "Taiwan",
                "custom-group-title": "Taiwan",
                "include-in-export": false,
                "channel-count": 1,
                "category-id": 0
            },
            {
                "source-group-title": "Telia Play Events FI",
                "custom-group-title": "Telia Play Events FI",
                "include-in-export": false,
                "channel-count": 40,
                "category-id": 0
            },
            {
                "source-group-title": "Telia Play Events SE",
                "custom-group-title": "Telia Play Events SE",
                "include-in-export": false,
                "channel-count": 49,
                "category-id": 0
            },
            {
                "source-group-title": "Thailand",
                "custom-group-title": "Thailand",
                "include-in-export": false,
                "channel-count": 284,
                "category-id": 0
            },
            {
                "source-group-title": "Turkey",
                "custom-group-title": "Turkey",
                "include-in-export": false,
                "channel-count": 459,
                "category-id": 0
            },
            {
                "source-group-title": "US ABC Network",
                "custom-group-title": "US ABC Network",
                "include-in-export": false,
                "channel-count": 33,
                "category-id": 0
            },
            {
                "source-group-title": "US CBS Network",
                "custom-group-title": "US CBS Network",
                "include-in-export": false,
                "channel-count": 187,
                "category-id": 0
            },
            {
                "source-group-title": "US Fox Network",
                "custom-group-title": "US Fox Network",
                "include-in-export": false,
                "channel-count": 178,
                "category-id": 0
            },
            {
                "source-group-title": "US LIVE EVENTS \/ ESPN+",
                "custom-group-title": "US LIVE EVENTS \/ ESPN+",
                "include-in-export": false,
                "channel-count": 105,
                "category-id": 0
            },
            {
                "source-group-title": "US NBC Network",
                "custom-group-title": "US NBC Network",
                "include-in-export": false,
                "channel-count": 125,
                "category-id": 0
            },
            {
                "source-group-title": "US Sports",
                "custom-group-title": "US Sports",
                "include-in-export": false,
                "channel-count": 292,
                "category-id": 0
            },
            {
                "source-group-title": "Ukraine",
                "custom-group-title": "Ukraine",
                "include-in-export": false,
                "channel-count": 51,
                "category-id": 0
            },
            {
                "source-group-title": "United Kingdom",
                "custom-group-title": "United Kingdom",
                "include-in-export": false,
                "channel-count": 468,
                "category-id": 0
            },
            {
                "source-group-title": "United States",
                "custom-group-title": "United States",
                "include-in-export": false,
                "channel-count": 183,
                "category-id": 0
            },
            {
                "source-group-title": "Uruguay",
                "custom-group-title": "Uruguay",
                "include-in-export": false,
                "channel-count": 46,
                "category-id": 0
            },
            {
                "source-group-title": "VGTV+  NO",
                "custom-group-title": "VGTV+  NO",
                "include-in-export": false,
                "channel-count": 10,
                "category-id": 0
            },
            {
                "source-group-title": "VOD: 4k Movies [Multi-Sub] [Only On 4K Devices]",
                "custom-group-title": "VOD: 4k Movies [Multi-Sub] [Only On 4K Devices]",
                "include-in-export": false,
                "channel-count": 503,
                "category-id": 0
            },
            {
                "source-group-title": "VOD: 4k Old Popular Movies [Multi-Sub] [Only On 4K Devices]",
                "custom-group-title": "VOD: 4k Old Popular Movies [Multi-Sub] [Only On 4K Devices]",
                "include-in-export": false,
                "channel-count": 370,
                "category-id": 0
            },
            {
                "source-group-title": "VOD: Arabic",
                "custom-group-title": "VOD: Arabic",
                "include-in-export": false,
                "channel-count": 1940,
                "category-id": 0
            },
            {
                "source-group-title": "VOD: Astrid Lindgren",
                "custom-group-title": "VOD: Astrid Lindgren",
                "include-in-export": false,
                "channel-count": 25,
                "category-id": 0
            },
            {
                "source-group-title": "VOD: Beck Komplett Kollektion",
                "custom-group-title": "VOD: Beck Komplett Kollektion",
                "include-in-export": false,
                "channel-count": 54,
                "category-id": 0
            },
            {
                "source-group-title": "VOD: Box set [Multi-Sub]",
                "custom-group-title": "VOD: Box set [Multi-Sub]",
                "include-in-export": false,
                "channel-count": 341,
                "category-id": 0
            },
            {
                "source-group-title": "VOD: Bud Spencer",
                "custom-group-title": "VOD: Bud Spencer",
                "include-in-export": false,
                "channel-count": 32,
                "category-id": 0
            },
            {
                "source-group-title": "VOD: Cheech and Chong",
                "custom-group-title": "VOD: Cheech and Chong",
                "include-in-export": false,
                "channel-count": 7,
                "category-id": 0
            },
            {
                "source-group-title": "VOD: Christmas Movies [Multi-Sub]",
                "custom-group-title": "VOD: Christmas Movies [Multi-Sub]",
                "include-in-export": false,
                "channel-count": 154,
                "category-id": 0
            },
            {
                "source-group-title": "VOD: Crtani Filmovi [Ex-yu]",
                "custom-group-title": "VOD: Crtani Filmovi [Ex-yu]",
                "include-in-export": false,
                "channel-count": 397,
                "category-id": 0
            },
            {
                "source-group-title": "VOD: Danske - Norska - Suomalainen Film",
                "custom-group-title": "VOD: Danske - Norska - Suomalainen Film",
                "include-in-export": false,
                "channel-count": 507,
                "category-id": 0
            },
            {
                "source-group-title": "VOD: Disney [Ar-Eng] [Multi-Audio]",
                "custom-group-title": "VOD: Disney [Ar-Eng] [Multi-Audio]",
                "include-in-export": false,
                "channel-count": 117,
                "category-id": 0
            },
            {
                "source-group-title": "VOD: Disney [ENG]",
                "custom-group-title": "VOD: Disney [ENG]",
                "include-in-export": false,
                "channel-count": 560,
                "category-id": 0
            },
            {
                "source-group-title": "VOD: English Movies [Arabic Subtitle]",
                "custom-group-title": "VOD: English Movies [Arabic Subtitle]",
                "include-in-export": false,
                "channel-count": 2925,
                "category-id": 0
            },
            {
                "source-group-title": "VOD: English Movies [Czech Subtitle]",
                "custom-group-title": "VOD: English Movies [Czech Subtitle]",
                "include-in-export": false,
                "channel-count": 28,
                "category-id": 0
            },
            {
                "source-group-title": "VOD: English Movies [Kurdish Subtitle]",
                "custom-group-title": "VOD: English Movies [Kurdish Subtitle]",
                "include-in-export": false,
                "channel-count": 44,
                "category-id": 0
            },
            {
                "source-group-title": "VOD: Events",
                "custom-group-title": "VOD: Events",
                "include-in-export": false,
                "channel-count": 661,
                "category-id": 0
            },
            {
                "source-group-title": "VOD: Germany",
                "custom-group-title": "VOD: Germany",
                "include-in-export": false,
                "channel-count": 21,
                "category-id": 0
            },
            {
                "source-group-title": "VOD: Halloween Movies",
                "custom-group-title": "VOD: Halloween Movies",
                "include-in-export": false,
                "channel-count": 41,
                "category-id": 0
            },
            {
                "source-group-title": "VOD: IMDB Top Movies [Multi-Sub]",
                "custom-group-title": "VOD: IMDB Top Movies [Multi-Sub]",
                "include-in-export": false,
                "channel-count": 241,
                "category-id": 0
            },
            {
                "source-group-title": "VOD: India",
                "custom-group-title": "VOD: India",
                "include-in-export": false,
                "channel-count": 217,
                "category-id": 0
            },
            {
                "source-group-title": "VOD: Iran",
                "custom-group-title": "VOD: Iran",
                "include-in-export": false,
                "channel-count": 180,
                "category-id": 0
            },
            {
                "source-group-title": "VOD: Jackie Chan Collection [AR-SUB]",
                "custom-group-title": "VOD: Jackie Chan Collection [AR-SUB]",
                "include-in-export": false,
                "channel-count": 74,
                "category-id": 0
            },
            {
                "source-group-title": "VOD: James Bond Collection",
                "custom-group-title": "VOD: James Bond Collection",
                "include-in-export": false,
                "channel-count": 25,
                "category-id": 0
            },
            {
                "source-group-title": "VOD: Johan Falk",
                "custom-group-title": "VOD: Johan Falk",
                "include-in-export": false,
                "channel-count": 17,
                "category-id": 0
            },
            {
                "source-group-title": "VOD: Kids Movies",
                "custom-group-title": "VOD: Kids Movies",
                "include-in-export": false,
                "channel-count": 920,
                "category-id": 0
            },
            {
                "source-group-title": "VOD: Kommisarie Montalbano",
                "custom-group-title": "VOD: Kommisarie Montalbano",
                "include-in-export": false,
                "channel-count": 31,
                "category-id": 0
            },
            {
                "source-group-title": "VOD: Music Concerts",
                "custom-group-title": "VOD: Music Concerts",
                "include-in-export": false,
                "channel-count": 927,
                "category-id": 0
            },
            {
                "source-group-title": "VOD: N1 Sports Events Replays",
                "custom-group-title": "VOD: N1 Sports Events Replays",
                "include-in-export": false,
                "channel-count": 1129,
                "category-id": 0
            },
            {
                "source-group-title": "VOD: Old Popular Movies [Multi-Sub]",
                "custom-group-title": "VOD: Old Popular Movies [Multi-Sub]",
                "include-in-export": false,
                "channel-count": 7251,
                "category-id": 0
            },
            {
                "source-group-title": "VOD: Polska",
                "custom-group-title": "VOD: Polska",
                "include-in-export": false,
                "channel-count": 945,
                "category-id": 0
            },
            {
                "source-group-title": "VOD: Premiere Cinemas [Multi-Sub]",
                "custom-group-title": "VOD: Premiere Cinemas [Multi-Sub]",
                "include-in-export": false,
                "channel-count": 4484,
                "category-id": 0
            },
            {
                "source-group-title": "VOD: Relaxing Music",
                "custom-group-title": "VOD: Relaxing Music",
                "include-in-export": false,
                "channel-count": 9,
                "category-id": 0
            },
            {
                "source-group-title": "VOD: Svenska",
                "custom-group-title": "VOD: Svenska",
                "include-in-export": false,
                "channel-count": 671,
                "category-id": 0
            },
            {
                "source-group-title": "VOD: Turkey",
                "custom-group-title": "VOD: Turkey",
                "include-in-export": false,
                "channel-count": 195,
                "category-id": 0
            },
            {
                "source-group-title": "VOD: Van Damme Collection",
                "custom-group-title": "VOD: Van Damme Collection",
                "include-in-export": false,
                "channel-count": 41,
                "category-id": 0
            },
            {
                "source-group-title": "VOD: Vietnam",
                "custom-group-title": "VOD: Vietnam",
                "include-in-export": false,
                "channel-count": 63,
                "category-id": 0
            },
            {
                "source-group-title": "VOD: Wallander",
                "custom-group-title": "VOD: Wallander",
                "include-in-export": false,
                "channel-count": 32,
                "category-id": 0
            },
            {
                "source-group-title": "VOD: [Dolby Vision] 4k Movies [Multi-Sub] [Only On Dolby Vision Devices]",
                "custom-group-title": "VOD: [Dolby Vision] 4k Movies [Multi-Sub] [Only On Dolby Vision Devices]",
                "include-in-export": false,
                "channel-count": 20,
                "category-id": 0
            },
            {
                "source-group-title": "VOD: ex-Yu Movies",
                "custom-group-title": "VOD: ex-Yu Movies",
                "include-in-export": false,
                "channel-count": 810,
                "category-id": 0
            },
            {
                "source-group-title": "Venezuela",
                "custom-group-title": "Venezuela",
                "include-in-export": false,
                "channel-count": 63,
                "category-id": 0
            },
            {
                "source-group-title": "Viaplay Sport DK",
                "custom-group-title": "Viaplay Sport DK",
                "include-in-export": false,
                "channel-count": 39,
                "category-id": 0
            },
            {
                "source-group-title": "Viaplay Sport FI",
                "custom-group-title": "Viaplay Sport FI",
                "include-in-export": false,
                "channel-count": 41,
                "category-id": 0
            },
            {
                "source-group-title": "Viaplay Sport IS",
                "custom-group-title": "Viaplay Sport IS",
                "include-in-export": false,
                "channel-count": 50,
                "category-id": 0
            },
            {
                "source-group-title": "Viaplay Sport NL",
                "custom-group-title": "Viaplay Sport NL",
                "include-in-export": false,
                "channel-count": 67,
                "category-id": 0
            },
            {
                "source-group-title": "Viaplay Sport NO",
                "custom-group-title": "Viaplay Sport NO",
                "include-in-export": false,
                "channel-count": 42,
                "category-id": 0
            },
            {
                "source-group-title": "Viaplay Sport PL",
                "custom-group-title": "Viaplay Sport PL",
                "include-in-export": false,
                "channel-count": 19,
                "category-id": 0
            },
            {
                "source-group-title": "Viaplay Sport SE",
                "custom-group-title": "Viaplay Sport SE",
                "include-in-export": false,
                "channel-count": 39,
                "category-id": 0
            },
            {
                "source-group-title": "Viaplay Sport UK",
                "custom-group-title": "Viaplay Sport UK",
                "include-in-export": false,
                "channel-count": 52,
                "category-id": 0
            },
            {
                "source-group-title": "Vietnam",
                "custom-group-title": "Vietnam",
                "include-in-export": false,
                "channel-count": 99,
                "category-id": 0
            },
            {
                "source-group-title": "World Football Events",
                "custom-group-title": "World Football Events",
                "include-in-export": false,
                "channel-count": 40,
                "category-id": 0
            },
            {
                "source-group-title": "World PPV Fights",
                "custom-group-title": "World PPV Fights",
                "include-in-export": false,
                "channel-count": 40,
                "category-id": 0
            },
            {
                "source-group-title": "World Padel Tour TV",
                "custom-group-title": "World Padel Tour TV",
                "include-in-export": false,
                "channel-count": 1,
                "category-id": 0
            }
        ]
    }
}
Received Data:
[
    {
        "source-group-title": "24\/7 Danish",
        "include-in-export": true
    }
]
Received Data:
[
    {
        "source-group-title": "24\/7 Germany",
        "include-in-export": true
    }
]
Received Data:
[
    {
        "source-group-title": "24\/7 Movies",
        "include-in-export": true
    }
]
Received Data:
[
    {
        "source-group-title": "24\/7 Norwegian",
        "include-in-export": true
    }
]
Received Data:
[
    {
        "source-group-title": "24\/7 Spain",
        "include-in-export": true
    }
]
Received Data:
[
    {
        "source-group-title": "24\/7 Danish",
        "custom-group-title": "24\/7 Danis"
    }
]
Received Data:
[
    {
        "source-group-title": "24\/7 Danish",
        "custom-group-title": "24\/7 Dani"
    }
]
Received Data:
[
    {
        "source-group-title": "24\/7 Danish",
        "custom-group-title": "24\/7 Dan"
    }
]
Received Data:
[
    {
        "source-group-title": "24\/7 Danish",
        "custom-group-title": "24\/7 Da"
    }
]
Received Data:
[
    {
        "source-group-title": "24\/7 Danish",
        "custom-group-title": "24\/7 D"
    }
]
Received Data:
[
    {
        "source-group-title": "24\/7 Danish",
        "custom-group-title": "24\/7 Da"
    }
]
Received Data:
[
    {
        "source-group-title": "24\/7 Danish",
        "custom-group-title": "24\/7 Dan"
    }
]
Received Data:
[
    {
        "source-group-title": "24\/7 Danish",
        "custom-group-title": "24\/7 Danm"
    }
]
Received Data:
[
    {
        "source-group-title": "24\/7 Danish",
        "custom-group-title": "24\/7 Danma"
    }
]
Received Data:
[
    {
        "source-group-title": "24\/7 Danish",
        "custom-group-title": "24\/7 Danmar"
    }
]
Received Data:
[
    {
        "source-group-title": "24\/7 Danish",
        "custom-group-title": "24\/7 Danmark"
    }
]
Received Data:
[
    {
        "source-group-title": "24\/7 Danish",
        "custom-group-title": "24\/7 Danmark!"
    }
]
Received Data:
[
    {
        "source-group-title": "24\/7 Danish",
        "custom-group-title": "24\/7 Danmark!!"
    }
]
Received Data:
[
    {
        "source-group-title": "24\/7 Danish",
        "category-id": 1
    }
]
Received Data:
[
    {
        "source-group-title": "24\/7 Germany",
        "category-id": 10
    }
]
Received Data:
[
    {
        "source-group-title": "24\/7 Movies",
        "category-id": 10
    }
]
Received Data:
[
    {
        "source-group-title": "24\/7 Norwegian",
        "category-id": 10
    }
]
Received Data:
[
    {
        "source-group-title": "24\/7 Spain",
        "category-id": 99
    }
]
Received Data:
{
    "reset": true,
    "configData": {
        "date": "2025-05-01 08:27",
        "group-count": 204,
        "channel-count-total": 202450,
        "live-channels": [
            {
                "source-group-title": "live-channels",
                "custom-group-title": "live-channels",
                "include-in-export": false,
                "channel-count": 0,
                "category-id": 0
            }
        ],
        "movies": [
            {
                "source-group-title": "movies",
                "custom-group-title": "movies",
                "include-in-export": false,
                "channel-count": 0,
                "category-id": 0
            }
        ],
        "series": [
            {
                "source-group-title": "series",
                "custom-group-title": "series",
                "include-in-export": false,
                "channel-count": 0,
                "category-id": 0
            }
        ],
        "4k-movies": [
            {
                "source-group-title": "4k-movies",
                "custom-group-title": "4k-movies",
                "include-in-export": false,
                "channel-count": 0,
                "category-id": 0
            }
        ],
        "box-sets": [
            {
                "source-group-title": "box-sets",
                "custom-group-title": "box-sets",
                "include-in-export": false,
                "channel-count": 0,
                "category-id": 0
            }
        ],
        "live-sports": [
            {
                "source-group-title": "live-sports",
                "custom-group-title": "live-sports",
                "include-in-export": false,
                "channel-count": 0,
                "category-id": 0
            }
        ],
        "kids-movies": [
            {
                "source-group-title": "kids-movies",
                "custom-group-title": "kids-movies",
                "include-in-export": false,
                "channel-count": 0,
                "category-id": 0
            }
        ],
        "kids-series": [
            {
                "source-group-title": "kids-series",
                "custom-group-title": "kids-series",
                "include-in-export": false,
                "channel-count": 0,
                "category-id": 0
            }
        ],
        "music-events": [
            {
                "source-group-title": "music-events",
                "custom-group-title": "music-events",
                "include-in-export": false,
                "channel-count": 0,
                "category-id": 0
            }
        ],
        "24\/7": [
            {
                "source-group-title": "24\/7",
                "custom-group-title": "24\/7",
                "include-in-export": false,
                "channel-count": 0,
                "category-id": 0
            }
        ],
        "favorites": [
            {
                "source-group-title": "favorites",
                "custom-group-title": "favorites",
                "include-in-export": false,
                "channel-count": 0,
                "category-id": 0
            }
        ],
        "unsorted": [
            {
                "source-group-title": "24\/7 Danish",
                "custom-group-title": "24\/7 Danish",
                "include-in-export": false,
                "channel-count": 67,
                "category-id": 0
            },
            {
                "source-group-title": "24\/7 Germany",
                "custom-group-title": "24\/7 Germany",
                "include-in-export": false,
                "channel-count": 90,
                "category-id": 0
            },
            {
                "source-group-title": "24\/7 Movies",
                "custom-group-title": "24\/7 Movies",
                "include-in-export": false,
                "channel-count": 74,
                "category-id": 0
            },
            {
                "source-group-title": "24\/7 Norwegian",
                "custom-group-title": "24\/7 Norwegian",
                "include-in-export": false,
                "channel-count": 71,
                "category-id": 0
            },
            {
                "source-group-title": "24\/7 Spain",
                "custom-group-title": "24\/7 Spain",
                "include-in-export": false,
                "channel-count": 91,
                "category-id": 0
            },
            {
                "source-group-title": "24\/7 Swedish",
                "custom-group-title": "24\/7 Swedish",
                "include-in-export": false,
                "channel-count": 161,
                "category-id": 0
            },
            {
                "source-group-title": "24\/7 UK",
                "custom-group-title": "24\/7 UK",
                "include-in-export": false,
                "channel-count": 93,
                "category-id": 0
            },
            {
                "source-group-title": "24\/7 United States",
                "custom-group-title": "24\/7 United States",
                "include-in-export": false,
                "channel-count": 225,
                "category-id": 0
            },
            {
                "source-group-title": "Afghanistan",
                "custom-group-title": "Afghanistan",
                "include-in-export": false,
                "channel-count": 34,
                "category-id": 0
            },
            {
                "source-group-title": "Africa",
                "custom-group-title": "Africa",
                "include-in-export": false,
                "channel-count": 329,
                "category-id": 0
            },
            {
                "source-group-title": "Albania",
                "custom-group-title": "Albania",
                "include-in-export": false,
                "channel-count": 310,
                "category-id": 0
            },
            {
                "source-group-title": "Arabic",
                "custom-group-title": "Arabic",
                "include-in-export": false,
                "channel-count": 385,
                "category-id": 0
            },
            {
                "source-group-title": "Arabic Entertainment",
                "custom-group-title": "Arabic Entertainment",
                "include-in-export": false,
                "channel-count": 237,
                "category-id": 0
            },
            {
                "source-group-title": "Arabic News",
                "custom-group-title": "Arabic News",
                "include-in-export": false,
                "channel-count": 47,
                "category-id": 0
            },
            {
                "source-group-title": "Arabic Sports",
                "custom-group-title": "Arabic Sports",
                "include-in-export": false,
                "channel-count": 144,
                "category-id": 0
            },
            {
                "source-group-title": "Argentina",
                "custom-group-title": "Argentina",
                "include-in-export": false,
                "channel-count": 253,
                "category-id": 0
            },
            {
                "source-group-title": "Armenia",
                "custom-group-title": "Armenia",
                "include-in-export": false,
                "channel-count": 66,
                "category-id": 0
            },
            {
                "source-group-title": "Australia & New Zealand",
                "custom-group-title": "Australia & New Zealand",
                "include-in-export": false,
                "channel-count": 220,
                "category-id": 0
            },
            {
                "source-group-title": "Azerbaijan",
                "custom-group-title": "Azerbaijan",
                "include-in-export": false,
                "channel-count": 13,
                "category-id": 0
            },
            {
                "source-group-title": "Bangladesh",
                "custom-group-title": "Bangladesh",
                "include-in-export": false,
                "channel-count": 47,
                "category-id": 0
            },
            {
                "source-group-title": "Belgium",
                "custom-group-title": "Belgium",
                "include-in-export": false,
                "channel-count": 71,
                "category-id": 0
            },
            {
                "source-group-title": "Bolivia",
                "custom-group-title": "Bolivia",
                "include-in-export": false,
                "channel-count": 65,
                "category-id": 0
            },
            {
                "source-group-title": "Bosnia i Hercegovina",
                "custom-group-title": "Bosnia i Hercegovina",
                "include-in-export": false,
                "channel-count": 126,
                "category-id": 0
            },
            {
                "source-group-title": "Brazil",
                "custom-group-title": "Brazil",
                "include-in-export": false,
                "channel-count": 283,
                "category-id": 0
            },
            {
                "source-group-title": "Bulgaria",
                "custom-group-title": "Bulgaria",
                "include-in-export": false,
                "channel-count": 83,
                "category-id": 0
            },
            {
                "source-group-title": "Cambodia",
                "custom-group-title": "Cambodia",
                "include-in-export": false,
                "channel-count": 5,
                "category-id": 0
            },
            {
                "source-group-title": "Canada",
                "custom-group-title": "Canada",
                "include-in-export": false,
                "channel-count": 168,
                "category-id": 0
            },
            {
                "source-group-title": "Caribbean",
                "custom-group-title": "Caribbean",
                "include-in-export": false,
                "channel-count": 176,
                "category-id": 0
            },
            {
                "source-group-title": "Chile",
                "custom-group-title": "Chile",
                "include-in-export": false,
                "channel-count": 350,
                "category-id": 0
            },
            {
                "source-group-title": "China",
                "custom-group-title": "China",
                "include-in-export": false,
                "channel-count": 24,
                "category-id": 0
            },
            {
                "source-group-title": "Colombia",
                "custom-group-title": "Colombia",
                "include-in-export": false,
                "channel-count": 128,
                "category-id": 0
            },
            {
                "source-group-title": "Czech & Slovakia",
                "custom-group-title": "Czech & Slovakia",
                "include-in-export": false,
                "channel-count": 131,
                "category-id": 0
            },
            {
                "source-group-title": "DAZN CA",
                "custom-group-title": "DAZN CA",
                "include-in-export": false,
                "channel-count": 40,
                "category-id": 0
            },
            {
                "source-group-title": "DAZN DE",
                "custom-group-title": "DAZN DE",
                "include-in-export": false,
                "channel-count": 44,
                "category-id": 0
            },
            {
                "source-group-title": "DAZN ES",
                "custom-group-title": "DAZN ES",
                "include-in-export": false,
                "channel-count": 50,
                "category-id": 0
            },
            {
                "source-group-title": "DAZN FR",
                "custom-group-title": "DAZN FR",
                "include-in-export": false,
                "channel-count": 50,
                "category-id": 0
            },
            {
                "source-group-title": "DAZN IT",
                "custom-group-title": "DAZN IT",
                "include-in-export": false,
                "channel-count": 50,
                "category-id": 0
            },
            {
                "source-group-title": "DAZN SE",
                "custom-group-title": "DAZN SE",
                "include-in-export": false,
                "channel-count": 50,
                "category-id": 0
            },
            {
                "source-group-title": "DYN Sport Event DE",
                "custom-group-title": "DYN Sport Event DE",
                "include-in-export": false,
                "channel-count": 25,
                "category-id": 0
            },
            {
                "source-group-title": "Denmark",
                "custom-group-title": "Denmark",
                "include-in-export": false,
                "channel-count": 219,
                "category-id": 0
            },
            {
                "source-group-title": "Direket Sport Events NO",
                "custom-group-title": "Direket Sport Events NO",
                "include-in-export": false,
                "channel-count": 50,
                "category-id": 0
            },
            {
                "source-group-title": "Discovery+ Sport DE",
                "custom-group-title": "Discovery+ Sport DE",
                "include-in-export": false,
                "channel-count": 34,
                "category-id": 0
            },
            {
                "source-group-title": "Discovery+ Sport NL",
                "custom-group-title": "Discovery+ Sport NL",
                "include-in-export": false,
                "channel-count": 50,
                "category-id": 0
            },
            {
                "source-group-title": "Discovery+ Sport NO",
                "custom-group-title": "Discovery+ Sport NO",
                "include-in-export": false,
                "channel-count": 38,
                "category-id": 0
            },
            {
                "source-group-title": "Discovery+ Sport SE",
                "custom-group-title": "Discovery+ Sport SE",
                "include-in-export": false,
                "channel-count": 131,
                "category-id": 0
            },
            {
                "source-group-title": "Disney Plus SE",
                "custom-group-title": "Disney Plus SE",
                "include-in-export": false,
                "channel-count": 1,
                "category-id": 0
            },
            {
                "source-group-title": "EFL \/ iFOLLOW UK",
                "custom-group-title": "EFL \/ iFOLLOW UK",
                "include-in-export": false,
                "channel-count": 73,
                "category-id": 0
            },
            {
                "source-group-title": "EPL UK",
                "custom-group-title": "EPL UK",
                "include-in-export": false,
                "channel-count": 20,
                "category-id": 0
            },
            {
                "source-group-title": "EX-YU Sport",
                "custom-group-title": "EX-YU Sport",
                "include-in-export": false,
                "channel-count": 95,
                "category-id": 0
            },
            {
                "source-group-title": "Ecuador",
                "custom-group-title": "Ecuador",
                "include-in-export": false,
                "channel-count": 52,
                "category-id": 0
            },
            {
                "source-group-title": "El Salvador",
                "custom-group-title": "El Salvador",
                "include-in-export": false,
                "channel-count": 27,
                "category-id": 0
            },
            {
                "source-group-title": "Elitserien Live SE",
                "custom-group-title": "Elitserien Live SE",
                "include-in-export": false,
                "channel-count": 1,
                "category-id": 0
            },
            {
                "source-group-title": "Estonia",
                "custom-group-title": "Estonia",
                "include-in-export": false,
                "channel-count": 5,
                "category-id": 0
            },
            {
                "source-group-title": "EttanPlay SE",
                "custom-group-title": "EttanPlay SE",
                "include-in-export": false,
                "channel-count": 1,
                "category-id": 0
            },
            {
                "source-group-title": "FANSEAT Events SE",
                "custom-group-title": "FANSEAT Events SE",
                "include-in-export": false,
                "channel-count": 15,
                "category-id": 0
            },
            {
                "source-group-title": "Finland",
                "custom-group-title": "Finland",
                "include-in-export": false,
                "channel-count": 195,
                "category-id": 0
            },
            {
                "source-group-title": "For Adults",
                "custom-group-title": "For Adults",
                "include-in-export": false,
                "channel-count": 1833,
                "category-id": 0
            },
            {
                "source-group-title": "Formula 1 \/ Racing",
                "custom-group-title": "Formula 1 \/ Racing",
                "include-in-export": false,
                "channel-count": 34,
                "category-id": 0
            },
            {
                "source-group-title": "France",
                "custom-group-title": "France",
                "include-in-export": false,
                "channel-count": 267,
                "category-id": 0
            },
            {
                "source-group-title": "Germany",
                "custom-group-title": "Germany",
                "include-in-export": false,
                "channel-count": 353,
                "category-id": 0
            },
            {
                "source-group-title": "Greece",
                "custom-group-title": "Greece",
                "include-in-export": false,
                "channel-count": 99,
                "category-id": 0
            },
            {
                "source-group-title": "Handbollsligan SE",
                "custom-group-title": "Handbollsligan SE",
                "include-in-export": false,
                "channel-count": 2,
                "category-id": 0
            },
            {
                "source-group-title": "Hockey - Metal Ligaen DK",
                "custom-group-title": "Hockey - Metal Ligaen DK",
                "include-in-export": false,
                "channel-count": 4,
                "category-id": 0
            },
            {
                "source-group-title": "HockeyEttan SE",
                "custom-group-title": "HockeyEttan SE",
                "include-in-export": false,
                "channel-count": 15,
                "category-id": 0
            },
            {
                "source-group-title": "Hong Kong",
                "custom-group-title": "Hong Kong",
                "include-in-export": false,
                "channel-count": 18,
                "category-id": 0
            },
            {
                "source-group-title": "Hrvatska",
                "custom-group-title": "Hrvatska",
                "include-in-export": false,
                "channel-count": 172,
                "category-id": 0
            },
            {
                "source-group-title": "Hungary",
                "custom-group-title": "Hungary",
                "include-in-export": false,
                "channel-count": 142,
                "category-id": 0
            },
            {
                "source-group-title": "Iceland",
                "custom-group-title": "Iceland",
                "include-in-export": false,
                "channel-count": 58,
                "category-id": 0
            },
            {
                "source-group-title": "India",
                "custom-group-title": "India",
                "include-in-export": false,
                "channel-count": 477,
                "category-id": 0
            },
            {
                "source-group-title": "Indonesia",
                "custom-group-title": "Indonesia",
                "include-in-export": false,
                "channel-count": 43,
                "category-id": 0
            },
            {
                "source-group-title": "Innebandy SE",
                "custom-group-title": "Innebandy SE",
                "include-in-export": false,
                "channel-count": 38,
                "category-id": 0
            },
            {
                "source-group-title": "Iran",
                "custom-group-title": "Iran",
                "include-in-export": false,
                "channel-count": 200,
                "category-id": 0
            },
            {
                "source-group-title": "Israel",
                "custom-group-title": "Israel",
                "include-in-export": false,
                "channel-count": 78,
                "category-id": 0
            },
            {
                "source-group-title": "Italy",
                "custom-group-title": "Italy",
                "include-in-export": false,
                "channel-count": 234,
                "category-id": 0
            },
            {
                "source-group-title": "Japan",
                "custom-group-title": "Japan",
                "include-in-export": false,
                "channel-count": 28,
                "category-id": 0
            },
            {
                "source-group-title": "Korea",
                "custom-group-title": "Korea",
                "include-in-export": false,
                "channel-count": 73,
                "category-id": 0
            },
            {
                "source-group-title": "Kurdistan",
                "custom-group-title": "Kurdistan",
                "include-in-export": false,
                "channel-count": 314,
                "category-id": 0
            },
            {
                "source-group-title": "LIVEY Sports IS",
                "custom-group-title": "LIVEY Sports IS",
                "include-in-export": false,
                "channel-count": 30,
                "category-id": 0
            },
            {
                "source-group-title": "Latino",
                "custom-group-title": "Latino",
                "include-in-export": false,
                "channel-count": 302,
                "category-id": 0
            },
            {
                "source-group-title": "Lithuania",
                "custom-group-title": "Lithuania",
                "include-in-export": false,
                "channel-count": 30,
                "category-id": 0
            },
            {
                "source-group-title": "MAX Sport DK",
                "custom-group-title": "MAX Sport DK",
                "include-in-export": false,
                "channel-count": 15,
                "category-id": 0
            },
            {
                "source-group-title": "MAX Sport FI",
                "custom-group-title": "MAX Sport FI",
                "include-in-export": false,
                "channel-count": 23,
                "category-id": 0
            },
            {
                "source-group-title": "MLS Soccer US",
                "custom-group-title": "MLS Soccer US",
                "include-in-export": false,
                "channel-count": 34,
                "category-id": 0
            },
            {
                "source-group-title": "MTV Urheilu Events FI",
                "custom-group-title": "MTV Urheilu Events FI",
                "include-in-export": false,
                "channel-count": 16,
                "category-id": 0
            },
            {
                "source-group-title": "Macedonia",
                "custom-group-title": "Macedonia",
                "include-in-export": false,
                "channel-count": 77,
                "category-id": 0
            },
            {
                "source-group-title": "Malaysia",
                "custom-group-title": "Malaysia",
                "include-in-export": false,
                "channel-count": 120,
                "category-id": 0
            },
            {
                "source-group-title": "Malta",
                "custom-group-title": "Malta",
                "include-in-export": false,
                "channel-count": 64,
                "category-id": 0
            },
            {
                "source-group-title": "Max Sports DK",
                "custom-group-title": "Max Sports DK",
                "include-in-export": false,
                "channel-count": 50,
                "category-id": 0
            },
            {
                "source-group-title": "Max Sports NO",
                "custom-group-title": "Max Sports NO",
                "include-in-export": false,
                "channel-count": 1,
                "category-id": 0
            },
            {
                "source-group-title": "Max Sports SE",
                "custom-group-title": "Max Sports SE",
                "include-in-export": false,
                "channel-count": 15,
                "category-id": 0
            },
            {
                "source-group-title": "Mexico",
                "custom-group-title": "Mexico",
                "include-in-export": false,
                "channel-count": 174,
                "category-id": 0
            },
            {
                "source-group-title": "Music Package",
                "custom-group-title": "Music Package",
                "include-in-export": false,
                "channel-count": 106,
                "category-id": 0
            },
            {
                "source-group-title": "Netherlands",
                "custom-group-title": "Netherlands",
                "include-in-export": false,
                "channel-count": 136,
                "category-id": 0
            },
            {
                "source-group-title": "Norway",
                "custom-group-title": "Norway",
                "include-in-export": false,
                "channel-count": 253,
                "category-id": 0
            },
            {
                "source-group-title": "Pakistan",
                "custom-group-title": "Pakistan",
                "include-in-export": false,
                "channel-count": 135,
                "category-id": 0
            },
            {
                "source-group-title": "Paraguay",
                "custom-group-title": "Paraguay",
                "include-in-export": false,
                "channel-count": 45,
                "category-id": 0
            },
            {
                "source-group-title": "Peacock \/ DAZN US",
                "custom-group-title": "Peacock \/ DAZN US",
                "include-in-export": false,
                "channel-count": 48,
                "category-id": 0
            },
            {
                "source-group-title": "Peru",
                "custom-group-title": "Peru",
                "include-in-export": false,
                "channel-count": 189,
                "category-id": 0
            },
            {
                "source-group-title": "Philippines",
                "custom-group-title": "Philippines",
                "include-in-export": false,
                "channel-count": 132,
                "category-id": 0
            },
            {
                "source-group-title": "Poland",
                "custom-group-title": "Poland",
                "include-in-export": false,
                "channel-count": 228,
                "category-id": 0
            },
            {
                "source-group-title": "Portugal",
                "custom-group-title": "Portugal",
                "include-in-export": false,
                "channel-count": 175,
                "category-id": 0
            },
            {
                "source-group-title": "Prime Sports SE",
                "custom-group-title": "Prime Sports SE",
                "include-in-export": false,
                "channel-count": 41,
                "category-id": 0
            },
            {
                "source-group-title": "Romania",
                "custom-group-title": "Romania",
                "include-in-export": false,
                "channel-count": 176,
                "category-id": 0
            },
            {
                "source-group-title": "Russia",
                "custom-group-title": "Russia",
                "include-in-export": false,
                "channel-count": 304,
                "category-id": 0
            },
            {
                "source-group-title": "Ruutu Events FI",
                "custom-group-title": "Ruutu Events FI",
                "include-in-export": false,
                "channel-count": 16,
                "category-id": 0
            },
            {
                "source-group-title": "SPFL - Scottish Football League UK",
                "custom-group-title": "SPFL - Scottish Football League UK",
                "include-in-export": false,
                "channel-count": 18,
                "category-id": 0
            },
            {
                "source-group-title": "Series: Albania",
                "custom-group-title": "Series: Albania",
                "include-in-export": false,
                "channel-count": 72,
                "category-id": 0
            },
            {
                "source-group-title": "Series: Arabic",
                "custom-group-title": "Series: Arabic",
                "include-in-export": false,
                "channel-count": 32585,
                "category-id": 0
            },
            {
                "source-group-title": "Series: Barn",
                "custom-group-title": "Series: Barn",
                "include-in-export": false,
                "channel-count": 17961,
                "category-id": 0
            },
            {
                "source-group-title": "Series: EX-YU",
                "custom-group-title": "Series: EX-YU",
                "include-in-export": false,
                "channel-count": 2106,
                "category-id": 0
            },
            {
                "source-group-title": "Series: English [Arabic-Sub]",
                "custom-group-title": "Series: English [Arabic-Sub]",
                "include-in-export": false,
                "channel-count": 661,
                "category-id": 0
            },
            {
                "source-group-title": "Series: English [Multi-Sub]",
                "custom-group-title": "Series: English [Multi-Sub]",
                "include-in-export": false,
                "channel-count": 81232,
                "category-id": 0
            },
            {
                "source-group-title": "Series: English [Multi-Sub] [4K] [Only On 4K Devices]",
                "custom-group-title": "Series: English [Multi-Sub] [4K] [Only On 4K Devices]",
                "include-in-export": false,
                "channel-count": 718,
                "category-id": 0
            },
            {
                "source-group-title": "Series: Kurdish",
                "custom-group-title": "Series: Kurdish",
                "include-in-export": false,
                "channel-count": 30,
                "category-id": 0
            },
            {
                "source-group-title": "Series: NORDIC",
                "custom-group-title": "Series: NORDIC",
                "include-in-export": false,
                "channel-count": 18967,
                "category-id": 0
            },
            {
                "source-group-title": "Series: Turkey",
                "custom-group-title": "Series: Turkey",
                "include-in-export": false,
                "channel-count": 135,
                "category-id": 0
            },
            {
                "source-group-title": "Series: Turkey [Arabic Sub]",
                "custom-group-title": "Series: Turkey [Arabic Sub]",
                "include-in-export": false,
                "channel-count": 2926,
                "category-id": 0
            },
            {
                "source-group-title": "Slovenia",
                "custom-group-title": "Slovenia",
                "include-in-export": false,
                "channel-count": 73,
                "category-id": 0
            },
            {
                "source-group-title": "Somalia",
                "custom-group-title": "Somalia",
                "include-in-export": false,
                "channel-count": 26,
                "category-id": 0
            },
            {
                "source-group-title": "Spain",
                "custom-group-title": "Spain",
                "include-in-export": false,
                "channel-count": 224,
                "category-id": 0
            },
            {
                "source-group-title": "Speedway - ESS Play SE",
                "custom-group-title": "Speedway - ESS Play SE",
                "include-in-export": false,
                "channel-count": 1,
                "category-id": 0
            },
            {
                "source-group-title": "Sport Package",
                "custom-group-title": "Sport Package",
                "include-in-export": false,
                "channel-count": 86,
                "category-id": 0
            },
            {
                "source-group-title": "SportExpressen\/Aftonbladet SE",
                "custom-group-title": "SportExpressen\/Aftonbladet SE",
                "include-in-export": false,
                "channel-count": 2,
                "category-id": 0
            },
            {
                "source-group-title": "Srbija\/Crna Gora",
                "custom-group-title": "Srbija\/Crna Gora",
                "include-in-export": false,
                "channel-count": 329,
                "category-id": 0
            },
            {
                "source-group-title": "Sri Lanka",
                "custom-group-title": "Sri Lanka",
                "include-in-export": false,
                "channel-count": 23,
                "category-id": 0
            },
            {
                "source-group-title": "Sudan",
                "custom-group-title": "Sudan",
                "include-in-export": false,
                "channel-count": 16,
                "category-id": 0
            },
            {
                "source-group-title": "Super Sports CA",
                "custom-group-title": "Super Sports CA",
                "include-in-export": false,
                "channel-count": 51,
                "category-id": 0
            },
            {
                "source-group-title": "Svensk Hockey SE",
                "custom-group-title": "Svensk Hockey SE",
                "include-in-export": false,
                "channel-count": 252,
                "category-id": 0
            },
            {
                "source-group-title": "Svenskbil Sport \/ Folkrace SE",
                "custom-group-title": "Svenskbil Sport \/ Folkrace SE",
                "include-in-export": false,
                "channel-count": 2,
                "category-id": 0
            },
            {
                "source-group-title": "Sweden",
                "custom-group-title": "Sweden",
                "include-in-export": false,
                "channel-count": 388,
                "category-id": 0
            },
            {
                "source-group-title": "Switzerland",
                "custom-group-title": "Switzerland",
                "include-in-export": false,
                "channel-count": 47,
                "category-id": 0
            },
            {
                "source-group-title": "S\u00edminnSport Events IS",
                "custom-group-title": "S\u00edminnSport Events IS",
                "include-in-export": false,
                "channel-count": 50,
                "category-id": 0
            },
            {
                "source-group-title": "TV2 Play NO",
                "custom-group-title": "TV2 Play NO",
                "include-in-export": false,
                "channel-count": 17,
                "category-id": 0
            },
            {
                "source-group-title": "TV2 Sport DK",
                "custom-group-title": "TV2 Sport DK",
                "include-in-export": false,
                "channel-count": 22,
                "category-id": 0
            },
            {
                "source-group-title": "TV4 Play SE",
                "custom-group-title": "TV4 Play SE",
                "include-in-export": false,
                "channel-count": 18,
                "category-id": 0
            },
            {
                "source-group-title": "Taiwan",
                "custom-group-title": "Taiwan",
                "include-in-export": false,
                "channel-count": 1,
                "category-id": 0
            },
            {
                "source-group-title": "Telia Play Events FI",
                "custom-group-title": "Telia Play Events FI",
                "include-in-export": false,
                "channel-count": 40,
                "category-id": 0
            },
            {
                "source-group-title": "Telia Play Events SE",
                "custom-group-title": "Telia Play Events SE",
                "include-in-export": false,
                "channel-count": 49,
                "category-id": 0
            },
            {
                "source-group-title": "Thailand",
                "custom-group-title": "Thailand",
                "include-in-export": false,
                "channel-count": 284,
                "category-id": 0
            },
            {
                "source-group-title": "Turkey",
                "custom-group-title": "Turkey",
                "include-in-export": false,
                "channel-count": 459,
                "category-id": 0
            },
            {
                "source-group-title": "US ABC Network",
                "custom-group-title": "US ABC Network",
                "include-in-export": false,
                "channel-count": 33,
                "category-id": 0
            },
            {
                "source-group-title": "US CBS Network",
                "custom-group-title": "US CBS Network",
                "include-in-export": false,
                "channel-count": 187,
                "category-id": 0
            },
            {
                "source-group-title": "US Fox Network",
                "custom-group-title": "US Fox Network",
                "include-in-export": false,
                "channel-count": 178,
                "category-id": 0
            },
            {
                "source-group-title": "US LIVE EVENTS \/ ESPN+",
                "custom-group-title": "US LIVE EVENTS \/ ESPN+",
                "include-in-export": false,
                "channel-count": 105,
                "category-id": 0
            },
            {
                "source-group-title": "US NBC Network",
                "custom-group-title": "US NBC Network",
                "include-in-export": false,
                "channel-count": 125,
                "category-id": 0
            },
            {
                "source-group-title": "US Sports",
                "custom-group-title": "US Sports",
                "include-in-export": false,
                "channel-count": 292,
                "category-id": 0
            },
            {
                "source-group-title": "Ukraine",
                "custom-group-title": "Ukraine",
                "include-in-export": false,
                "channel-count": 51,
                "category-id": 0
            },
            {
                "source-group-title": "United Kingdom",
                "custom-group-title": "United Kingdom",
                "include-in-export": false,
                "channel-count": 468,
                "category-id": 0
            },
            {
                "source-group-title": "United States",
                "custom-group-title": "United States",
                "include-in-export": false,
                "channel-count": 183,
                "category-id": 0
            },
            {
                "source-group-title": "Uruguay",
                "custom-group-title": "Uruguay",
                "include-in-export": false,
                "channel-count": 46,
                "category-id": 0
            },
            {
                "source-group-title": "VGTV+  NO",
                "custom-group-title": "VGTV+  NO",
                "include-in-export": false,
                "channel-count": 10,
                "category-id": 0
            },
            {
                "source-group-title": "VOD: 4k Movies [Multi-Sub] [Only On 4K Devices]",
                "custom-group-title": "VOD: 4k Movies [Multi-Sub] [Only On 4K Devices]",
                "include-in-export": false,
                "channel-count": 503,
                "category-id": 0
            },
            {
                "source-group-title": "VOD: 4k Old Popular Movies [Multi-Sub] [Only On 4K Devices]",
                "custom-group-title": "VOD: 4k Old Popular Movies [Multi-Sub] [Only On 4K Devices]",
                "include-in-export": false,
                "channel-count": 370,
                "category-id": 0
            },
            {
                "source-group-title": "VOD: Arabic",
                "custom-group-title": "VOD: Arabic",
                "include-in-export": false,
                "channel-count": 1940,
                "category-id": 0
            },
            {
                "source-group-title": "VOD: Astrid Lindgren",
                "custom-group-title": "VOD: Astrid Lindgren",
                "include-in-export": false,
                "channel-count": 25,
                "category-id": 0
            },
            {
                "source-group-title": "VOD: Beck Komplett Kollektion",
                "custom-group-title": "VOD: Beck Komplett Kollektion",
                "include-in-export": false,
                "channel-count": 54,
                "category-id": 0
            },
            {
                "source-group-title": "VOD: Box set [Multi-Sub]",
                "custom-group-title": "VOD: Box set [Multi-Sub]",
                "include-in-export": false,
                "channel-count": 341,
                "category-id": 0
            },
            {
                "source-group-title": "VOD: Bud Spencer",
                "custom-group-title": "VOD: Bud Spencer",
                "include-in-export": false,
                "channel-count": 32,
                "category-id": 0
            },
            {
                "source-group-title": "VOD: Cheech and Chong",
                "custom-group-title": "VOD: Cheech and Chong",
                "include-in-export": false,
                "channel-count": 7,
                "category-id": 0
            },
            {
                "source-group-title": "VOD: Christmas Movies [Multi-Sub]",
                "custom-group-title": "VOD: Christmas Movies [Multi-Sub]",
                "include-in-export": false,
                "channel-count": 154,
                "category-id": 0
            },
            {
                "source-group-title": "VOD: Crtani Filmovi [Ex-yu]",
                "custom-group-title": "VOD: Crtani Filmovi [Ex-yu]",
                "include-in-export": false,
                "channel-count": 397,
                "category-id": 0
            },
            {
                "source-group-title": "VOD: Danske - Norska - Suomalainen Film",
                "custom-group-title": "VOD: Danske - Norska - Suomalainen Film",
                "include-in-export": false,
                "channel-count": 507,
                "category-id": 0
            },
            {
                "source-group-title": "VOD: Disney [Ar-Eng] [Multi-Audio]",
                "custom-group-title": "VOD: Disney [Ar-Eng] [Multi-Audio]",
                "include-in-export": false,
                "channel-count": 117,
                "category-id": 0
            },
            {
                "source-group-title": "VOD: Disney [ENG]",
                "custom-group-title": "VOD: Disney [ENG]",
                "include-in-export": false,
                "channel-count": 560,
                "category-id": 0
            },
            {
                "source-group-title": "VOD: English Movies [Arabic Subtitle]",
                "custom-group-title": "VOD: English Movies [Arabic Subtitle]",
                "include-in-export": false,
                "channel-count": 2925,
                "category-id": 0
            },
            {
                "source-group-title": "VOD: English Movies [Czech Subtitle]",
                "custom-group-title": "VOD: English Movies [Czech Subtitle]",
                "include-in-export": false,
                "channel-count": 28,
                "category-id": 0
            },
            {
                "source-group-title": "VOD: English Movies [Kurdish Subtitle]",
                "custom-group-title": "VOD: English Movies [Kurdish Subtitle]",
                "include-in-export": false,
                "channel-count": 44,
                "category-id": 0
            },
            {
                "source-group-title": "VOD: Events",
                "custom-group-title": "VOD: Events",
                "include-in-export": false,
                "channel-count": 661,
                "category-id": 0
            },
            {
                "source-group-title": "VOD: Germany",
                "custom-group-title": "VOD: Germany",
                "include-in-export": false,
                "channel-count": 21,
                "category-id": 0
            },
            {
                "source-group-title": "VOD: Halloween Movies",
                "custom-group-title": "VOD: Halloween Movies",
                "include-in-export": false,
                "channel-count": 41,
                "category-id": 0
            },
            {
                "source-group-title": "VOD: IMDB Top Movies [Multi-Sub]",
                "custom-group-title": "VOD: IMDB Top Movies [Multi-Sub]",
                "include-in-export": false,
                "channel-count": 241,
                "category-id": 0
            },
            {
                "source-group-title": "VOD: India",
                "custom-group-title": "VOD: India",
                "include-in-export": false,
                "channel-count": 217,
                "category-id": 0
            },
            {
                "source-group-title": "VOD: Iran",
                "custom-group-title": "VOD: Iran",
                "include-in-export": false,
                "channel-count": 180,
                "category-id": 0
            },
            {
                "source-group-title": "VOD: Jackie Chan Collection [AR-SUB]",
                "custom-group-title": "VOD: Jackie Chan Collection [AR-SUB]",
                "include-in-export": false,
                "channel-count": 74,
                "category-id": 0
            },
            {
                "source-group-title": "VOD: James Bond Collection",
                "custom-group-title": "VOD: James Bond Collection",
                "include-in-export": false,
                "channel-count": 25,
                "category-id": 0
            },
            {
                "source-group-title": "VOD: Johan Falk",
                "custom-group-title": "VOD: Johan Falk",
                "include-in-export": false,
                "channel-count": 17,
                "category-id": 0
            },
            {
                "source-group-title": "VOD: Kids Movies",
                "custom-group-title": "VOD: Kids Movies",
                "include-in-export": false,
                "channel-count": 920,
                "category-id": 0
            },
            {
                "source-group-title": "VOD: Kommisarie Montalbano",
                "custom-group-title": "VOD: Kommisarie Montalbano",
                "include-in-export": false,
                "channel-count": 31,
                "category-id": 0
            },
            {
                "source-group-title": "VOD: Music Concerts",
                "custom-group-title": "VOD: Music Concerts",
                "include-in-export": false,
                "channel-count": 927,
                "category-id": 0
            },
            {
                "source-group-title": "VOD: N1 Sports Events Replays",
                "custom-group-title": "VOD: N1 Sports Events Replays",
                "include-in-export": false,
                "channel-count": 1129,
                "category-id": 0
            },
            {
                "source-group-title": "VOD: Old Popular Movies [Multi-Sub]",
                "custom-group-title": "VOD: Old Popular Movies [Multi-Sub]",
                "include-in-export": false,
                "channel-count": 7251,
                "category-id": 0
            },
            {
                "source-group-title": "VOD: Polska",
                "custom-group-title": "VOD: Polska",
                "include-in-export": false,
                "channel-count": 945,
                "category-id": 0
            },
            {
                "source-group-title": "VOD: Premiere Cinemas [Multi-Sub]",
                "custom-group-title": "VOD: Premiere Cinemas [Multi-Sub]",
                "include-in-export": false,
                "channel-count": 4484,
                "category-id": 0
            },
            {
                "source-group-title": "VOD: Relaxing Music",
                "custom-group-title": "VOD: Relaxing Music",
                "include-in-export": false,
                "channel-count": 9,
                "category-id": 0
            },
            {
                "source-group-title": "VOD: Svenska",
                "custom-group-title": "VOD: Svenska",
                "include-in-export": false,
                "channel-count": 671,
                "category-id": 0
            },
            {
                "source-group-title": "VOD: Turkey",
                "custom-group-title": "VOD: Turkey",
                "include-in-export": false,
                "channel-count": 195,
                "category-id": 0
            },
            {
                "source-group-title": "VOD: Van Damme Collection",
                "custom-group-title": "VOD: Van Damme Collection",
                "include-in-export": false,
                "channel-count": 41,
                "category-id": 0
            },
            {
                "source-group-title": "VOD: Vietnam",
                "custom-group-title": "VOD: Vietnam",
                "include-in-export": false,
                "channel-count": 63,
                "category-id": 0
            },
            {
                "source-group-title": "VOD: Wallander",
                "custom-group-title": "VOD: Wallander",
                "include-in-export": false,
                "channel-count": 32,
                "category-id": 0
            },
            {
                "source-group-title": "VOD: [Dolby Vision] 4k Movies [Multi-Sub] [Only On Dolby Vision Devices]",
                "custom-group-title": "VOD: [Dolby Vision] 4k Movies [Multi-Sub] [Only On Dolby Vision Devices]",
                "include-in-export": false,
                "channel-count": 20,
                "category-id": 0
            },
            {
                "source-group-title": "VOD: ex-Yu Movies",
                "custom-group-title": "VOD: ex-Yu Movies",
                "include-in-export": false,
                "channel-count": 810,
                "category-id": 0
            },
            {
                "source-group-title": "Venezuela",
                "custom-group-title": "Venezuela",
                "include-in-export": false,
                "channel-count": 63,
                "category-id": 0
            },
            {
                "source-group-title": "Viaplay Sport DK",
                "custom-group-title": "Viaplay Sport DK",
                "include-in-export": false,
                "channel-count": 39,
                "category-id": 0
            },
            {
                "source-group-title": "Viaplay Sport FI",
                "custom-group-title": "Viaplay Sport FI",
                "include-in-export": false,
                "channel-count": 41,
                "category-id": 0
            },
            {
                "source-group-title": "Viaplay Sport IS",
                "custom-group-title": "Viaplay Sport IS",
                "include-in-export": false,
                "channel-count": 50,
                "category-id": 0
            },
            {
                "source-group-title": "Viaplay Sport NL",
                "custom-group-title": "Viaplay Sport NL",
                "include-in-export": false,
                "channel-count": 67,
                "category-id": 0
            },
            {
                "source-group-title": "Viaplay Sport NO",
                "custom-group-title": "Viaplay Sport NO",
                "include-in-export": false,
                "channel-count": 42,
                "category-id": 0
            },
            {
                "source-group-title": "Viaplay Sport PL",
                "custom-group-title": "Viaplay Sport PL",
                "include-in-export": false,
                "channel-count": 19,
                "category-id": 0
            },
            {
                "source-group-title": "Viaplay Sport SE",
                "custom-group-title": "Viaplay Sport SE",
                "include-in-export": false,
                "channel-count": 39,
                "category-id": 0
            },
            {
                "source-group-title": "Viaplay Sport UK",
                "custom-group-title": "Viaplay Sport UK",
                "include-in-export": false,
                "channel-count": 52,
                "category-id": 0
            },
            {
                "source-group-title": "Vietnam",
                "custom-group-title": "Vietnam",
                "include-in-export": false,
                "channel-count": 99,
                "category-id": 0
            },
            {
                "source-group-title": "World Football Events",
                "custom-group-title": "World Football Events",
                "include-in-export": false,
                "channel-count": 40,
                "category-id": 0
            },
            {
                "source-group-title": "World PPV Fights",
                "custom-group-title": "World PPV Fights",
                "include-in-export": false,
                "channel-count": 40,
                "category-id": 0
            },
            {
                "source-group-title": "World Padel Tour TV",
                "custom-group-title": "World Padel Tour TV",
                "include-in-export": false,
                "channel-count": 1,
                "category-id": 0
            }
        ]
    }
}
Received Data:
[]
Received Data:
[]
Received Data:
{
    "reset": true,
    "configData": {
        "date": "2025-05-01 08:27",
        "group-count": 204,
        "channel-count-total": 202450,
        "live-channels": [
            {
                "source-group-title": "live-channels",
                "custom-group-title": "live-channels",
                "include-in-export": false,
                "channel-count": 0,
                "category-id": 0
            }
        ],
        "movies": [
            {
                "source-group-title": "movies",
                "custom-group-title": "movies",
                "include-in-export": false,
                "channel-count": 0,
                "category-id": 0
            }
        ],
        "series": [
            {
                "source-group-title": "series",
                "custom-group-title": "series",
                "include-in-export": false,
                "channel-count": 0,
                "category-id": 0
            }
        ],
        "4k-movies": [
            {
                "source-group-title": "4k-movies",
                "custom-group-title": "4k-movies",
                "include-in-export": false,
                "channel-count": 0,
                "category-id": 0
            }
        ],
        "box-sets": [
            {
                "source-group-title": "box-sets",
                "custom-group-title": "box-sets",
                "include-in-export": false,
                "channel-count": 0,
                "category-id": 0
            }
        ],
        "live-sports": [
            {
                "source-group-title": "live-sports",
                "custom-group-title": "live-sports",
                "include-in-export": false,
                "channel-count": 0,
                "category-id": 0
            }
        ],
        "kids-movies": [
            {
                "source-group-title": "kids-movies",
                "custom-group-title": "kids-movies",
                "include-in-export": false,
                "channel-count": 0,
                "category-id": 0
            }
        ],
        "kids-series": [
            {
                "source-group-title": "kids-series",
                "custom-group-title": "kids-series",
                "include-in-export": false,
                "channel-count": 0,
                "category-id": 0
            }
        ],
        "music-events": [
            {
                "source-group-title": "music-events",
                "custom-group-title": "music-events",
                "include-in-export": false,
                "channel-count": 0,
                "category-id": 0
            }
        ],
        "24\/7": [
            {
                "source-group-title": "24\/7",
                "custom-group-title": "24\/7",
                "include-in-export": false,
                "channel-count": 0,
                "category-id": 0
            }
        ],
        "favorites": [
            {
                "source-group-title": "favorites",
                "custom-group-title": "favorites",
                "include-in-export": false,
                "channel-count": 0,
                "category-id": 0
            }
        ],
        "unsorted": [
            {
                "source-group-title": "24\/7 Danish",
                "custom-group-title": "24\/7 Danish",
                "include-in-export": false,
                "channel-count": 67,
                "category-id": 0
            },
            {
                "source-group-title": "24\/7 Germany",
                "custom-group-title": "24\/7 Germany",
                "include-in-export": false,
                "channel-count": 90,
                "category-id": 0
            },
            {
                "source-group-title": "24\/7 Movies",
                "custom-group-title": "24\/7 Movies",
                "include-in-export": false,
                "channel-count": 74,
                "category-id": 0
            },
            {
                "source-group-title": "24\/7 Norwegian",
                "custom-group-title": "24\/7 Norwegian",
                "include-in-export": false,
                "channel-count": 71,
                "category-id": 0
            },
            {
                "source-group-title": "24\/7 Spain",
                "custom-group-title": "24\/7 Spain",
                "include-in-export": false,
                "channel-count": 91,
                "category-id": 0
            },
            {
                "source-group-title": "24\/7 Swedish",
                "custom-group-title": "24\/7 Swedish",
                "include-in-export": false,
                "channel-count": 161,
                "category-id": 0
            },
            {
                "source-group-title": "24\/7 UK",
                "custom-group-title": "24\/7 UK",
                "include-in-export": false,
                "channel-count": 93,
                "category-id": 0
            },
            {
                "source-group-title": "24\/7 United States",
                "custom-group-title": "24\/7 United States",
                "include-in-export": false,
                "channel-count": 225,
                "category-id": 0
            },
            {
                "source-group-title": "Afghanistan",
                "custom-group-title": "Afghanistan",
                "include-in-export": false,
                "channel-count": 34,
                "category-id": 0
            },
            {
                "source-group-title": "Africa",
                "custom-group-title": "Africa",
                "include-in-export": false,
                "channel-count": 329,
                "category-id": 0
            },
            {
                "source-group-title": "Albania",
                "custom-group-title": "Albania",
                "include-in-export": false,
                "channel-count": 310,
                "category-id": 0
            },
            {
                "source-group-title": "Arabic",
                "custom-group-title": "Arabic",
                "include-in-export": false,
                "channel-count": 385,
                "category-id": 0
            },
            {
                "source-group-title": "Arabic Entertainment",
                "custom-group-title": "Arabic Entertainment",
                "include-in-export": false,
                "channel-count": 237,
                "category-id": 0
            },
            {
                "source-group-title": "Arabic News",
                "custom-group-title": "Arabic News",
                "include-in-export": false,
                "channel-count": 47,
                "category-id": 0
            },
            {
                "source-group-title": "Arabic Sports",
                "custom-group-title": "Arabic Sports",
                "include-in-export": false,
                "channel-count": 144,
                "category-id": 0
            },
            {
                "source-group-title": "Argentina",
                "custom-group-title": "Argentina",
                "include-in-export": false,
                "channel-count": 253,
                "category-id": 0
            },
            {
                "source-group-title": "Armenia",
                "custom-group-title": "Armenia",
                "include-in-export": false,
                "channel-count": 66,
                "category-id": 0
            },
            {
                "source-group-title": "Australia & New Zealand",
                "custom-group-title": "Australia & New Zealand",
                "include-in-export": false,
                "channel-count": 220,
                "category-id": 0
            },
            {
                "source-group-title": "Azerbaijan",
                "custom-group-title": "Azerbaijan",
                "include-in-export": false,
                "channel-count": 13,
                "category-id": 0
            },
            {
                "source-group-title": "Bangladesh",
                "custom-group-title": "Bangladesh",
                "include-in-export": false,
                "channel-count": 47,
                "category-id": 0
            },
            {
                "source-group-title": "Belgium",
                "custom-group-title": "Belgium",
                "include-in-export": false,
                "channel-count": 71,
                "category-id": 0
            },
            {
                "source-group-title": "Bolivia",
                "custom-group-title": "Bolivia",
                "include-in-export": false,
                "channel-count": 65,
                "category-id": 0
            },
            {
                "source-group-title": "Bosnia i Hercegovina",
                "custom-group-title": "Bosnia i Hercegovina",
                "include-in-export": false,
                "channel-count": 126,
                "category-id": 0
            },
            {
                "source-group-title": "Brazil",
                "custom-group-title": "Brazil",
                "include-in-export": false,
                "channel-count": 283,
                "category-id": 0
            },
            {
                "source-group-title": "Bulgaria",
                "custom-group-title": "Bulgaria",
                "include-in-export": false,
                "channel-count": 83,
                "category-id": 0
            },
            {
                "source-group-title": "Cambodia",
                "custom-group-title": "Cambodia",
                "include-in-export": false,
                "channel-count": 5,
                "category-id": 0
            },
            {
                "source-group-title": "Canada",
                "custom-group-title": "Canada",
                "include-in-export": false,
                "channel-count": 168,
                "category-id": 0
            },
            {
                "source-group-title": "Caribbean",
                "custom-group-title": "Caribbean",
                "include-in-export": false,
                "channel-count": 176,
                "category-id": 0
            },
            {
                "source-group-title": "Chile",
                "custom-group-title": "Chile",
                "include-in-export": false,
                "channel-count": 350,
                "category-id": 0
            },
            {
                "source-group-title": "China",
                "custom-group-title": "China",
                "include-in-export": false,
                "channel-count": 24,
                "category-id": 0
            },
            {
                "source-group-title": "Colombia",
                "custom-group-title": "Colombia",
                "include-in-export": false,
                "channel-count": 128,
                "category-id": 0
            },
            {
                "source-group-title": "Czech & Slovakia",
                "custom-group-title": "Czech & Slovakia",
                "include-in-export": false,
                "channel-count": 131,
                "category-id": 0
            },
            {
                "source-group-title": "DAZN CA",
                "custom-group-title": "DAZN CA",
                "include-in-export": false,
                "channel-count": 40,
                "category-id": 0
            },
            {
                "source-group-title": "DAZN DE",
                "custom-group-title": "DAZN DE",
                "include-in-export": false,
                "channel-count": 44,
                "category-id": 0
            },
            {
                "source-group-title": "DAZN ES",
                "custom-group-title": "DAZN ES",
                "include-in-export": false,
                "channel-count": 50,
                "category-id": 0
            },
            {
                "source-group-title": "DAZN FR",
                "custom-group-title": "DAZN FR",
                "include-in-export": false,
                "channel-count": 50,
                "category-id": 0
            },
            {
                "source-group-title": "DAZN IT",
                "custom-group-title": "DAZN IT",
                "include-in-export": false,
                "channel-count": 50,
                "category-id": 0
            },
            {
                "source-group-title": "DAZN SE",
                "custom-group-title": "DAZN SE",
                "include-in-export": false,
                "channel-count": 50,
                "category-id": 0
            },
            {
                "source-group-title": "DYN Sport Event DE",
                "custom-group-title": "DYN Sport Event DE",
                "include-in-export": false,
                "channel-count": 25,
                "category-id": 0
            },
            {
                "source-group-title": "Denmark",
                "custom-group-title": "Denmark",
                "include-in-export": false,
                "channel-count": 219,
                "category-id": 0
            },
            {
                "source-group-title": "Direket Sport Events NO",
                "custom-group-title": "Direket Sport Events NO",
                "include-in-export": false,
                "channel-count": 50,
                "category-id": 0
            },
            {
                "source-group-title": "Discovery+ Sport DE",
                "custom-group-title": "Discovery+ Sport DE",
                "include-in-export": false,
                "channel-count": 34,
                "category-id": 0
            },
            {
                "source-group-title": "Discovery+ Sport NL",
                "custom-group-title": "Discovery+ Sport NL",
                "include-in-export": false,
                "channel-count": 50,
                "category-id": 0
            },
            {
                "source-group-title": "Discovery+ Sport NO",
                "custom-group-title": "Discovery+ Sport NO",
                "include-in-export": false,
                "channel-count": 38,
                "category-id": 0
            },
            {
                "source-group-title": "Discovery+ Sport SE",
                "custom-group-title": "Discovery+ Sport SE",
                "include-in-export": false,
                "channel-count": 131,
                "category-id": 0
            },
            {
                "source-group-title": "Disney Plus SE",
                "custom-group-title": "Disney Plus SE",
                "include-in-export": false,
                "channel-count": 1,
                "category-id": 0
            },
            {
                "source-group-title": "EFL \/ iFOLLOW UK",
                "custom-group-title": "EFL \/ iFOLLOW UK",
                "include-in-export": false,
                "channel-count": 73,
                "category-id": 0
            },
            {
                "source-group-title": "EPL UK",
                "custom-group-title": "EPL UK",
                "include-in-export": false,
                "channel-count": 20,
                "category-id": 0
            },
            {
                "source-group-title": "EX-YU Sport",
                "custom-group-title": "EX-YU Sport",
                "include-in-export": false,
                "channel-count": 95,
                "category-id": 0
            },
            {
                "source-group-title": "Ecuador",
                "custom-group-title": "Ecuador",
                "include-in-export": false,
                "channel-count": 52,
                "category-id": 0
            },
            {
                "source-group-title": "El Salvador",
                "custom-group-title": "El Salvador",
                "include-in-export": false,
                "channel-count": 27,
                "category-id": 0
            },
            {
                "source-group-title": "Elitserien Live SE",
                "custom-group-title": "Elitserien Live SE",
                "include-in-export": false,
                "channel-count": 1,
                "category-id": 0
            },
            {
                "source-group-title": "Estonia",
                "custom-group-title": "Estonia",
                "include-in-export": false,
                "channel-count": 5,
                "category-id": 0
            },
            {
                "source-group-title": "EttanPlay SE",
                "custom-group-title": "EttanPlay SE",
                "include-in-export": false,
                "channel-count": 1,
                "category-id": 0
            },
            {
                "source-group-title": "FANSEAT Events SE",
                "custom-group-title": "FANSEAT Events SE",
                "include-in-export": false,
                "channel-count": 15,
                "category-id": 0
            },
            {
                "source-group-title": "Finland",
                "custom-group-title": "Finland",
                "include-in-export": false,
                "channel-count": 195,
                "category-id": 0
            },
            {
                "source-group-title": "For Adults",
                "custom-group-title": "For Adults",
                "include-in-export": false,
                "channel-count": 1833,
                "category-id": 0
            },
            {
                "source-group-title": "Formula 1 \/ Racing",
                "custom-group-title": "Formula 1 \/ Racing",
                "include-in-export": false,
                "channel-count": 34,
                "category-id": 0
            },
            {
                "source-group-title": "France",
                "custom-group-title": "France",
                "include-in-export": false,
                "channel-count": 267,
                "category-id": 0
            },
            {
                "source-group-title": "Germany",
                "custom-group-title": "Germany",
                "include-in-export": false,
                "channel-count": 353,
                "category-id": 0
            },
            {
                "source-group-title": "Greece",
                "custom-group-title": "Greece",
                "include-in-export": false,
                "channel-count": 99,
                "category-id": 0
            },
            {
                "source-group-title": "Handbollsligan SE",
                "custom-group-title": "Handbollsligan SE",
                "include-in-export": false,
                "channel-count": 2,
                "category-id": 0
            },
            {
                "source-group-title": "Hockey - Metal Ligaen DK",
                "custom-group-title": "Hockey - Metal Ligaen DK",
                "include-in-export": false,
                "channel-count": 4,
                "category-id": 0
            },
            {
                "source-group-title": "HockeyEttan SE",
                "custom-group-title": "HockeyEttan SE",
                "include-in-export": false,
                "channel-count": 15,
                "category-id": 0
            },
            {
                "source-group-title": "Hong Kong",
                "custom-group-title": "Hong Kong",
                "include-in-export": false,
                "channel-count": 18,
                "category-id": 0
            },
            {
                "source-group-title": "Hrvatska",
                "custom-group-title": "Hrvatska",
                "include-in-export": false,
                "channel-count": 172,
                "category-id": 0
            },
            {
                "source-group-title": "Hungary",
                "custom-group-title": "Hungary",
                "include-in-export": false,
                "channel-count": 142,
                "category-id": 0
            },
            {
                "source-group-title": "Iceland",
                "custom-group-title": "Iceland",
                "include-in-export": false,
                "channel-count": 58,
                "category-id": 0
            },
            {
                "source-group-title": "India",
                "custom-group-title": "India",
                "include-in-export": false,
                "channel-count": 477,
                "category-id": 0
            },
            {
                "source-group-title": "Indonesia",
                "custom-group-title": "Indonesia",
                "include-in-export": false,
                "channel-count": 43,
                "category-id": 0
            },
            {
                "source-group-title": "Innebandy SE",
                "custom-group-title": "Innebandy SE",
                "include-in-export": false,
                "channel-count": 38,
                "category-id": 0
            },
            {
                "source-group-title": "Iran",
                "custom-group-title": "Iran",
                "include-in-export": false,
                "channel-count": 200,
                "category-id": 0
            },
            {
                "source-group-title": "Israel",
                "custom-group-title": "Israel",
                "include-in-export": false,
                "channel-count": 78,
                "category-id": 0
            },
            {
                "source-group-title": "Italy",
                "custom-group-title": "Italy",
                "include-in-export": false,
                "channel-count": 234,
                "category-id": 0
            },
            {
                "source-group-title": "Japan",
                "custom-group-title": "Japan",
                "include-in-export": false,
                "channel-count": 28,
                "category-id": 0
            },
            {
                "source-group-title": "Korea",
                "custom-group-title": "Korea",
                "include-in-export": false,
                "channel-count": 73,
                "category-id": 0
            },
            {
                "source-group-title": "Kurdistan",
                "custom-group-title": "Kurdistan",
                "include-in-export": false,
                "channel-count": 314,
                "category-id": 0
            },
            {
                "source-group-title": "LIVEY Sports IS",
                "custom-group-title": "LIVEY Sports IS",
                "include-in-export": false,
                "channel-count": 30,
                "category-id": 0
            },
            {
                "source-group-title": "Latino",
                "custom-group-title": "Latino",
                "include-in-export": false,
                "channel-count": 302,
                "category-id": 0
            },
            {
                "source-group-title": "Lithuania",
                "custom-group-title": "Lithuania",
                "include-in-export": false,
                "channel-count": 30,
                "category-id": 0
            },
            {
                "source-group-title": "MAX Sport DK",
                "custom-group-title": "MAX Sport DK",
                "include-in-export": false,
                "channel-count": 15,
                "category-id": 0
            },
            {
                "source-group-title": "MAX Sport FI",
                "custom-group-title": "MAX Sport FI",
                "include-in-export": false,
                "channel-count": 23,
                "category-id": 0
            },
            {
                "source-group-title": "MLS Soccer US",
                "custom-group-title": "MLS Soccer US",
                "include-in-export": false,
                "channel-count": 34,
                "category-id": 0
            },
            {
                "source-group-title": "MTV Urheilu Events FI",
                "custom-group-title": "MTV Urheilu Events FI",
                "include-in-export": false,
                "channel-count": 16,
                "category-id": 0
            },
            {
                "source-group-title": "Macedonia",
                "custom-group-title": "Macedonia",
                "include-in-export": false,
                "channel-count": 77,
                "category-id": 0
            },
            {
                "source-group-title": "Malaysia",
                "custom-group-title": "Malaysia",
                "include-in-export": false,
                "channel-count": 120,
                "category-id": 0
            },
            {
                "source-group-title": "Malta",
                "custom-group-title": "Malta",
                "include-in-export": false,
                "channel-count": 64,
                "category-id": 0
            },
            {
                "source-group-title": "Max Sports DK",
                "custom-group-title": "Max Sports DK",
                "include-in-export": false,
                "channel-count": 50,
                "category-id": 0
            },
            {
                "source-group-title": "Max Sports NO",
                "custom-group-title": "Max Sports NO",
                "include-in-export": false,
                "channel-count": 1,
                "category-id": 0
            },
            {
                "source-group-title": "Max Sports SE",
                "custom-group-title": "Max Sports SE",
                "include-in-export": false,
                "channel-count": 15,
                "category-id": 0
            },
            {
                "source-group-title": "Mexico",
                "custom-group-title": "Mexico",
                "include-in-export": false,
                "channel-count": 174,
                "category-id": 0
            },
            {
                "source-group-title": "Music Package",
                "custom-group-title": "Music Package",
                "include-in-export": false,
                "channel-count": 106,
                "category-id": 0
            },
            {
                "source-group-title": "Netherlands",
                "custom-group-title": "Netherlands",
                "include-in-export": false,
                "channel-count": 136,
                "category-id": 0
            },
            {
                "source-group-title": "Norway",
                "custom-group-title": "Norway",
                "include-in-export": false,
                "channel-count": 253,
                "category-id": 0
            },
            {
                "source-group-title": "Pakistan",
                "custom-group-title": "Pakistan",
                "include-in-export": false,
                "channel-count": 135,
                "category-id": 0
            },
            {
                "source-group-title": "Paraguay",
                "custom-group-title": "Paraguay",
                "include-in-export": false,
                "channel-count": 45,
                "category-id": 0
            },
            {
                "source-group-title": "Peacock \/ DAZN US",
                "custom-group-title": "Peacock \/ DAZN US",
                "include-in-export": false,
                "channel-count": 48,
                "category-id": 0
            },
            {
                "source-group-title": "Peru",
                "custom-group-title": "Peru",
                "include-in-export": false,
                "channel-count": 189,
                "category-id": 0
            },
            {
                "source-group-title": "Philippines",
                "custom-group-title": "Philippines",
                "include-in-export": false,
                "channel-count": 132,
                "category-id": 0
            },
            {
                "source-group-title": "Poland",
                "custom-group-title": "Poland",
                "include-in-export": false,
                "channel-count": 228,
                "category-id": 0
            },
            {
                "source-group-title": "Portugal",
                "custom-group-title": "Portugal",
                "include-in-export": false,
                "channel-count": 175,
                "category-id": 0
            },
            {
                "source-group-title": "Prime Sports SE",
                "custom-group-title": "Prime Sports SE",
                "include-in-export": false,
                "channel-count": 41,
                "category-id": 0
            },
            {
                "source-group-title": "Romania",
                "custom-group-title": "Romania",
                "include-in-export": false,
                "channel-count": 176,
                "category-id": 0
            },
            {
                "source-group-title": "Russia",
                "custom-group-title": "Russia",
                "include-in-export": false,
                "channel-count": 304,
                "category-id": 0
            },
            {
                "source-group-title": "Ruutu Events FI",
                "custom-group-title": "Ruutu Events FI",
                "include-in-export": false,
                "channel-count": 16,
                "category-id": 0
            },
            {
                "source-group-title": "SPFL - Scottish Football League UK",
                "custom-group-title": "SPFL - Scottish Football League UK",
                "include-in-export": false,
                "channel-count": 18,
                "category-id": 0
            },
            {
                "source-group-title": "Series: Albania",
                "custom-group-title": "Series: Albania",
                "include-in-export": false,
                "channel-count": 72,
                "category-id": 0
            },
            {
                "source-group-title": "Series: Arabic",
                "custom-group-title": "Series: Arabic",
                "include-in-export": false,
                "channel-count": 32585,
                "category-id": 0
            },
            {
                "source-group-title": "Series: Barn",
                "custom-group-title": "Series: Barn",
                "include-in-export": false,
                "channel-count": 17961,
                "category-id": 0
            },
            {
                "source-group-title": "Series: EX-YU",
                "custom-group-title": "Series: EX-YU",
                "include-in-export": false,
                "channel-count": 2106,
                "category-id": 0
            },
            {
                "source-group-title": "Series: English [Arabic-Sub]",
                "custom-group-title": "Series: English [Arabic-Sub]",
                "include-in-export": false,
                "channel-count": 661,
                "category-id": 0
            },
            {
                "source-group-title": "Series: English [Multi-Sub]",
                "custom-group-title": "Series: English [Multi-Sub]",
                "include-in-export": false,
                "channel-count": 81232,
                "category-id": 0
            },
            {
                "source-group-title": "Series: English [Multi-Sub] [4K] [Only On 4K Devices]",
                "custom-group-title": "Series: English [Multi-Sub] [4K] [Only On 4K Devices]",
                "include-in-export": false,
                "channel-count": 718,
                "category-id": 0
            },
            {
                "source-group-title": "Series: Kurdish",
                "custom-group-title": "Series: Kurdish",
                "include-in-export": false,
                "channel-count": 30,
                "category-id": 0
            },
            {
                "source-group-title": "Series: NORDIC",
                "custom-group-title": "Series: NORDIC",
                "include-in-export": false,
                "channel-count": 18967,
                "category-id": 0
            },
            {
                "source-group-title": "Series: Turkey",
                "custom-group-title": "Series: Turkey",
                "include-in-export": false,
                "channel-count": 135,
                "category-id": 0
            },
            {
                "source-group-title": "Series: Turkey [Arabic Sub]",
                "custom-group-title": "Series: Turkey [Arabic Sub]",
                "include-in-export": false,
                "channel-count": 2926,
                "category-id": 0
            },
            {
                "source-group-title": "Slovenia",
                "custom-group-title": "Slovenia",
                "include-in-export": false,
                "channel-count": 73,
                "category-id": 0
            },
            {
                "source-group-title": "Somalia",
                "custom-group-title": "Somalia",
                "include-in-export": false,
                "channel-count": 26,
                "category-id": 0
            },
            {
                "source-group-title": "Spain",
                "custom-group-title": "Spain",
                "include-in-export": false,
                "channel-count": 224,
                "category-id": 0
            },
            {
                "source-group-title": "Speedway - ESS Play SE",
                "custom-group-title": "Speedway - ESS Play SE",
                "include-in-export": false,
                "channel-count": 1,
                "category-id": 0
            },
            {
                "source-group-title": "Sport Package",
                "custom-group-title": "Sport Package",
                "include-in-export": false,
                "channel-count": 86,
                "category-id": 0
            },
            {
                "source-group-title": "SportExpressen\/Aftonbladet SE",
                "custom-group-title": "SportExpressen\/Aftonbladet SE",
                "include-in-export": false,
                "channel-count": 2,
                "category-id": 0
            },
            {
                "source-group-title": "Srbija\/Crna Gora",
                "custom-group-title": "Srbija\/Crna Gora",
                "include-in-export": false,
                "channel-count": 329,
                "category-id": 0
            },
            {
                "source-group-title": "Sri Lanka",
                "custom-group-title": "Sri Lanka",
                "include-in-export": false,
                "channel-count": 23,
                "category-id": 0
            },
            {
                "source-group-title": "Sudan",
                "custom-group-title": "Sudan",
                "include-in-export": false,
                "channel-count": 16,
                "category-id": 0
            },
            {
                "source-group-title": "Super Sports CA",
                "custom-group-title": "Super Sports CA",
                "include-in-export": false,
                "channel-count": 51,
                "category-id": 0
            },
            {
                "source-group-title": "Svensk Hockey SE",
                "custom-group-title": "Svensk Hockey SE",
                "include-in-export": false,
                "channel-count": 252,
                "category-id": 0
            },
            {
                "source-group-title": "Svenskbil Sport \/ Folkrace SE",
                "custom-group-title": "Svenskbil Sport \/ Folkrace SE",
                "include-in-export": false,
                "channel-count": 2,
                "category-id": 0
            },
            {
                "source-group-title": "Sweden",
                "custom-group-title": "Sweden",
                "include-in-export": false,
                "channel-count": 388,
                "category-id": 0
            },
            {
                "source-group-title": "Switzerland",
                "custom-group-title": "Switzerland",
                "include-in-export": false,
                "channel-count": 47,
                "category-id": 0
            },
            {
                "source-group-title": "S\u00edminnSport Events IS",
                "custom-group-title": "S\u00edminnSport Events IS",
                "include-in-export": false,
                "channel-count": 50,
                "category-id": 0
            },
            {
                "source-group-title": "TV2 Play NO",
                "custom-group-title": "TV2 Play NO",
                "include-in-export": false,
                "channel-count": 17,
                "category-id": 0
            },
            {
                "source-group-title": "TV2 Sport DK",
                "custom-group-title": "TV2 Sport DK",
                "include-in-export": false,
                "channel-count": 22,
                "category-id": 0
            },
            {
                "source-group-title": "TV4 Play SE",
                "custom-group-title": "TV4 Play SE",
                "include-in-export": false,
                "channel-count": 18,
                "category-id": 0
            },
            {
                "source-group-title": "Taiwan",
                "custom-group-title": "Taiwan",
                "include-in-export": false,
                "channel-count": 1,
                "category-id": 0
            },
            {
                "source-group-title": "Telia Play Events FI",
                "custom-group-title": "Telia Play Events FI",
                "include-in-export": false,
                "channel-count": 40,
                "category-id": 0
            },
            {
                "source-group-title": "Telia Play Events SE",
                "custom-group-title": "Telia Play Events SE",
                "include-in-export": false,
                "channel-count": 49,
                "category-id": 0
            },
            {
                "source-group-title": "Thailand",
                "custom-group-title": "Thailand",
                "include-in-export": false,
                "channel-count": 284,
                "category-id": 0
            },
            {
                "source-group-title": "Turkey",
                "custom-group-title": "Turkey",
                "include-in-export": false,
                "channel-count": 459,
                "category-id": 0
            },
            {
                "source-group-title": "US ABC Network",
                "custom-group-title": "US ABC Network",
                "include-in-export": false,
                "channel-count": 33,
                "category-id": 0
            },
            {
                "source-group-title": "US CBS Network",
                "custom-group-title": "US CBS Network",
                "include-in-export": false,
                "channel-count": 187,
                "category-id": 0
            },
            {
                "source-group-title": "US Fox Network",
                "custom-group-title": "US Fox Network",
                "include-in-export": false,
                "channel-count": 178,
                "category-id": 0
            },
            {
                "source-group-title": "US LIVE EVENTS \/ ESPN+",
                "custom-group-title": "US LIVE EVENTS \/ ESPN+",
                "include-in-export": false,
                "channel-count": 105,
                "category-id": 0
            },
            {
                "source-group-title": "US NBC Network",
                "custom-group-title": "US NBC Network",
                "include-in-export": false,
                "channel-count": 125,
                "category-id": 0
            },
            {
                "source-group-title": "US Sports",
                "custom-group-title": "US Sports",
                "include-in-export": false,
                "channel-count": 292,
                "category-id": 0
            },
            {
                "source-group-title": "Ukraine",
                "custom-group-title": "Ukraine",
                "include-in-export": false,
                "channel-count": 51,
                "category-id": 0
            },
            {
                "source-group-title": "United Kingdom",
                "custom-group-title": "United Kingdom",
                "include-in-export": false,
                "channel-count": 468,
                "category-id": 0
            },
            {
                "source-group-title": "United States",
                "custom-group-title": "United States",
                "include-in-export": false,
                "channel-count": 183,
                "category-id": 0
            },
            {
                "source-group-title": "Uruguay",
                "custom-group-title": "Uruguay",
                "include-in-export": false,
                "channel-count": 46,
                "category-id": 0
            },
            {
                "source-group-title": "VGTV+  NO",
                "custom-group-title": "VGTV+  NO",
                "include-in-export": false,
                "channel-count": 10,
                "category-id": 0
            },
            {
                "source-group-title": "VOD: 4k Movies [Multi-Sub] [Only On 4K Devices]",
                "custom-group-title": "VOD: 4k Movies [Multi-Sub] [Only On 4K Devices]",
                "include-in-export": false,
                "channel-count": 503,
                "category-id": 0
            },
            {
                "source-group-title": "VOD: 4k Old Popular Movies [Multi-Sub] [Only On 4K Devices]",
                "custom-group-title": "VOD: 4k Old Popular Movies [Multi-Sub] [Only On 4K Devices]",
                "include-in-export": false,
                "channel-count": 370,
                "category-id": 0
            },
            {
                "source-group-title": "VOD: Arabic",
                "custom-group-title": "VOD: Arabic",
                "include-in-export": false,
                "channel-count": 1940,
                "category-id": 0
            },
            {
                "source-group-title": "VOD: Astrid Lindgren",
                "custom-group-title": "VOD: Astrid Lindgren",
                "include-in-export": false,
                "channel-count": 25,
                "category-id": 0
            },
            {
                "source-group-title": "VOD: Beck Komplett Kollektion",
                "custom-group-title": "VOD: Beck Komplett Kollektion",
                "include-in-export": false,
                "channel-count": 54,
                "category-id": 0
            },
            {
                "source-group-title": "VOD: Box set [Multi-Sub]",
                "custom-group-title": "VOD: Box set [Multi-Sub]",
                "include-in-export": false,
                "channel-count": 341,
                "category-id": 0
            },
            {
                "source-group-title": "VOD: Bud Spencer",
                "custom-group-title": "VOD: Bud Spencer",
                "include-in-export": false,
                "channel-count": 32,
                "category-id": 0
            },
            {
                "source-group-title": "VOD: Cheech and Chong",
                "custom-group-title": "VOD: Cheech and Chong",
                "include-in-export": false,
                "channel-count": 7,
                "category-id": 0
            },
            {
                "source-group-title": "VOD: Christmas Movies [Multi-Sub]",
                "custom-group-title": "VOD: Christmas Movies [Multi-Sub]",
                "include-in-export": false,
                "channel-count": 154,
                "category-id": 0
            },
            {
                "source-group-title": "VOD: Crtani Filmovi [Ex-yu]",
                "custom-group-title": "VOD: Crtani Filmovi [Ex-yu]",
                "include-in-export": false,
                "channel-count": 397,
                "category-id": 0
            },
            {
                "source-group-title": "VOD: Danske - Norska - Suomalainen Film",
                "custom-group-title": "VOD: Danske - Norska - Suomalainen Film",
                "include-in-export": false,
                "channel-count": 507,
                "category-id": 0
            },
            {
                "source-group-title": "VOD: Disney [Ar-Eng] [Multi-Audio]",
                "custom-group-title": "VOD: Disney [Ar-Eng] [Multi-Audio]",
                "include-in-export": false,
                "channel-count": 117,
                "category-id": 0
            },
            {
                "source-group-title": "VOD: Disney [ENG]",
                "custom-group-title": "VOD: Disney [ENG]",
                "include-in-export": false,
                "channel-count": 560,
                "category-id": 0
            },
            {
                "source-group-title": "VOD: English Movies [Arabic Subtitle]",
                "custom-group-title": "VOD: English Movies [Arabic Subtitle]",
                "include-in-export": false,
                "channel-count": 2925,
                "category-id": 0
            },
            {
                "source-group-title": "VOD: English Movies [Czech Subtitle]",
                "custom-group-title": "VOD: English Movies [Czech Subtitle]",
                "include-in-export": false,
                "channel-count": 28,
                "category-id": 0
            },
            {
                "source-group-title": "VOD: English Movies [Kurdish Subtitle]",
                "custom-group-title": "VOD: English Movies [Kurdish Subtitle]",
                "include-in-export": false,
                "channel-count": 44,
                "category-id": 0
            },
            {
                "source-group-title": "VOD: Events",
                "custom-group-title": "VOD: Events",
                "include-in-export": false,
                "channel-count": 661,
                "category-id": 0
            },
            {
                "source-group-title": "VOD: Germany",
                "custom-group-title": "VOD: Germany",
                "include-in-export": false,
                "channel-count": 21,
                "category-id": 0
            },
            {
                "source-group-title": "VOD: Halloween Movies",
                "custom-group-title": "VOD: Halloween Movies",
                "include-in-export": false,
                "channel-count": 41,
                "category-id": 0
            },
            {
                "source-group-title": "VOD: IMDB Top Movies [Multi-Sub]",
                "custom-group-title": "VOD: IMDB Top Movies [Multi-Sub]",
                "include-in-export": false,
                "channel-count": 241,
                "category-id": 0
            },
            {
                "source-group-title": "VOD: India",
                "custom-group-title": "VOD: India",
                "include-in-export": false,
                "channel-count": 217,
                "category-id": 0
            },
            {
                "source-group-title": "VOD: Iran",
                "custom-group-title": "VOD: Iran",
                "include-in-export": false,
                "channel-count": 180,
                "category-id": 0
            },
            {
                "source-group-title": "VOD: Jackie Chan Collection [AR-SUB]",
                "custom-group-title": "VOD: Jackie Chan Collection [AR-SUB]",
                "include-in-export": false,
                "channel-count": 74,
                "category-id": 0
            },
            {
                "source-group-title": "VOD: James Bond Collection",
                "custom-group-title": "VOD: James Bond Collection",
                "include-in-export": false,
                "channel-count": 25,
                "category-id": 0
            },
            {
                "source-group-title": "VOD: Johan Falk",
                "custom-group-title": "VOD: Johan Falk",
                "include-in-export": false,
                "channel-count": 17,
                "category-id": 0
            },
            {
                "source-group-title": "VOD: Kids Movies",
                "custom-group-title": "VOD: Kids Movies",
                "include-in-export": false,
                "channel-count": 920,
                "category-id": 0
            },
            {
                "source-group-title": "VOD: Kommisarie Montalbano",
                "custom-group-title": "VOD: Kommisarie Montalbano",
                "include-in-export": false,
                "channel-count": 31,
                "category-id": 0
            },
            {
                "source-group-title": "VOD: Music Concerts",
                "custom-group-title": "VOD: Music Concerts",
                "include-in-export": false,
                "channel-count": 927,
                "category-id": 0
            },
            {
                "source-group-title": "VOD: N1 Sports Events Replays",
                "custom-group-title": "VOD: N1 Sports Events Replays",
                "include-in-export": false,
                "channel-count": 1129,
                "category-id": 0
            },
            {
                "source-group-title": "VOD: Old Popular Movies [Multi-Sub]",
                "custom-group-title": "VOD: Old Popular Movies [Multi-Sub]",
                "include-in-export": false,
                "channel-count": 7251,
                "category-id": 0
            },
            {
                "source-group-title": "VOD: Polska",
                "custom-group-title": "VOD: Polska",
                "include-in-export": false,
                "channel-count": 945,
                "category-id": 0
            },
            {
                "source-group-title": "VOD: Premiere Cinemas [Multi-Sub]",
                "custom-group-title": "VOD: Premiere Cinemas [Multi-Sub]",
                "include-in-export": false,
                "channel-count": 4484,
                "category-id": 0
            },
            {
                "source-group-title": "VOD: Relaxing Music",
                "custom-group-title": "VOD: Relaxing Music",
                "include-in-export": false,
                "channel-count": 9,
                "category-id": 0
            },
            {
                "source-group-title": "VOD: Svenska",
                "custom-group-title": "VOD: Svenska",
                "include-in-export": false,
                "channel-count": 671,
                "category-id": 0
            },
            {
                "source-group-title": "VOD: Turkey",
                "custom-group-title": "VOD: Turkey",
                "include-in-export": false,
                "channel-count": 195,
                "category-id": 0
            },
            {
                "source-group-title": "VOD: Van Damme Collection",
                "custom-group-title": "VOD: Van Damme Collection",
                "include-in-export": false,
                "channel-count": 41,
                "category-id": 0
            },
            {
                "source-group-title": "VOD: Vietnam",
                "custom-group-title": "VOD: Vietnam",
                "include-in-export": false,
                "channel-count": 63,
                "category-id": 0
            },
            {
                "source-group-title": "VOD: Wallander",
                "custom-group-title": "VOD: Wallander",
                "include-in-export": false,
                "channel-count": 32,
                "category-id": 0
            },
            {
                "source-group-title": "VOD: [Dolby Vision] 4k Movies [Multi-Sub] [Only On Dolby Vision Devices]",
                "custom-group-title": "VOD: [Dolby Vision] 4k Movies [Multi-Sub] [Only On Dolby Vision Devices]",
                "include-in-export": false,
                "channel-count": 20,
                "category-id": 0
            },
            {
                "source-group-title": "VOD: ex-Yu Movies",
                "custom-group-title": "VOD: ex-Yu Movies",
                "include-in-export": false,
                "channel-count": 810,
                "category-id": 0
            },
            {
                "source-group-title": "Venezuela",
                "custom-group-title": "Venezuela",
                "include-in-export": false,
                "channel-count": 63,
                "category-id": 0
            },
            {
                "source-group-title": "Viaplay Sport DK",
                "custom-group-title": "Viaplay Sport DK",
                "include-in-export": false,
                "channel-count": 39,
                "category-id": 0
            },
            {
                "source-group-title": "Viaplay Sport FI",
                "custom-group-title": "Viaplay Sport FI",
                "include-in-export": false,
                "channel-count": 41,
                "category-id": 0
            },
            {
                "source-group-title": "Viaplay Sport IS",
                "custom-group-title": "Viaplay Sport IS",
                "include-in-export": false,
                "channel-count": 50,
                "category-id": 0
            },
            {
                "source-group-title": "Viaplay Sport NL",
                "custom-group-title": "Viaplay Sport NL",
                "include-in-export": false,
                "channel-count": 67,
                "category-id": 0
            },
            {
                "source-group-title": "Viaplay Sport NO",
                "custom-group-title": "Viaplay Sport NO",
                "include-in-export": false,
                "channel-count": 42,
                "category-id": 0
            },
            {
                "source-group-title": "Viaplay Sport PL",
                "custom-group-title": "Viaplay Sport PL",
                "include-in-export": false,
                "channel-count": 19,
                "category-id": 0
            },
            {
                "source-group-title": "Viaplay Sport SE",
                "custom-group-title": "Viaplay Sport SE",
                "include-in-export": false,
                "channel-count": 39,
                "category-id": 0
            },
            {
                "source-group-title": "Viaplay Sport UK",
                "custom-group-title": "Viaplay Sport UK",
                "include-in-export": false,
                "channel-count": 52,
                "category-id": 0
            },
            {
                "source-group-title": "Vietnam",
                "custom-group-title": "Vietnam",
                "include-in-export": false,
                "channel-count": 99,
                "category-id": 0
            },
            {
                "source-group-title": "World Football Events",
                "custom-group-title": "World Football Events",
                "include-in-export": false,
                "channel-count": 40,
                "category-id": 0
            },
            {
                "source-group-title": "World PPV Fights",
                "custom-group-title": "World PPV Fights",
                "include-in-export": false,
                "channel-count": 40,
                "category-id": 0
            },
            {
                "source-group-title": "World Padel Tour TV",
                "custom-group-title": "World Padel Tour TV",
                "include-in-export": false,
                "channel-count": 1,
                "category-id": 0
            }
        ]
    }
}
Received Data:
{
    "reset": true,
    "configData": {
        "date": "2025-05-01 08:27",
        "group-count": 204,
        "channel-count-total": 202450,
        "live-channels": [
            {
                "source-group-title": "live-channels",
                "custom-group-title": "live-channels",
                "include-in-export": false,
                "channel-count": 0,
                "category-id": 0
            }
        ],
        "movies": [
            {
                "source-group-title": "movies",
                "custom-group-title": "movies",
                "include-in-export": false,
                "channel-count": 0,
                "category-id": 0
            }
        ],
        "series": [
            {
                "source-group-title": "series",
                "custom-group-title": "series",
                "include-in-export": false,
                "channel-count": 0,
                "category-id": 0
            }
        ],
        "4k-movies": [
            {
                "source-group-title": "4k-movies",
                "custom-group-title": "4k-movies",
                "include-in-export": false,
                "channel-count": 0,
                "category-id": 0
            }
        ],
        "box-sets": [
            {
                "source-group-title": "box-sets",
                "custom-group-title": "box-sets",
                "include-in-export": false,
                "channel-count": 0,
                "category-id": 0
            }
        ],
        "live-sports": [
            {
                "source-group-title": "live-sports",
                "custom-group-title": "live-sports",
                "include-in-export": false,
                "channel-count": 0,
                "category-id": 0
            }
        ],
        "kids-movies": [
            {
                "source-group-title": "kids-movies",
                "custom-group-title": "kids-movies",
                "include-in-export": false,
                "channel-count": 0,
                "category-id": 0
            }
        ],
        "kids-series": [
            {
                "source-group-title": "kids-series",
                "custom-group-title": "kids-series",
                "include-in-export": false,
                "channel-count": 0,
                "category-id": 0
            }
        ],
        "music-events": [
            {
                "source-group-title": "music-events",
                "custom-group-title": "music-events",
                "include-in-export": false,
                "channel-count": 0,
                "category-id": 0
            }
        ],
        "24\/7": [
            {
                "source-group-title": "24\/7",
                "custom-group-title": "24\/7",
                "include-in-export": false,
                "channel-count": 0,
                "category-id": 0
            }
        ],
        "favorites": [
            {
                "source-group-title": "favorites",
                "custom-group-title": "favorites",
                "include-in-export": false,
                "channel-count": 0,
                "category-id": 0
            }
        ],
        "unsorted": [
            {
                "source-group-title": "24\/7 Danish",
                "custom-group-title": "24\/7 Danish",
                "include-in-export": false,
                "channel-count": 67,
                "category-id": 0
            },
            {
                "source-group-title": "24\/7 Germany",
                "custom-group-title": "24\/7 Germany",
                "include-in-export": false,
                "channel-count": 90,
                "category-id": 0
            },
            {
                "source-group-title": "24\/7 Movies",
                "custom-group-title": "24\/7 Movies",
                "include-in-export": false,
                "channel-count": 74,
                "category-id": 0
            },
            {
                "source-group-title": "24\/7 Norwegian",
                "custom-group-title": "24\/7 Norwegian",
                "include-in-export": false,
                "channel-count": 71,
                "category-id": 0
            },
            {
                "source-group-title": "24\/7 Spain",
                "custom-group-title": "24\/7 Spain",
                "include-in-export": false,
                "channel-count": 91,
                "category-id": 0
            },
            {
                "source-group-title": "24\/7 Swedish",
                "custom-group-title": "24\/7 Swedish",
                "include-in-export": false,
                "channel-count": 161,
                "category-id": 0
            },
            {
                "source-group-title": "24\/7 UK",
                "custom-group-title": "24\/7 UK",
                "include-in-export": false,
                "channel-count": 93,
                "category-id": 0
            },
            {
                "source-group-title": "24\/7 United States",
                "custom-group-title": "24\/7 United States",
                "include-in-export": false,
                "channel-count": 225,
                "category-id": 0
            },
            {
                "source-group-title": "Afghanistan",
                "custom-group-title": "Afghanistan",
                "include-in-export": false,
                "channel-count": 34,
                "category-id": 0
            },
            {
                "source-group-title": "Africa",
                "custom-group-title": "Africa",
                "include-in-export": false,
                "channel-count": 329,
                "category-id": 0
            },
            {
                "source-group-title": "Albania",
                "custom-group-title": "Albania",
                "include-in-export": false,
                "channel-count": 310,
                "category-id": 0
            },
            {
                "source-group-title": "Arabic",
                "custom-group-title": "Arabic",
                "include-in-export": false,
                "channel-count": 385,
                "category-id": 0
            },
            {
                "source-group-title": "Arabic Entertainment",
                "custom-group-title": "Arabic Entertainment",
                "include-in-export": false,
                "channel-count": 237,
                "category-id": 0
            },
            {
                "source-group-title": "Arabic News",
                "custom-group-title": "Arabic News",
                "include-in-export": false,
                "channel-count": 47,
                "category-id": 0
            },
            {
                "source-group-title": "Arabic Sports",
                "custom-group-title": "Arabic Sports",
                "include-in-export": false,
                "channel-count": 144,
                "category-id": 0
            },
            {
                "source-group-title": "Argentina",
                "custom-group-title": "Argentina",
                "include-in-export": false,
                "channel-count": 253,
                "category-id": 0
            },
            {
                "source-group-title": "Armenia",
                "custom-group-title": "Armenia",
                "include-in-export": false,
                "channel-count": 66,
                "category-id": 0
            },
            {
                "source-group-title": "Australia & New Zealand",
                "custom-group-title": "Australia & New Zealand",
                "include-in-export": false,
                "channel-count": 220,
                "category-id": 0
            },
            {
                "source-group-title": "Azerbaijan",
                "custom-group-title": "Azerbaijan",
                "include-in-export": false,
                "channel-count": 13,
                "category-id": 0
            },
            {
                "source-group-title": "Bangladesh",
                "custom-group-title": "Bangladesh",
                "include-in-export": false,
                "channel-count": 47,
                "category-id": 0
            },
            {
                "source-group-title": "Belgium",
                "custom-group-title": "Belgium",
                "include-in-export": false,
                "channel-count": 71,
                "category-id": 0
            },
            {
                "source-group-title": "Bolivia",
                "custom-group-title": "Bolivia",
                "include-in-export": false,
                "channel-count": 65,
                "category-id": 0
            },
            {
                "source-group-title": "Bosnia i Hercegovina",
                "custom-group-title": "Bosnia i Hercegovina",
                "include-in-export": false,
                "channel-count": 126,
                "category-id": 0
            },
            {
                "source-group-title": "Brazil",
                "custom-group-title": "Brazil",
                "include-in-export": false,
                "channel-count": 283,
                "category-id": 0
            },
            {
                "source-group-title": "Bulgaria",
                "custom-group-title": "Bulgaria",
                "include-in-export": false,
                "channel-count": 83,
                "category-id": 0
            },
            {
                "source-group-title": "Cambodia",
                "custom-group-title": "Cambodia",
                "include-in-export": false,
                "channel-count": 5,
                "category-id": 0
            },
            {
                "source-group-title": "Canada",
                "custom-group-title": "Canada",
                "include-in-export": false,
                "channel-count": 168,
                "category-id": 0
            },
            {
                "source-group-title": "Caribbean",
                "custom-group-title": "Caribbean",
                "include-in-export": false,
                "channel-count": 176,
                "category-id": 0
            },
            {
                "source-group-title": "Chile",
                "custom-group-title": "Chile",
                "include-in-export": false,
                "channel-count": 350,
                "category-id": 0
            },
            {
                "source-group-title": "China",
                "custom-group-title": "China",
                "include-in-export": false,
                "channel-count": 24,
                "category-id": 0
            },
            {
                "source-group-title": "Colombia",
                "custom-group-title": "Colombia",
                "include-in-export": false,
                "channel-count": 128,
                "category-id": 0
            },
            {
                "source-group-title": "Czech & Slovakia",
                "custom-group-title": "Czech & Slovakia",
                "include-in-export": false,
                "channel-count": 131,
                "category-id": 0
            },
            {
                "source-group-title": "DAZN CA",
                "custom-group-title": "DAZN CA",
                "include-in-export": false,
                "channel-count": 40,
                "category-id": 0
            },
            {
                "source-group-title": "DAZN DE",
                "custom-group-title": "DAZN DE",
                "include-in-export": false,
                "channel-count": 44,
                "category-id": 0
            },
            {
                "source-group-title": "DAZN ES",
                "custom-group-title": "DAZN ES",
                "include-in-export": false,
                "channel-count": 50,
                "category-id": 0
            },
            {
                "source-group-title": "DAZN FR",
                "custom-group-title": "DAZN FR",
                "include-in-export": false,
                "channel-count": 50,
                "category-id": 0
            },
            {
                "source-group-title": "DAZN IT",
                "custom-group-title": "DAZN IT",
                "include-in-export": false,
                "channel-count": 50,
                "category-id": 0
            },
            {
                "source-group-title": "DAZN SE",
                "custom-group-title": "DAZN SE",
                "include-in-export": false,
                "channel-count": 50,
                "category-id": 0
            },
            {
                "source-group-title": "DYN Sport Event DE",
                "custom-group-title": "DYN Sport Event DE",
                "include-in-export": false,
                "channel-count": 25,
                "category-id": 0
            },
            {
                "source-group-title": "Denmark",
                "custom-group-title": "Denmark",
                "include-in-export": false,
                "channel-count": 219,
                "category-id": 0
            },
            {
                "source-group-title": "Direket Sport Events NO",
                "custom-group-title": "Direket Sport Events NO",
                "include-in-export": false,
                "channel-count": 50,
                "category-id": 0
            },
            {
                "source-group-title": "Discovery+ Sport DE",
                "custom-group-title": "Discovery+ Sport DE",
                "include-in-export": false,
                "channel-count": 34,
                "category-id": 0
            },
            {
                "source-group-title": "Discovery+ Sport NL",
                "custom-group-title": "Discovery+ Sport NL",
                "include-in-export": false,
                "channel-count": 50,
                "category-id": 0
            },
            {
                "source-group-title": "Discovery+ Sport NO",
                "custom-group-title": "Discovery+ Sport NO",
                "include-in-export": false,
                "channel-count": 38,
                "category-id": 0
            },
            {
                "source-group-title": "Discovery+ Sport SE",
                "custom-group-title": "Discovery+ Sport SE",
                "include-in-export": false,
                "channel-count": 131,
                "category-id": 0
            },
            {
                "source-group-title": "Disney Plus SE",
                "custom-group-title": "Disney Plus SE",
                "include-in-export": false,
                "channel-count": 1,
                "category-id": 0
            },
            {
                "source-group-title": "EFL \/ iFOLLOW UK",
                "custom-group-title": "EFL \/ iFOLLOW UK",
                "include-in-export": false,
                "channel-count": 73,
                "category-id": 0
            },
            {
                "source-group-title": "EPL UK",
                "custom-group-title": "EPL UK",
                "include-in-export": false,
                "channel-count": 20,
                "category-id": 0
            },
            {
                "source-group-title": "EX-YU Sport",
                "custom-group-title": "EX-YU Sport",
                "include-in-export": false,
                "channel-count": 95,
                "category-id": 0
            },
            {
                "source-group-title": "Ecuador",
                "custom-group-title": "Ecuador",
                "include-in-export": false,
                "channel-count": 52,
                "category-id": 0
            },
            {
                "source-group-title": "El Salvador",
                "custom-group-title": "El Salvador",
                "include-in-export": false,
                "channel-count": 27,
                "category-id": 0
            },
            {
                "source-group-title": "Elitserien Live SE",
                "custom-group-title": "Elitserien Live SE",
                "include-in-export": false,
                "channel-count": 1,
                "category-id": 0
            },
            {
                "source-group-title": "Estonia",
                "custom-group-title": "Estonia",
                "include-in-export": false,
                "channel-count": 5,
                "category-id": 0
            },
            {
                "source-group-title": "EttanPlay SE",
                "custom-group-title": "EttanPlay SE",
                "include-in-export": false,
                "channel-count": 1,
                "category-id": 0
            },
            {
                "source-group-title": "FANSEAT Events SE",
                "custom-group-title": "FANSEAT Events SE",
                "include-in-export": false,
                "channel-count": 15,
                "category-id": 0
            },
            {
                "source-group-title": "Finland",
                "custom-group-title": "Finland",
                "include-in-export": false,
                "channel-count": 195,
                "category-id": 0
            },
            {
                "source-group-title": "For Adults",
                "custom-group-title": "For Adults",
                "include-in-export": false,
                "channel-count": 1833,
                "category-id": 0
            },
            {
                "source-group-title": "Formula 1 \/ Racing",
                "custom-group-title": "Formula 1 \/ Racing",
                "include-in-export": false,
                "channel-count": 34,
                "category-id": 0
            },
            {
                "source-group-title": "France",
                "custom-group-title": "France",
                "include-in-export": false,
                "channel-count": 267,
                "category-id": 0
            },
            {
                "source-group-title": "Germany",
                "custom-group-title": "Germany",
                "include-in-export": false,
                "channel-count": 353,
                "category-id": 0
            },
            {
                "source-group-title": "Greece",
                "custom-group-title": "Greece",
                "include-in-export": false,
                "channel-count": 99,
                "category-id": 0
            },
            {
                "source-group-title": "Handbollsligan SE",
                "custom-group-title": "Handbollsligan SE",
                "include-in-export": false,
                "channel-count": 2,
                "category-id": 0
            },
            {
                "source-group-title": "Hockey - Metal Ligaen DK",
                "custom-group-title": "Hockey - Metal Ligaen DK",
                "include-in-export": false,
                "channel-count": 4,
                "category-id": 0
            },
            {
                "source-group-title": "HockeyEttan SE",
                "custom-group-title": "HockeyEttan SE",
                "include-in-export": false,
                "channel-count": 15,
                "category-id": 0
            },
            {
                "source-group-title": "Hong Kong",
                "custom-group-title": "Hong Kong",
                "include-in-export": false,
                "channel-count": 18,
                "category-id": 0
            },
            {
                "source-group-title": "Hrvatska",
                "custom-group-title": "Hrvatska",
                "include-in-export": false,
                "channel-count": 172,
                "category-id": 0
            },
            {
                "source-group-title": "Hungary",
                "custom-group-title": "Hungary",
                "include-in-export": false,
                "channel-count": 142,
                "category-id": 0
            },
            {
                "source-group-title": "Iceland",
                "custom-group-title": "Iceland",
                "include-in-export": false,
                "channel-count": 58,
                "category-id": 0
            },
            {
                "source-group-title": "India",
                "custom-group-title": "India",
                "include-in-export": false,
                "channel-count": 477,
                "category-id": 0
            },
            {
                "source-group-title": "Indonesia",
                "custom-group-title": "Indonesia",
                "include-in-export": false,
                "channel-count": 43,
                "category-id": 0
            },
            {
                "source-group-title": "Innebandy SE",
                "custom-group-title": "Innebandy SE",
                "include-in-export": false,
                "channel-count": 38,
                "category-id": 0
            },
            {
                "source-group-title": "Iran",
                "custom-group-title": "Iran",
                "include-in-export": false,
                "channel-count": 200,
                "category-id": 0
            },
            {
                "source-group-title": "Israel",
                "custom-group-title": "Israel",
                "include-in-export": false,
                "channel-count": 78,
                "category-id": 0
            },
            {
                "source-group-title": "Italy",
                "custom-group-title": "Italy",
                "include-in-export": false,
                "channel-count": 234,
                "category-id": 0
            },
            {
                "source-group-title": "Japan",
                "custom-group-title": "Japan",
                "include-in-export": false,
                "channel-count": 28,
                "category-id": 0
            },
            {
                "source-group-title": "Korea",
                "custom-group-title": "Korea",
                "include-in-export": false,
                "channel-count": 73,
                "category-id": 0
            },
            {
                "source-group-title": "Kurdistan",
                "custom-group-title": "Kurdistan",
                "include-in-export": false,
                "channel-count": 314,
                "category-id": 0
            },
            {
                "source-group-title": "LIVEY Sports IS",
                "custom-group-title": "LIVEY Sports IS",
                "include-in-export": false,
                "channel-count": 30,
                "category-id": 0
            },
            {
                "source-group-title": "Latino",
                "custom-group-title": "Latino",
                "include-in-export": false,
                "channel-count": 302,
                "category-id": 0
            },
            {
                "source-group-title": "Lithuania",
                "custom-group-title": "Lithuania",
                "include-in-export": false,
                "channel-count": 30,
                "category-id": 0
            },
            {
                "source-group-title": "MAX Sport DK",
                "custom-group-title": "MAX Sport DK",
                "include-in-export": false,
                "channel-count": 15,
                "category-id": 0
            },
            {
                "source-group-title": "MAX Sport FI",
                "custom-group-title": "MAX Sport FI",
                "include-in-export": false,
                "channel-count": 23,
                "category-id": 0
            },
            {
                "source-group-title": "MLS Soccer US",
                "custom-group-title": "MLS Soccer US",
                "include-in-export": false,
                "channel-count": 34,
                "category-id": 0
            },
            {
                "source-group-title": "MTV Urheilu Events FI",
                "custom-group-title": "MTV Urheilu Events FI",
                "include-in-export": false,
                "channel-count": 16,
                "category-id": 0
            },
            {
                "source-group-title": "Macedonia",
                "custom-group-title": "Macedonia",
                "include-in-export": false,
                "channel-count": 77,
                "category-id": 0
            },
            {
                "source-group-title": "Malaysia",
                "custom-group-title": "Malaysia",
                "include-in-export": false,
                "channel-count": 120,
                "category-id": 0
            },
            {
                "source-group-title": "Malta",
                "custom-group-title": "Malta",
                "include-in-export": false,
                "channel-count": 64,
                "category-id": 0
            },
            {
                "source-group-title": "Max Sports DK",
                "custom-group-title": "Max Sports DK",
                "include-in-export": false,
                "channel-count": 50,
                "category-id": 0
            },
            {
                "source-group-title": "Max Sports NO",
                "custom-group-title": "Max Sports NO",
                "include-in-export": false,
                "channel-count": 1,
                "category-id": 0
            },
            {
                "source-group-title": "Max Sports SE",
                "custom-group-title": "Max Sports SE",
                "include-in-export": false,
                "channel-count": 15,
                "category-id": 0
            },
            {
                "source-group-title": "Mexico",
                "custom-group-title": "Mexico",
                "include-in-export": false,
                "channel-count": 174,
                "category-id": 0
            },
            {
                "source-group-title": "Music Package",
                "custom-group-title": "Music Package",
                "include-in-export": false,
                "channel-count": 106,
                "category-id": 0
            },
            {
                "source-group-title": "Netherlands",
                "custom-group-title": "Netherlands",
                "include-in-export": false,
                "channel-count": 136,
                "category-id": 0
            },
            {
                "source-group-title": "Norway",
                "custom-group-title": "Norway",
                "include-in-export": false,
                "channel-count": 253,
                "category-id": 0
            },
            {
                "source-group-title": "Pakistan",
                "custom-group-title": "Pakistan",
                "include-in-export": false,
                "channel-count": 135,
                "category-id": 0
            },
            {
                "source-group-title": "Paraguay",
                "custom-group-title": "Paraguay",
                "include-in-export": false,
                "channel-count": 45,
                "category-id": 0
            },
            {
                "source-group-title": "Peacock \/ DAZN US",
                "custom-group-title": "Peacock \/ DAZN US",
                "include-in-export": false,
                "channel-count": 48,
                "category-id": 0
            },
            {
                "source-group-title": "Peru",
                "custom-group-title": "Peru",
                "include-in-export": false,
                "channel-count": 189,
                "category-id": 0
            },
            {
                "source-group-title": "Philippines",
                "custom-group-title": "Philippines",
                "include-in-export": false,
                "channel-count": 132,
                "category-id": 0
            },
            {
                "source-group-title": "Poland",
                "custom-group-title": "Poland",
                "include-in-export": false,
                "channel-count": 228,
                "category-id": 0
            },
            {
                "source-group-title": "Portugal",
                "custom-group-title": "Portugal",
                "include-in-export": false,
                "channel-count": 175,
                "category-id": 0
            },
            {
                "source-group-title": "Prime Sports SE",
                "custom-group-title": "Prime Sports SE",
                "include-in-export": false,
                "channel-count": 41,
                "category-id": 0
            },
            {
                "source-group-title": "Romania",
                "custom-group-title": "Romania",
                "include-in-export": false,
                "channel-count": 176,
                "category-id": 0
            },
            {
                "source-group-title": "Russia",
                "custom-group-title": "Russia",
                "include-in-export": false,
                "channel-count": 304,
                "category-id": 0
            },
            {
                "source-group-title": "Ruutu Events FI",
                "custom-group-title": "Ruutu Events FI",
                "include-in-export": false,
                "channel-count": 16,
                "category-id": 0
            },
            {
                "source-group-title": "SPFL - Scottish Football League UK",
                "custom-group-title": "SPFL - Scottish Football League UK",
                "include-in-export": false,
                "channel-count": 18,
                "category-id": 0
            },
            {
                "source-group-title": "Series: Albania",
                "custom-group-title": "Series: Albania",
                "include-in-export": false,
                "channel-count": 72,
                "category-id": 0
            },
            {
                "source-group-title": "Series: Arabic",
                "custom-group-title": "Series: Arabic",
                "include-in-export": false,
                "channel-count": 32585,
                "category-id": 0
            },
            {
                "source-group-title": "Series: Barn",
                "custom-group-title": "Series: Barn",
                "include-in-export": false,
                "channel-count": 17961,
                "category-id": 0
            },
            {
                "source-group-title": "Series: EX-YU",
                "custom-group-title": "Series: EX-YU",
                "include-in-export": false,
                "channel-count": 2106,
                "category-id": 0
            },
            {
                "source-group-title": "Series: English [Arabic-Sub]",
                "custom-group-title": "Series: English [Arabic-Sub]",
                "include-in-export": false,
                "channel-count": 661,
                "category-id": 0
            },
            {
                "source-group-title": "Series: English [Multi-Sub]",
                "custom-group-title": "Series: English [Multi-Sub]",
                "include-in-export": false,
                "channel-count": 81232,
                "category-id": 0
            },
            {
                "source-group-title": "Series: English [Multi-Sub] [4K] [Only On 4K Devices]",
                "custom-group-title": "Series: English [Multi-Sub] [4K] [Only On 4K Devices]",
                "include-in-export": false,
                "channel-count": 718,
                "category-id": 0
            },
            {
                "source-group-title": "Series: Kurdish",
                "custom-group-title": "Series: Kurdish",
                "include-in-export": false,
                "channel-count": 30,
                "category-id": 0
            },
            {
                "source-group-title": "Series: NORDIC",
                "custom-group-title": "Series: NORDIC",
                "include-in-export": false,
                "channel-count": 18967,
                "category-id": 0
            },
            {
                "source-group-title": "Series: Turkey",
                "custom-group-title": "Series: Turkey",
                "include-in-export": false,
                "channel-count": 135,
                "category-id": 0
            },
            {
                "source-group-title": "Series: Turkey [Arabic Sub]",
                "custom-group-title": "Series: Turkey [Arabic Sub]",
                "include-in-export": false,
                "channel-count": 2926,
                "category-id": 0
            },
            {
                "source-group-title": "Slovenia",
                "custom-group-title": "Slovenia",
                "include-in-export": false,
                "channel-count": 73,
                "category-id": 0
            },
            {
                "source-group-title": "Somalia",
                "custom-group-title": "Somalia",
                "include-in-export": false,
                "channel-count": 26,
                "category-id": 0
            },
            {
                "source-group-title": "Spain",
                "custom-group-title": "Spain",
                "include-in-export": false,
                "channel-count": 224,
                "category-id": 0
            },
            {
                "source-group-title": "Speedway - ESS Play SE",
                "custom-group-title": "Speedway - ESS Play SE",
                "include-in-export": false,
                "channel-count": 1,
                "category-id": 0
            },
            {
                "source-group-title": "Sport Package",
                "custom-group-title": "Sport Package",
                "include-in-export": false,
                "channel-count": 86,
                "category-id": 0
            },
            {
                "source-group-title": "SportExpressen\/Aftonbladet SE",
                "custom-group-title": "SportExpressen\/Aftonbladet SE",
                "include-in-export": false,
                "channel-count": 2,
                "category-id": 0
            },
            {
                "source-group-title": "Srbija\/Crna Gora",
                "custom-group-title": "Srbija\/Crna Gora",
                "include-in-export": false,
                "channel-count": 329,
                "category-id": 0
            },
            {
                "source-group-title": "Sri Lanka",
                "custom-group-title": "Sri Lanka",
                "include-in-export": false,
                "channel-count": 23,
                "category-id": 0
            },
            {
                "source-group-title": "Sudan",
                "custom-group-title": "Sudan",
                "include-in-export": false,
                "channel-count": 16,
                "category-id": 0
            },
            {
                "source-group-title": "Super Sports CA",
                "custom-group-title": "Super Sports CA",
                "include-in-export": false,
                "channel-count": 51,
                "category-id": 0
            },
            {
                "source-group-title": "Svensk Hockey SE",
                "custom-group-title": "Svensk Hockey SE",
                "include-in-export": false,
                "channel-count": 252,
                "category-id": 0
            },
            {
                "source-group-title": "Svenskbil Sport \/ Folkrace SE",
                "custom-group-title": "Svenskbil Sport \/ Folkrace SE",
                "include-in-export": false,
                "channel-count": 2,
                "category-id": 0
            },
            {
                "source-group-title": "Sweden",
                "custom-group-title": "Sweden",
                "include-in-export": false,
                "channel-count": 388,
                "category-id": 0
            },
            {
                "source-group-title": "Switzerland",
                "custom-group-title": "Switzerland",
                "include-in-export": false,
                "channel-count": 47,
                "category-id": 0
            },
            {
                "source-group-title": "S\u00edminnSport Events IS",
                "custom-group-title": "S\u00edminnSport Events IS",
                "include-in-export": false,
                "channel-count": 50,
                "category-id": 0
            },
            {
                "source-group-title": "TV2 Play NO",
                "custom-group-title": "TV2 Play NO",
                "include-in-export": false,
                "channel-count": 17,
                "category-id": 0
            },
            {
                "source-group-title": "TV2 Sport DK",
                "custom-group-title": "TV2 Sport DK",
                "include-in-export": false,
                "channel-count": 22,
                "category-id": 0
            },
            {
                "source-group-title": "TV4 Play SE",
                "custom-group-title": "TV4 Play SE",
                "include-in-export": false,
                "channel-count": 18,
                "category-id": 0
            },
            {
                "source-group-title": "Taiwan",
                "custom-group-title": "Taiwan",
                "include-in-export": false,
                "channel-count": 1,
                "category-id": 0
            },
            {
                "source-group-title": "Telia Play Events FI",
                "custom-group-title": "Telia Play Events FI",
                "include-in-export": false,
                "channel-count": 40,
                "category-id": 0
            },
            {
                "source-group-title": "Telia Play Events SE",
                "custom-group-title": "Telia Play Events SE",
                "include-in-export": false,
                "channel-count": 49,
                "category-id": 0
            },
            {
                "source-group-title": "Thailand",
                "custom-group-title": "Thailand",
                "include-in-export": false,
                "channel-count": 284,
                "category-id": 0
            },
            {
                "source-group-title": "Turkey",
                "custom-group-title": "Turkey",
                "include-in-export": false,
                "channel-count": 459,
                "category-id": 0
            },
            {
                "source-group-title": "US ABC Network",
                "custom-group-title": "US ABC Network",
                "include-in-export": false,
                "channel-count": 33,
                "category-id": 0
            },
            {
                "source-group-title": "US CBS Network",
                "custom-group-title": "US CBS Network",
                "include-in-export": false,
                "channel-count": 187,
                "category-id": 0
            },
            {
                "source-group-title": "US Fox Network",
                "custom-group-title": "US Fox Network",
                "include-in-export": false,
                "channel-count": 178,
                "category-id": 0
            },
            {
                "source-group-title": "US LIVE EVENTS \/ ESPN+",
                "custom-group-title": "US LIVE EVENTS \/ ESPN+",
                "include-in-export": false,
                "channel-count": 105,
                "category-id": 0
            },
            {
                "source-group-title": "US NBC Network",
                "custom-group-title": "US NBC Network",
                "include-in-export": false,
                "channel-count": 125,
                "category-id": 0
            },
            {
                "source-group-title": "US Sports",
                "custom-group-title": "US Sports",
                "include-in-export": false,
                "channel-count": 292,
                "category-id": 0
            },
            {
                "source-group-title": "Ukraine",
                "custom-group-title": "Ukraine",
                "include-in-export": false,
                "channel-count": 51,
                "category-id": 0
            },
            {
                "source-group-title": "United Kingdom",
                "custom-group-title": "United Kingdom",
                "include-in-export": false,
                "channel-count": 468,
                "category-id": 0
            },
            {
                "source-group-title": "United States",
                "custom-group-title": "United States",
                "include-in-export": false,
                "channel-count": 183,
                "category-id": 0
            },
            {
                "source-group-title": "Uruguay",
                "custom-group-title": "Uruguay",
                "include-in-export": false,
                "channel-count": 46,
                "category-id": 0
            },
            {
                "source-group-title": "VGTV+  NO",
                "custom-group-title": "VGTV+  NO",
                "include-in-export": false,
                "channel-count": 10,
                "category-id": 0
            },
            {
                "source-group-title": "VOD: 4k Movies [Multi-Sub] [Only On 4K Devices]",
                "custom-group-title": "VOD: 4k Movies [Multi-Sub] [Only On 4K Devices]",
                "include-in-export": false,
                "channel-count": 503,
                "category-id": 0
            },
            {
                "source-group-title": "VOD: 4k Old Popular Movies [Multi-Sub] [Only On 4K Devices]",
                "custom-group-title": "VOD: 4k Old Popular Movies [Multi-Sub] [Only On 4K Devices]",
                "include-in-export": false,
                "channel-count": 370,
                "category-id": 0
            },
            {
                "source-group-title": "VOD: Arabic",
                "custom-group-title": "VOD: Arabic",
                "include-in-export": false,
                "channel-count": 1940,
                "category-id": 0
            },
            {
                "source-group-title": "VOD: Astrid Lindgren",
                "custom-group-title": "VOD: Astrid Lindgren",
                "include-in-export": false,
                "channel-count": 25,
                "category-id": 0
            },
            {
                "source-group-title": "VOD: Beck Komplett Kollektion",
                "custom-group-title": "VOD: Beck Komplett Kollektion",
                "include-in-export": false,
                "channel-count": 54,
                "category-id": 0
            },
            {
                "source-group-title": "VOD: Box set [Multi-Sub]",
                "custom-group-title": "VOD: Box set [Multi-Sub]",
                "include-in-export": false,
                "channel-count": 341,
                "category-id": 0
            },
            {
                "source-group-title": "VOD: Bud Spencer",
                "custom-group-title": "VOD: Bud Spencer",
                "include-in-export": false,
                "channel-count": 32,
                "category-id": 0
            },
            {
                "source-group-title": "VOD: Cheech and Chong",
                "custom-group-title": "VOD: Cheech and Chong",
                "include-in-export": false,
                "channel-count": 7,
                "category-id": 0
            },
            {
                "source-group-title": "VOD: Christmas Movies [Multi-Sub]",
                "custom-group-title": "VOD: Christmas Movies [Multi-Sub]",
                "include-in-export": false,
                "channel-count": 154,
                "category-id": 0
            },
            {
                "source-group-title": "VOD: Crtani Filmovi [Ex-yu]",
                "custom-group-title": "VOD: Crtani Filmovi [Ex-yu]",
                "include-in-export": false,
                "channel-count": 397,
                "category-id": 0
            },
            {
                "source-group-title": "VOD: Danske - Norska - Suomalainen Film",
                "custom-group-title": "VOD: Danske - Norska - Suomalainen Film",
                "include-in-export": false,
                "channel-count": 507,
                "category-id": 0
            },
            {
                "source-group-title": "VOD: Disney [Ar-Eng] [Multi-Audio]",
                "custom-group-title": "VOD: Disney [Ar-Eng] [Multi-Audio]",
                "include-in-export": false,
                "channel-count": 117,
                "category-id": 0
            },
            {
                "source-group-title": "VOD: Disney [ENG]",
                "custom-group-title": "VOD: Disney [ENG]",
                "include-in-export": false,
                "channel-count": 560,
                "category-id": 0
            },
            {
                "source-group-title": "VOD: English Movies [Arabic Subtitle]",
                "custom-group-title": "VOD: English Movies [Arabic Subtitle]",
                "include-in-export": false,
                "channel-count": 2925,
                "category-id": 0
            },
            {
                "source-group-title": "VOD: English Movies [Czech Subtitle]",
                "custom-group-title": "VOD: English Movies [Czech Subtitle]",
                "include-in-export": false,
                "channel-count": 28,
                "category-id": 0
            },
            {
                "source-group-title": "VOD: English Movies [Kurdish Subtitle]",
                "custom-group-title": "VOD: English Movies [Kurdish Subtitle]",
                "include-in-export": false,
                "channel-count": 44,
                "category-id": 0
            },
            {
                "source-group-title": "VOD: Events",
                "custom-group-title": "VOD: Events",
                "include-in-export": false,
                "channel-count": 661,
                "category-id": 0
            },
            {
                "source-group-title": "VOD: Germany",
                "custom-group-title": "VOD: Germany",
                "include-in-export": false,
                "channel-count": 21,
                "category-id": 0
            },
            {
                "source-group-title": "VOD: Halloween Movies",
                "custom-group-title": "VOD: Halloween Movies",
                "include-in-export": false,
                "channel-count": 41,
                "category-id": 0
            },
            {
                "source-group-title": "VOD: IMDB Top Movies [Multi-Sub]",
                "custom-group-title": "VOD: IMDB Top Movies [Multi-Sub]",
                "include-in-export": false,
                "channel-count": 241,
                "category-id": 0
            },
            {
                "source-group-title": "VOD: India",
                "custom-group-title": "VOD: India",
                "include-in-export": false,
                "channel-count": 217,
                "category-id": 0
            },
            {
                "source-group-title": "VOD: Iran",
                "custom-group-title": "VOD: Iran",
                "include-in-export": false,
                "channel-count": 180,
                "category-id": 0
            },
            {
                "source-group-title": "VOD: Jackie Chan Collection [AR-SUB]",
                "custom-group-title": "VOD: Jackie Chan Collection [AR-SUB]",
                "include-in-export": false,
                "channel-count": 74,
                "category-id": 0
            },
            {
                "source-group-title": "VOD: James Bond Collection",
                "custom-group-title": "VOD: James Bond Collection",
                "include-in-export": false,
                "channel-count": 25,
                "category-id": 0
            },
            {
                "source-group-title": "VOD: Johan Falk",
                "custom-group-title": "VOD: Johan Falk",
                "include-in-export": false,
                "channel-count": 17,
                "category-id": 0
            },
            {
                "source-group-title": "VOD: Kids Movies",
                "custom-group-title": "VOD: Kids Movies",
                "include-in-export": false,
                "channel-count": 920,
                "category-id": 0
            },
            {
                "source-group-title": "VOD: Kommisarie Montalbano",
                "custom-group-title": "VOD: Kommisarie Montalbano",
                "include-in-export": false,
                "channel-count": 31,
                "category-id": 0
            },
            {
                "source-group-title": "VOD: Music Concerts",
                "custom-group-title": "VOD: Music Concerts",
                "include-in-export": false,
                "channel-count": 927,
                "category-id": 0
            },
            {
                "source-group-title": "VOD: N1 Sports Events Replays",
                "custom-group-title": "VOD: N1 Sports Events Replays",
                "include-in-export": false,
                "channel-count": 1129,
                "category-id": 0
            },
            {
                "source-group-title": "VOD: Old Popular Movies [Multi-Sub]",
                "custom-group-title": "VOD: Old Popular Movies [Multi-Sub]",
                "include-in-export": false,
                "channel-count": 7251,
                "category-id": 0
            },
            {
                "source-group-title": "VOD: Polska",
                "custom-group-title": "VOD: Polska",
                "include-in-export": false,
                "channel-count": 945,
                "category-id": 0
            },
            {
                "source-group-title": "VOD: Premiere Cinemas [Multi-Sub]",
                "custom-group-title": "VOD: Premiere Cinemas [Multi-Sub]",
                "include-in-export": false,
                "channel-count": 4484,
                "category-id": 0
            },
            {
                "source-group-title": "VOD: Relaxing Music",
                "custom-group-title": "VOD: Relaxing Music",
                "include-in-export": false,
                "channel-count": 9,
                "category-id": 0
            },
            {
                "source-group-title": "VOD: Svenska",
                "custom-group-title": "VOD: Svenska",
                "include-in-export": false,
                "channel-count": 671,
                "category-id": 0
            },
            {
                "source-group-title": "VOD: Turkey",
                "custom-group-title": "VOD: Turkey",
                "include-in-export": false,
                "channel-count": 195,
                "category-id": 0
            },
            {
                "source-group-title": "VOD: Van Damme Collection",
                "custom-group-title": "VOD: Van Damme Collection",
                "include-in-export": false,
                "channel-count": 41,
                "category-id": 0
            },
            {
                "source-group-title": "VOD: Vietnam",
                "custom-group-title": "VOD: Vietnam",
                "include-in-export": false,
                "channel-count": 63,
                "category-id": 0
            },
            {
                "source-group-title": "VOD: Wallander",
                "custom-group-title": "VOD: Wallander",
                "include-in-export": false,
                "channel-count": 32,
                "category-id": 0
            },
            {
                "source-group-title": "VOD: [Dolby Vision] 4k Movies [Multi-Sub] [Only On Dolby Vision Devices]",
                "custom-group-title": "VOD: [Dolby Vision] 4k Movies [Multi-Sub] [Only On Dolby Vision Devices]",
                "include-in-export": false,
                "channel-count": 20,
                "category-id": 0
            },
            {
                "source-group-title": "VOD: ex-Yu Movies",
                "custom-group-title": "VOD: ex-Yu Movies",
                "include-in-export": false,
                "channel-count": 810,
                "category-id": 0
            },
            {
                "source-group-title": "Venezuela",
                "custom-group-title": "Venezuela",
                "include-in-export": false,
                "channel-count": 63,
                "category-id": 0
            },
            {
                "source-group-title": "Viaplay Sport DK",
                "custom-group-title": "Viaplay Sport DK",
                "include-in-export": false,
                "channel-count": 39,
                "category-id": 0
            },
            {
                "source-group-title": "Viaplay Sport FI",
                "custom-group-title": "Viaplay Sport FI",
                "include-in-export": false,
                "channel-count": 41,
                "category-id": 0
            },
            {
                "source-group-title": "Viaplay Sport IS",
                "custom-group-title": "Viaplay Sport IS",
                "include-in-export": false,
                "channel-count": 50,
                "category-id": 0
            },
            {
                "source-group-title": "Viaplay Sport NL",
                "custom-group-title": "Viaplay Sport NL",
                "include-in-export": false,
                "channel-count": 67,
                "category-id": 0
            },
            {
                "source-group-title": "Viaplay Sport NO",
                "custom-group-title": "Viaplay Sport NO",
                "include-in-export": false,
                "channel-count": 42,
                "category-id": 0
            },
            {
                "source-group-title": "Viaplay Sport PL",
                "custom-group-title": "Viaplay Sport PL",
                "include-in-export": false,
                "channel-count": 19,
                "category-id": 0
            },
            {
                "source-group-title": "Viaplay Sport SE",
                "custom-group-title": "Viaplay Sport SE",
                "include-in-export": false,
                "channel-count": 39,
                "category-id": 0
            },
            {
                "source-group-title": "Viaplay Sport UK",
                "custom-group-title": "Viaplay Sport UK",
                "include-in-export": false,
                "channel-count": 52,
                "category-id": 0
            },
            {
                "source-group-title": "Vietnam",
                "custom-group-title": "Vietnam",
                "include-in-export": false,
                "channel-count": 99,
                "category-id": 0
            },
            {
                "source-group-title": "World Football Events",
                "custom-group-title": "World Football Events",
                "include-in-export": false,
                "channel-count": 40,
                "category-id": 0
            },
            {
                "source-group-title": "World PPV Fights",
                "custom-group-title": "World PPV Fights",
                "include-in-export": false,
                "channel-count": 40,
                "category-id": 0
            },
            {
                "source-group-title": "World Padel Tour TV",
                "custom-group-title": "World Padel Tour TV",
                "include-in-export": false,
                "channel-count": 1,
                "category-id": 0
            }
        ]
    }
}
Received Data:
{
    "reset": true,
    "configData": {
        "date": "2025-05-01 08:27",
        "group-count": 204,
        "channel-count-total": 202450,
        "live-channels": [
            {
                "source-group-title": "live-channels",
                "custom-group-title": "live-channels",
                "include-in-export": false,
                "channel-count": 0,
                "category-id": 0
            }
        ],
        "movies": [
            {
                "source-group-title": "movies",
                "custom-group-title": "movies",
                "include-in-export": false,
                "channel-count": 0,
                "category-id": 0
            }
        ],
        "series": [
            {
                "source-group-title": "series",
                "custom-group-title": "series",
                "include-in-export": false,
                "channel-count": 0,
                "category-id": 0
            }
        ],
        "4k-movies": [
            {
                "source-group-title": "4k-movies",
                "custom-group-title": "4k-movies",
                "include-in-export": false,
                "channel-count": 0,
                "category-id": 0
            }
        ],
        "box-sets": [
            {
                "source-group-title": "box-sets",
                "custom-group-title": "box-sets",
                "include-in-export": false,
                "channel-count": 0,
                "category-id": 0
            }
        ],
        "live-sports": [
            {
                "source-group-title": "live-sports",
                "custom-group-title": "live-sports",
                "include-in-export": false,
                "channel-count": 0,
                "category-id": 0
            }
        ],
        "kids-movies": [
            {
                "source-group-title": "kids-movies",
                "custom-group-title": "kids-movies",
                "include-in-export": false,
                "channel-count": 0,
                "category-id": 0
            }
        ],
        "kids-series": [
            {
                "source-group-title": "kids-series",
                "custom-group-title": "kids-series",
                "include-in-export": false,
                "channel-count": 0,
                "category-id": 0
            }
        ],
        "music-events": [
            {
                "source-group-title": "music-events",
                "custom-group-title": "music-events",
                "include-in-export": false,
                "channel-count": 0,
                "category-id": 0
            }
        ],
        "24\/7": [
            {
                "source-group-title": "24\/7",
                "custom-group-title": "24\/7",
                "include-in-export": false,
                "channel-count": 0,
                "category-id": 0
            }
        ],
        "favorites": [
            {
                "source-group-title": "favorites",
                "custom-group-title": "favorites",
                "include-in-export": false,
                "channel-count": 0,
                "category-id": 0
            }
        ],
        "unsorted": [
            {
                "source-group-title": "24\/7 Danish",
                "custom-group-title": "24\/7 Danish",
                "include-in-export": false,
                "channel-count": 67,
                "category-id": 0
            },
            {
                "source-group-title": "24\/7 Germany",
                "custom-group-title": "24\/7 Germany",
                "include-in-export": false,
                "channel-count": 90,
                "category-id": 0
            },
            {
                "source-group-title": "24\/7 Movies",
                "custom-group-title": "24\/7 Movies",
                "include-in-export": false,
                "channel-count": 74,
                "category-id": 0
            },
            {
                "source-group-title": "24\/7 Norwegian",
                "custom-group-title": "24\/7 Norwegian",
                "include-in-export": false,
                "channel-count": 71,
                "category-id": 0
            },
            {
                "source-group-title": "24\/7 Spain",
                "custom-group-title": "24\/7 Spain",
                "include-in-export": false,
                "channel-count": 91,
                "category-id": 0
            },
            {
                "source-group-title": "24\/7 Swedish",
                "custom-group-title": "24\/7 Swedish",
                "include-in-export": false,
                "channel-count": 161,
                "category-id": 0
            },
            {
                "source-group-title": "24\/7 UK",
                "custom-group-title": "24\/7 UK",
                "include-in-export": false,
                "channel-count": 93,
                "category-id": 0
            },
            {
                "source-group-title": "24\/7 United States",
                "custom-group-title": "24\/7 United States",
                "include-in-export": false,
                "channel-count": 225,
                "category-id": 0
            },
            {
                "source-group-title": "Afghanistan",
                "custom-group-title": "Afghanistan",
                "include-in-export": false,
                "channel-count": 34,
                "category-id": 0
            },
            {
                "source-group-title": "Africa",
                "custom-group-title": "Africa",
                "include-in-export": false,
                "channel-count": 329,
                "category-id": 0
            },
            {
                "source-group-title": "Albania",
                "custom-group-title": "Albania",
                "include-in-export": false,
                "channel-count": 310,
                "category-id": 0
            },
            {
                "source-group-title": "Arabic",
                "custom-group-title": "Arabic",
                "include-in-export": false,
                "channel-count": 385,
                "category-id": 0
            },
            {
                "source-group-title": "Arabic Entertainment",
                "custom-group-title": "Arabic Entertainment",
                "include-in-export": false,
                "channel-count": 237,
                "category-id": 0
            },
            {
                "source-group-title": "Arabic News",
                "custom-group-title": "Arabic News",
                "include-in-export": false,
                "channel-count": 47,
                "category-id": 0
            },
            {
                "source-group-title": "Arabic Sports",
                "custom-group-title": "Arabic Sports",
                "include-in-export": false,
                "channel-count": 144,
                "category-id": 0
            },
            {
                "source-group-title": "Argentina",
                "custom-group-title": "Argentina",
                "include-in-export": false,
                "channel-count": 253,
                "category-id": 0
            },
            {
                "source-group-title": "Armenia",
                "custom-group-title": "Armenia",
                "include-in-export": false,
                "channel-count": 66,
                "category-id": 0
            },
            {
                "source-group-title": "Australia & New Zealand",
                "custom-group-title": "Australia & New Zealand",
                "include-in-export": false,
                "channel-count": 220,
                "category-id": 0
            },
            {
                "source-group-title": "Azerbaijan",
                "custom-group-title": "Azerbaijan",
                "include-in-export": false,
                "channel-count": 13,
                "category-id": 0
            },
            {
                "source-group-title": "Bangladesh",
                "custom-group-title": "Bangladesh",
                "include-in-export": false,
                "channel-count": 47,
                "category-id": 0
            },
            {
                "source-group-title": "Belgium",
                "custom-group-title": "Belgium",
                "include-in-export": false,
                "channel-count": 71,
                "category-id": 0
            },
            {
                "source-group-title": "Bolivia",
                "custom-group-title": "Bolivia",
                "include-in-export": false,
                "channel-count": 65,
                "category-id": 0
            },
            {
                "source-group-title": "Bosnia i Hercegovina",
                "custom-group-title": "Bosnia i Hercegovina",
                "include-in-export": false,
                "channel-count": 126,
                "category-id": 0
            },
            {
                "source-group-title": "Brazil",
                "custom-group-title": "Brazil",
                "include-in-export": false,
                "channel-count": 283,
                "category-id": 0
            },
            {
                "source-group-title": "Bulgaria",
                "custom-group-title": "Bulgaria",
                "include-in-export": false,
                "channel-count": 83,
                "category-id": 0
            },
            {
                "source-group-title": "Cambodia",
                "custom-group-title": "Cambodia",
                "include-in-export": false,
                "channel-count": 5,
                "category-id": 0
            },
            {
                "source-group-title": "Canada",
                "custom-group-title": "Canada",
                "include-in-export": false,
                "channel-count": 168,
                "category-id": 0
            },
            {
                "source-group-title": "Caribbean",
                "custom-group-title": "Caribbean",
                "include-in-export": false,
                "channel-count": 176,
                "category-id": 0
            },
            {
                "source-group-title": "Chile",
                "custom-group-title": "Chile",
                "include-in-export": false,
                "channel-count": 350,
                "category-id": 0
            },
            {
                "source-group-title": "China",
                "custom-group-title": "China",
                "include-in-export": false,
                "channel-count": 24,
                "category-id": 0
            },
            {
                "source-group-title": "Colombia",
                "custom-group-title": "Colombia",
                "include-in-export": false,
                "channel-count": 128,
                "category-id": 0
            },
            {
                "source-group-title": "Czech & Slovakia",
                "custom-group-title": "Czech & Slovakia",
                "include-in-export": false,
                "channel-count": 131,
                "category-id": 0
            },
            {
                "source-group-title": "DAZN CA",
                "custom-group-title": "DAZN CA",
                "include-in-export": false,
                "channel-count": 40,
                "category-id": 0
            },
            {
                "source-group-title": "DAZN DE",
                "custom-group-title": "DAZN DE",
                "include-in-export": false,
                "channel-count": 44,
                "category-id": 0
            },
            {
                "source-group-title": "DAZN ES",
                "custom-group-title": "DAZN ES",
                "include-in-export": false,
                "channel-count": 50,
                "category-id": 0
            },
            {
                "source-group-title": "DAZN FR",
                "custom-group-title": "DAZN FR",
                "include-in-export": false,
                "channel-count": 50,
                "category-id": 0
            },
            {
                "source-group-title": "DAZN IT",
                "custom-group-title": "DAZN IT",
                "include-in-export": false,
                "channel-count": 50,
                "category-id": 0
            },
            {
                "source-group-title": "DAZN SE",
                "custom-group-title": "DAZN SE",
                "include-in-export": false,
                "channel-count": 50,
                "category-id": 0
            },
            {
                "source-group-title": "DYN Sport Event DE",
                "custom-group-title": "DYN Sport Event DE",
                "include-in-export": false,
                "channel-count": 25,
                "category-id": 0
            },
            {
                "source-group-title": "Denmark",
                "custom-group-title": "Denmark",
                "include-in-export": false,
                "channel-count": 219,
                "category-id": 0
            },
            {
                "source-group-title": "Direket Sport Events NO",
                "custom-group-title": "Direket Sport Events NO",
                "include-in-export": false,
                "channel-count": 50,
                "category-id": 0
            },
            {
                "source-group-title": "Discovery+ Sport DE",
                "custom-group-title": "Discovery+ Sport DE",
                "include-in-export": false,
                "channel-count": 34,
                "category-id": 0
            },
            {
                "source-group-title": "Discovery+ Sport NL",
                "custom-group-title": "Discovery+ Sport NL",
                "include-in-export": false,
                "channel-count": 50,
                "category-id": 0
            },
            {
                "source-group-title": "Discovery+ Sport NO",
                "custom-group-title": "Discovery+ Sport NO",
                "include-in-export": false,
                "channel-count": 38,
                "category-id": 0
            },
            {
                "source-group-title": "Discovery+ Sport SE",
                "custom-group-title": "Discovery+ Sport SE",
                "include-in-export": false,
                "channel-count": 131,
                "category-id": 0
            },
            {
                "source-group-title": "Disney Plus SE",
                "custom-group-title": "Disney Plus SE",
                "include-in-export": false,
                "channel-count": 1,
                "category-id": 0
            },
            {
                "source-group-title": "EFL \/ iFOLLOW UK",
                "custom-group-title": "EFL \/ iFOLLOW UK",
                "include-in-export": false,
                "channel-count": 73,
                "category-id": 0
            },
            {
                "source-group-title": "EPL UK",
                "custom-group-title": "EPL UK",
                "include-in-export": false,
                "channel-count": 20,
                "category-id": 0
            },
            {
                "source-group-title": "EX-YU Sport",
                "custom-group-title": "EX-YU Sport",
                "include-in-export": false,
                "channel-count": 95,
                "category-id": 0
            },
            {
                "source-group-title": "Ecuador",
                "custom-group-title": "Ecuador",
                "include-in-export": false,
                "channel-count": 52,
                "category-id": 0
            },
            {
                "source-group-title": "El Salvador",
                "custom-group-title": "El Salvador",
                "include-in-export": false,
                "channel-count": 27,
                "category-id": 0
            },
            {
                "source-group-title": "Elitserien Live SE",
                "custom-group-title": "Elitserien Live SE",
                "include-in-export": false,
                "channel-count": 1,
                "category-id": 0
            },
            {
                "source-group-title": "Estonia",
                "custom-group-title": "Estonia",
                "include-in-export": false,
                "channel-count": 5,
                "category-id": 0
            },
            {
                "source-group-title": "EttanPlay SE",
                "custom-group-title": "EttanPlay SE",
                "include-in-export": false,
                "channel-count": 1,
                "category-id": 0
            },
            {
                "source-group-title": "FANSEAT Events SE",
                "custom-group-title": "FANSEAT Events SE",
                "include-in-export": false,
                "channel-count": 15,
                "category-id": 0
            },
            {
                "source-group-title": "Finland",
                "custom-group-title": "Finland",
                "include-in-export": false,
                "channel-count": 195,
                "category-id": 0
            },
            {
                "source-group-title": "For Adults",
                "custom-group-title": "For Adults",
                "include-in-export": false,
                "channel-count": 1833,
                "category-id": 0
            },
            {
                "source-group-title": "Formula 1 \/ Racing",
                "custom-group-title": "Formula 1 \/ Racing",
                "include-in-export": false,
                "channel-count": 34,
                "category-id": 0
            },
            {
                "source-group-title": "France",
                "custom-group-title": "France",
                "include-in-export": false,
                "channel-count": 267,
                "category-id": 0
            },
            {
                "source-group-title": "Germany",
                "custom-group-title": "Germany",
                "include-in-export": false,
                "channel-count": 353,
                "category-id": 0
            },
            {
                "source-group-title": "Greece",
                "custom-group-title": "Greece",
                "include-in-export": false,
                "channel-count": 99,
                "category-id": 0
            },
            {
                "source-group-title": "Handbollsligan SE",
                "custom-group-title": "Handbollsligan SE",
                "include-in-export": false,
                "channel-count": 2,
                "category-id": 0
            },
            {
                "source-group-title": "Hockey - Metal Ligaen DK",
                "custom-group-title": "Hockey - Metal Ligaen DK",
                "include-in-export": false,
                "channel-count": 4,
                "category-id": 0
            },
            {
                "source-group-title": "HockeyEttan SE",
                "custom-group-title": "HockeyEttan SE",
                "include-in-export": false,
                "channel-count": 15,
                "category-id": 0
            },
            {
                "source-group-title": "Hong Kong",
                "custom-group-title": "Hong Kong",
                "include-in-export": false,
                "channel-count": 18,
                "category-id": 0
            },
            {
                "source-group-title": "Hrvatska",
                "custom-group-title": "Hrvatska",
                "include-in-export": false,
                "channel-count": 172,
                "category-id": 0
            },
            {
                "source-group-title": "Hungary",
                "custom-group-title": "Hungary",
                "include-in-export": false,
                "channel-count": 142,
                "category-id": 0
            },
            {
                "source-group-title": "Iceland",
                "custom-group-title": "Iceland",
                "include-in-export": false,
                "channel-count": 58,
                "category-id": 0
            },
            {
                "source-group-title": "India",
                "custom-group-title": "India",
                "include-in-export": false,
                "channel-count": 477,
                "category-id": 0
            },
            {
                "source-group-title": "Indonesia",
                "custom-group-title": "Indonesia",
                "include-in-export": false,
                "channel-count": 43,
                "category-id": 0
            },
            {
                "source-group-title": "Innebandy SE",
                "custom-group-title": "Innebandy SE",
                "include-in-export": false,
                "channel-count": 38,
                "category-id": 0
            },
            {
                "source-group-title": "Iran",
                "custom-group-title": "Iran",
                "include-in-export": false,
                "channel-count": 200,
                "category-id": 0
            },
            {
                "source-group-title": "Israel",
                "custom-group-title": "Israel",
                "include-in-export": false,
                "channel-count": 78,
                "category-id": 0
            },
            {
                "source-group-title": "Italy",
                "custom-group-title": "Italy",
                "include-in-export": false,
                "channel-count": 234,
                "category-id": 0
            },
            {
                "source-group-title": "Japan",
                "custom-group-title": "Japan",
                "include-in-export": false,
                "channel-count": 28,
                "category-id": 0
            },
            {
                "source-group-title": "Korea",
                "custom-group-title": "Korea",
                "include-in-export": false,
                "channel-count": 73,
                "category-id": 0
            },
            {
                "source-group-title": "Kurdistan",
                "custom-group-title": "Kurdistan",
                "include-in-export": false,
                "channel-count": 314,
                "category-id": 0
            },
            {
                "source-group-title": "LIVEY Sports IS",
                "custom-group-title": "LIVEY Sports IS",
                "include-in-export": false,
                "channel-count": 30,
                "category-id": 0
            },
            {
                "source-group-title": "Latino",
                "custom-group-title": "Latino",
                "include-in-export": false,
                "channel-count": 302,
                "category-id": 0
            },
            {
                "source-group-title": "Lithuania",
                "custom-group-title": "Lithuania",
                "include-in-export": false,
                "channel-count": 30,
                "category-id": 0
            },
            {
                "source-group-title": "MAX Sport DK",
                "custom-group-title": "MAX Sport DK",
                "include-in-export": false,
                "channel-count": 15,
                "category-id": 0
            },
            {
                "source-group-title": "MAX Sport FI",
                "custom-group-title": "MAX Sport FI",
                "include-in-export": false,
                "channel-count": 23,
                "category-id": 0
            },
            {
                "source-group-title": "MLS Soccer US",
                "custom-group-title": "MLS Soccer US",
                "include-in-export": false,
                "channel-count": 34,
                "category-id": 0
            },
            {
                "source-group-title": "MTV Urheilu Events FI",
                "custom-group-title": "MTV Urheilu Events FI",
                "include-in-export": false,
                "channel-count": 16,
                "category-id": 0
            },
            {
                "source-group-title": "Macedonia",
                "custom-group-title": "Macedonia",
                "include-in-export": false,
                "channel-count": 77,
                "category-id": 0
            },
            {
                "source-group-title": "Malaysia",
                "custom-group-title": "Malaysia",
                "include-in-export": false,
                "channel-count": 120,
                "category-id": 0
            },
            {
                "source-group-title": "Malta",
                "custom-group-title": "Malta",
                "include-in-export": false,
                "channel-count": 64,
                "category-id": 0
            },
            {
                "source-group-title": "Max Sports DK",
                "custom-group-title": "Max Sports DK",
                "include-in-export": false,
                "channel-count": 50,
                "category-id": 0
            },
            {
                "source-group-title": "Max Sports NO",
                "custom-group-title": "Max Sports NO",
                "include-in-export": false,
                "channel-count": 1,
                "category-id": 0
            },
            {
                "source-group-title": "Max Sports SE",
                "custom-group-title": "Max Sports SE",
                "include-in-export": false,
                "channel-count": 15,
                "category-id": 0
            },
            {
                "source-group-title": "Mexico",
                "custom-group-title": "Mexico",
                "include-in-export": false,
                "channel-count": 174,
                "category-id": 0
            },
            {
                "source-group-title": "Music Package",
                "custom-group-title": "Music Package",
                "include-in-export": false,
                "channel-count": 106,
                "category-id": 0
            },
            {
                "source-group-title": "Netherlands",
                "custom-group-title": "Netherlands",
                "include-in-export": false,
                "channel-count": 136,
                "category-id": 0
            },
            {
                "source-group-title": "Norway",
                "custom-group-title": "Norway",
                "include-in-export": false,
                "channel-count": 253,
                "category-id": 0
            },
            {
                "source-group-title": "Pakistan",
                "custom-group-title": "Pakistan",
                "include-in-export": false,
                "channel-count": 135,
                "category-id": 0
            },
            {
                "source-group-title": "Paraguay",
                "custom-group-title": "Paraguay",
                "include-in-export": false,
                "channel-count": 45,
                "category-id": 0
            },
            {
                "source-group-title": "Peacock \/ DAZN US",
                "custom-group-title": "Peacock \/ DAZN US",
                "include-in-export": false,
                "channel-count": 48,
                "category-id": 0
            },
            {
                "source-group-title": "Peru",
                "custom-group-title": "Peru",
                "include-in-export": false,
                "channel-count": 189,
                "category-id": 0
            },
            {
                "source-group-title": "Philippines",
                "custom-group-title": "Philippines",
                "include-in-export": false,
                "channel-count": 132,
                "category-id": 0
            },
            {
                "source-group-title": "Poland",
                "custom-group-title": "Poland",
                "include-in-export": false,
                "channel-count": 228,
                "category-id": 0
            },
            {
                "source-group-title": "Portugal",
                "custom-group-title": "Portugal",
                "include-in-export": false,
                "channel-count": 175,
                "category-id": 0
            },
            {
                "source-group-title": "Prime Sports SE",
                "custom-group-title": "Prime Sports SE",
                "include-in-export": false,
                "channel-count": 41,
                "category-id": 0
            },
            {
                "source-group-title": "Romania",
                "custom-group-title": "Romania",
                "include-in-export": false,
                "channel-count": 176,
                "category-id": 0
            },
            {
                "source-group-title": "Russia",
                "custom-group-title": "Russia",
                "include-in-export": false,
                "channel-count": 304,
                "category-id": 0
            },
            {
                "source-group-title": "Ruutu Events FI",
                "custom-group-title": "Ruutu Events FI",
                "include-in-export": false,
                "channel-count": 16,
                "category-id": 0
            },
            {
                "source-group-title": "SPFL - Scottish Football League UK",
                "custom-group-title": "SPFL - Scottish Football League UK",
                "include-in-export": false,
                "channel-count": 18,
                "category-id": 0
            },
            {
                "source-group-title": "Series: Albania",
                "custom-group-title": "Series: Albania",
                "include-in-export": false,
                "channel-count": 72,
                "category-id": 0
            },
            {
                "source-group-title": "Series: Arabic",
                "custom-group-title": "Series: Arabic",
                "include-in-export": false,
                "channel-count": 32585,
                "category-id": 0
            },
            {
                "source-group-title": "Series: Barn",
                "custom-group-title": "Series: Barn",
                "include-in-export": false,
                "channel-count": 17961,
                "category-id": 0
            },
            {
                "source-group-title": "Series: EX-YU",
                "custom-group-title": "Series: EX-YU",
                "include-in-export": false,
                "channel-count": 2106,
                "category-id": 0
            },
            {
                "source-group-title": "Series: English [Arabic-Sub]",
                "custom-group-title": "Series: English [Arabic-Sub]",
                "include-in-export": false,
                "channel-count": 661,
                "category-id": 0
            },
            {
                "source-group-title": "Series: English [Multi-Sub]",
                "custom-group-title": "Series: English [Multi-Sub]",
                "include-in-export": false,
                "channel-count": 81232,
                "category-id": 0
            },
            {
                "source-group-title": "Series: English [Multi-Sub] [4K] [Only On 4K Devices]",
                "custom-group-title": "Series: English [Multi-Sub] [4K] [Only On 4K Devices]",
                "include-in-export": false,
                "channel-count": 718,
                "category-id": 0
            },
            {
                "source-group-title": "Series: Kurdish",
                "custom-group-title": "Series: Kurdish",
                "include-in-export": false,
                "channel-count": 30,
                "category-id": 0
            },
            {
                "source-group-title": "Series: NORDIC",
                "custom-group-title": "Series: NORDIC",
                "include-in-export": false,
                "channel-count": 18967,
                "category-id": 0
            },
            {
                "source-group-title": "Series: Turkey",
                "custom-group-title": "Series: Turkey",
                "include-in-export": false,
                "channel-count": 135,
                "category-id": 0
            },
            {
                "source-group-title": "Series: Turkey [Arabic Sub]",
                "custom-group-title": "Series: Turkey [Arabic Sub]",
                "include-in-export": false,
                "channel-count": 2926,
                "category-id": 0
            },
            {
                "source-group-title": "Slovenia",
                "custom-group-title": "Slovenia",
                "include-in-export": false,
                "channel-count": 73,
                "category-id": 0
            },
            {
                "source-group-title": "Somalia",
                "custom-group-title": "Somalia",
                "include-in-export": false,
                "channel-count": 26,
                "category-id": 0
            },
            {
                "source-group-title": "Spain",
                "custom-group-title": "Spain",
                "include-in-export": false,
                "channel-count": 224,
                "category-id": 0
            },
            {
                "source-group-title": "Speedway - ESS Play SE",
                "custom-group-title": "Speedway - ESS Play SE",
                "include-in-export": false,
                "channel-count": 1,
                "category-id": 0
            },
            {
                "source-group-title": "Sport Package",
                "custom-group-title": "Sport Package",
                "include-in-export": false,
                "channel-count": 86,
                "category-id": 0
            },
            {
                "source-group-title": "SportExpressen\/Aftonbladet SE",
                "custom-group-title": "SportExpressen\/Aftonbladet SE",
                "include-in-export": false,
                "channel-count": 2,
                "category-id": 0
            },
            {
                "source-group-title": "Srbija\/Crna Gora",
                "custom-group-title": "Srbija\/Crna Gora",
                "include-in-export": false,
                "channel-count": 329,
                "category-id": 0
            },
            {
                "source-group-title": "Sri Lanka",
                "custom-group-title": "Sri Lanka",
                "include-in-export": false,
                "channel-count": 23,
                "category-id": 0
            },
            {
                "source-group-title": "Sudan",
                "custom-group-title": "Sudan",
                "include-in-export": false,
                "channel-count": 16,
                "category-id": 0
            },
            {
                "source-group-title": "Super Sports CA",
                "custom-group-title": "Super Sports CA",
                "include-in-export": false,
                "channel-count": 51,
                "category-id": 0
            },
            {
                "source-group-title": "Svensk Hockey SE",
                "custom-group-title": "Svensk Hockey SE",
                "include-in-export": false,
                "channel-count": 252,
                "category-id": 0
            },
            {
                "source-group-title": "Svenskbil Sport \/ Folkrace SE",
                "custom-group-title": "Svenskbil Sport \/ Folkrace SE",
                "include-in-export": false,
                "channel-count": 2,
                "category-id": 0
            },
            {
                "source-group-title": "Sweden",
                "custom-group-title": "Sweden",
                "include-in-export": false,
                "channel-count": 388,
                "category-id": 0
            },
            {
                "source-group-title": "Switzerland",
                "custom-group-title": "Switzerland",
                "include-in-export": false,
                "channel-count": 47,
                "category-id": 0
            },
            {
                "source-group-title": "S\u00edminnSport Events IS",
                "custom-group-title": "S\u00edminnSport Events IS",
                "include-in-export": false,
                "channel-count": 50,
                "category-id": 0
            },
            {
                "source-group-title": "TV2 Play NO",
                "custom-group-title": "TV2 Play NO",
                "include-in-export": false,
                "channel-count": 17,
                "category-id": 0
            },
            {
                "source-group-title": "TV2 Sport DK",
                "custom-group-title": "TV2 Sport DK",
                "include-in-export": false,
                "channel-count": 22,
                "category-id": 0
            },
            {
                "source-group-title": "TV4 Play SE",
                "custom-group-title": "TV4 Play SE",
                "include-in-export": false,
                "channel-count": 18,
                "category-id": 0
            },
            {
                "source-group-title": "Taiwan",
                "custom-group-title": "Taiwan",
                "include-in-export": false,
                "channel-count": 1,
                "category-id": 0
            },
            {
                "source-group-title": "Telia Play Events FI",
                "custom-group-title": "Telia Play Events FI",
                "include-in-export": false,
                "channel-count": 40,
                "category-id": 0
            },
            {
                "source-group-title": "Telia Play Events SE",
                "custom-group-title": "Telia Play Events SE",
                "include-in-export": false,
                "channel-count": 49,
                "category-id": 0
            },
            {
                "source-group-title": "Thailand",
                "custom-group-title": "Thailand",
                "include-in-export": false,
                "channel-count": 284,
                "category-id": 0
            },
            {
                "source-group-title": "Turkey",
                "custom-group-title": "Turkey",
                "include-in-export": false,
                "channel-count": 459,
                "category-id": 0
            },
            {
                "source-group-title": "US ABC Network",
                "custom-group-title": "US ABC Network",
                "include-in-export": false,
                "channel-count": 33,
                "category-id": 0
            },
            {
                "source-group-title": "US CBS Network",
                "custom-group-title": "US CBS Network",
                "include-in-export": false,
                "channel-count": 187,
                "category-id": 0
            },
            {
                "source-group-title": "US Fox Network",
                "custom-group-title": "US Fox Network",
                "include-in-export": false,
                "channel-count": 178,
                "category-id": 0
            },
            {
                "source-group-title": "US LIVE EVENTS \/ ESPN+",
                "custom-group-title": "US LIVE EVENTS \/ ESPN+",
                "include-in-export": false,
                "channel-count": 105,
                "category-id": 0
            },
            {
                "source-group-title": "US NBC Network",
                "custom-group-title": "US NBC Network",
                "include-in-export": false,
                "channel-count": 125,
                "category-id": 0
            },
            {
                "source-group-title": "US Sports",
                "custom-group-title": "US Sports",
                "include-in-export": false,
                "channel-count": 292,
                "category-id": 0
            },
            {
                "source-group-title": "Ukraine",
                "custom-group-title": "Ukraine",
                "include-in-export": false,
                "channel-count": 51,
                "category-id": 0
            },
            {
                "source-group-title": "United Kingdom",
                "custom-group-title": "United Kingdom",
                "include-in-export": false,
                "channel-count": 468,
                "category-id": 0
            },
            {
                "source-group-title": "United States",
                "custom-group-title": "United States",
                "include-in-export": false,
                "channel-count": 183,
                "category-id": 0
            },
            {
                "source-group-title": "Uruguay",
                "custom-group-title": "Uruguay",
                "include-in-export": false,
                "channel-count": 46,
                "category-id": 0
            },
            {
                "source-group-title": "VGTV+  NO",
                "custom-group-title": "VGTV+  NO",
                "include-in-export": false,
                "channel-count": 10,
                "category-id": 0
            },
            {
                "source-group-title": "VOD: 4k Movies [Multi-Sub] [Only On 4K Devices]",
                "custom-group-title": "VOD: 4k Movies [Multi-Sub] [Only On 4K Devices]",
                "include-in-export": false,
                "channel-count": 503,
                "category-id": 0
            },
            {
                "source-group-title": "VOD: 4k Old Popular Movies [Multi-Sub] [Only On 4K Devices]",
                "custom-group-title": "VOD: 4k Old Popular Movies [Multi-Sub] [Only On 4K Devices]",
                "include-in-export": false,
                "channel-count": 370,
                "category-id": 0
            },
            {
                "source-group-title": "VOD: Arabic",
                "custom-group-title": "VOD: Arabic",
                "include-in-export": false,
                "channel-count": 1940,
                "category-id": 0
            },
            {
                "source-group-title": "VOD: Astrid Lindgren",
                "custom-group-title": "VOD: Astrid Lindgren",
                "include-in-export": false,
                "channel-count": 25,
                "category-id": 0
            },
            {
                "source-group-title": "VOD: Beck Komplett Kollektion",
                "custom-group-title": "VOD: Beck Komplett Kollektion",
                "include-in-export": false,
                "channel-count": 54,
                "category-id": 0
            },
            {
                "source-group-title": "VOD: Box set [Multi-Sub]",
                "custom-group-title": "VOD: Box set [Multi-Sub]",
                "include-in-export": false,
                "channel-count": 341,
                "category-id": 0
            },
            {
                "source-group-title": "VOD: Bud Spencer",
                "custom-group-title": "VOD: Bud Spencer",
                "include-in-export": false,
                "channel-count": 32,
                "category-id": 0
            },
            {
                "source-group-title": "VOD: Cheech and Chong",
                "custom-group-title": "VOD: Cheech and Chong",
                "include-in-export": false,
                "channel-count": 7,
                "category-id": 0
            },
            {
                "source-group-title": "VOD: Christmas Movies [Multi-Sub]",
                "custom-group-title": "VOD: Christmas Movies [Multi-Sub]",
                "include-in-export": false,
                "channel-count": 154,
                "category-id": 0
            },
            {
                "source-group-title": "VOD: Crtani Filmovi [Ex-yu]",
                "custom-group-title": "VOD: Crtani Filmovi [Ex-yu]",
                "include-in-export": false,
                "channel-count": 397,
                "category-id": 0
            },
            {
                "source-group-title": "VOD: Danske - Norska - Suomalainen Film",
                "custom-group-title": "VOD: Danske - Norska - Suomalainen Film",
                "include-in-export": false,
                "channel-count": 507,
                "category-id": 0
            },
            {
                "source-group-title": "VOD: Disney [Ar-Eng] [Multi-Audio]",
                "custom-group-title": "VOD: Disney [Ar-Eng] [Multi-Audio]",
                "include-in-export": false,
                "channel-count": 117,
                "category-id": 0
            },
            {
                "source-group-title": "VOD: Disney [ENG]",
                "custom-group-title": "VOD: Disney [ENG]",
                "include-in-export": false,
                "channel-count": 560,
                "category-id": 0
            },
            {
                "source-group-title": "VOD: English Movies [Arabic Subtitle]",
                "custom-group-title": "VOD: English Movies [Arabic Subtitle]",
                "include-in-export": false,
                "channel-count": 2925,
                "category-id": 0
            },
            {
                "source-group-title": "VOD: English Movies [Czech Subtitle]",
                "custom-group-title": "VOD: English Movies [Czech Subtitle]",
                "include-in-export": false,
                "channel-count": 28,
                "category-id": 0
            },
            {
                "source-group-title": "VOD: English Movies [Kurdish Subtitle]",
                "custom-group-title": "VOD: English Movies [Kurdish Subtitle]",
                "include-in-export": false,
                "channel-count": 44,
                "category-id": 0
            },
            {
                "source-group-title": "VOD: Events",
                "custom-group-title": "VOD: Events",
                "include-in-export": false,
                "channel-count": 661,
                "category-id": 0
            },
            {
                "source-group-title": "VOD: Germany",
                "custom-group-title": "VOD: Germany",
                "include-in-export": false,
                "channel-count": 21,
                "category-id": 0
            },
            {
                "source-group-title": "VOD: Halloween Movies",
                "custom-group-title": "VOD: Halloween Movies",
                "include-in-export": false,
                "channel-count": 41,
                "category-id": 0
            },
            {
                "source-group-title": "VOD: IMDB Top Movies [Multi-Sub]",
                "custom-group-title": "VOD: IMDB Top Movies [Multi-Sub]",
                "include-in-export": false,
                "channel-count": 241,
                "category-id": 0
            },
            {
                "source-group-title": "VOD: India",
                "custom-group-title": "VOD: India",
                "include-in-export": false,
                "channel-count": 217,
                "category-id": 0
            },
            {
                "source-group-title": "VOD: Iran",
                "custom-group-title": "VOD: Iran",
                "include-in-export": false,
                "channel-count": 180,
                "category-id": 0
            },
            {
                "source-group-title": "VOD: Jackie Chan Collection [AR-SUB]",
                "custom-group-title": "VOD: Jackie Chan Collection [AR-SUB]",
                "include-in-export": false,
                "channel-count": 74,
                "category-id": 0
            },
            {
                "source-group-title": "VOD: James Bond Collection",
                "custom-group-title": "VOD: James Bond Collection",
                "include-in-export": false,
                "channel-count": 25,
                "category-id": 0
            },
            {
                "source-group-title": "VOD: Johan Falk",
                "custom-group-title": "VOD: Johan Falk",
                "include-in-export": false,
                "channel-count": 17,
                "category-id": 0
            },
            {
                "source-group-title": "VOD: Kids Movies",
                "custom-group-title": "VOD: Kids Movies",
                "include-in-export": false,
                "channel-count": 920,
                "category-id": 0
            },
            {
                "source-group-title": "VOD: Kommisarie Montalbano",
                "custom-group-title": "VOD: Kommisarie Montalbano",
                "include-in-export": false,
                "channel-count": 31,
                "category-id": 0
            },
            {
                "source-group-title": "VOD: Music Concerts",
                "custom-group-title": "VOD: Music Concerts",
                "include-in-export": false,
                "channel-count": 927,
                "category-id": 0
            },
            {
                "source-group-title": "VOD: N1 Sports Events Replays",
                "custom-group-title": "VOD: N1 Sports Events Replays",
                "include-in-export": false,
                "channel-count": 1129,
                "category-id": 0
            },
            {
                "source-group-title": "VOD: Old Popular Movies [Multi-Sub]",
                "custom-group-title": "VOD: Old Popular Movies [Multi-Sub]",
                "include-in-export": false,
                "channel-count": 7251,
                "category-id": 0
            },
            {
                "source-group-title": "VOD: Polska",
                "custom-group-title": "VOD: Polska",
                "include-in-export": false,
                "channel-count": 945,
                "category-id": 0
            },
            {
                "source-group-title": "VOD: Premiere Cinemas [Multi-Sub]",
                "custom-group-title": "VOD: Premiere Cinemas [Multi-Sub]",
                "include-in-export": false,
                "channel-count": 4484,
                "category-id": 0
            },
            {
                "source-group-title": "VOD: Relaxing Music",
                "custom-group-title": "VOD: Relaxing Music",
                "include-in-export": false,
                "channel-count": 9,
                "category-id": 0
            },
            {
                "source-group-title": "VOD: Svenska",
                "custom-group-title": "VOD: Svenska",
                "include-in-export": false,
                "channel-count": 671,
                "category-id": 0
            },
            {
                "source-group-title": "VOD: Turkey",
                "custom-group-title": "VOD: Turkey",
                "include-in-export": false,
                "channel-count": 195,
                "category-id": 0
            },
            {
                "source-group-title": "VOD: Van Damme Collection",
                "custom-group-title": "VOD: Van Damme Collection",
                "include-in-export": false,
                "channel-count": 41,
                "category-id": 0
            },
            {
                "source-group-title": "VOD: Vietnam",
                "custom-group-title": "VOD: Vietnam",
                "include-in-export": false,
                "channel-count": 63,
                "category-id": 0
            },
            {
                "source-group-title": "VOD: Wallander",
                "custom-group-title": "VOD: Wallander",
                "include-in-export": false,
                "channel-count": 32,
                "category-id": 0
            },
            {
                "source-group-title": "VOD: [Dolby Vision] 4k Movies [Multi-Sub] [Only On Dolby Vision Devices]",
                "custom-group-title": "VOD: [Dolby Vision] 4k Movies [Multi-Sub] [Only On Dolby Vision Devices]",
                "include-in-export": false,
                "channel-count": 20,
                "category-id": 0
            },
            {
                "source-group-title": "VOD: ex-Yu Movies",
                "custom-group-title": "VOD: ex-Yu Movies",
                "include-in-export": false,
                "channel-count": 810,
                "category-id": 0
            },
            {
                "source-group-title": "Venezuela",
                "custom-group-title": "Venezuela",
                "include-in-export": false,
                "channel-count": 63,
                "category-id": 0
            },
            {
                "source-group-title": "Viaplay Sport DK",
                "custom-group-title": "Viaplay Sport DK",
                "include-in-export": false,
                "channel-count": 39,
                "category-id": 0
            },
            {
                "source-group-title": "Viaplay Sport FI",
                "custom-group-title": "Viaplay Sport FI",
                "include-in-export": false,
                "channel-count": 41,
                "category-id": 0
            },
            {
                "source-group-title": "Viaplay Sport IS",
                "custom-group-title": "Viaplay Sport IS",
                "include-in-export": false,
                "channel-count": 50,
                "category-id": 0
            },
            {
                "source-group-title": "Viaplay Sport NL",
                "custom-group-title": "Viaplay Sport NL",
                "include-in-export": false,
                "channel-count": 67,
                "category-id": 0
            },
            {
                "source-group-title": "Viaplay Sport NO",
                "custom-group-title": "Viaplay Sport NO",
                "include-in-export": false,
                "channel-count": 42,
                "category-id": 0
            },
            {
                "source-group-title": "Viaplay Sport PL",
                "custom-group-title": "Viaplay Sport PL",
                "include-in-export": false,
                "channel-count": 19,
                "category-id": 0
            },
            {
                "source-group-title": "Viaplay Sport SE",
                "custom-group-title": "Viaplay Sport SE",
                "include-in-export": false,
                "channel-count": 39,
                "category-id": 0
            },
            {
                "source-group-title": "Viaplay Sport UK",
                "custom-group-title": "Viaplay Sport UK",
                "include-in-export": false,
                "channel-count": 52,
                "category-id": 0
            },
            {
                "source-group-title": "Vietnam",
                "custom-group-title": "Vietnam",
                "include-in-export": false,
                "channel-count": 99,
                "category-id": 0
            },
            {
                "source-group-title": "World Football Events",
                "custom-group-title": "World Football Events",
                "include-in-export": false,
                "channel-count": 40,
                "category-id": 0
            },
            {
                "source-group-title": "World PPV Fights",
                "custom-group-title": "World PPV Fights",
                "include-in-export": false,
                "channel-count": 40,
                "category-id": 0
            },
            {
                "source-group-title": "World Padel Tour TV",
                "custom-group-title": "World Padel Tour TV",
                "include-in-export": false,
                "channel-count": 1,
                "category-id": 0
            }
        ]
    }
}
Received Data:
{
    "reset": true,
    "configData": {
        "date": "2025-05-01 08:27",
        "group-count": 204,
        "channel-count-total": 202450,
        "live-channels": [
            {
                "source-group-title": "live-channels",
                "custom-group-title": "live-channels",
                "include-in-export": false,
                "channel-count": 0,
                "category-id": 0
            }
        ],
        "movies": [
            {
                "source-group-title": "movies",
                "custom-group-title": "movies",
                "include-in-export": false,
                "channel-count": 0,
                "category-id": 0
            }
        ],
        "series": [
            {
                "source-group-title": "series",
                "custom-group-title": "series",
                "include-in-export": false,
                "channel-count": 0,
                "category-id": 0
            }
        ],
        "4k-movies": [
            {
                "source-group-title": "4k-movies",
                "custom-group-title": "4k-movies",
                "include-in-export": false,
                "channel-count": 0,
                "category-id": 0
            }
        ],
        "box-sets": [
            {
                "source-group-title": "box-sets",
                "custom-group-title": "box-sets",
                "include-in-export": false,
                "channel-count": 0,
                "category-id": 0
            }
        ],
        "live-sports": [
            {
                "source-group-title": "live-sports",
                "custom-group-title": "live-sports",
                "include-in-export": false,
                "channel-count": 0,
                "category-id": 0
            }
        ],
        "kids-movies": [
            {
                "source-group-title": "kids-movies",
                "custom-group-title": "kids-movies",
                "include-in-export": false,
                "channel-count": 0,
                "category-id": 0
            }
        ],
        "kids-series": [
            {
                "source-group-title": "kids-series",
                "custom-group-title": "kids-series",
                "include-in-export": false,
                "channel-count": 0,
                "category-id": 0
            }
        ],
        "music-events": [
            {
                "source-group-title": "music-events",
                "custom-group-title": "music-events",
                "include-in-export": false,
                "channel-count": 0,
                "category-id": 0
            }
        ],
        "24\/7": [
            {
                "source-group-title": "24\/7",
                "custom-group-title": "24\/7",
                "include-in-export": false,
                "channel-count": 0,
                "category-id": 0
            }
        ],
        "favorites": [
            {
                "source-group-title": "favorites",
                "custom-group-title": "favorites",
                "include-in-export": false,
                "channel-count": 0,
                "category-id": 0
            }
        ],
        "unsorted": [
            {
                "source-group-title": "24\/7 Danish",
                "custom-group-title": "24\/7 Danish",
                "include-in-export": false,
                "channel-count": 67,
                "category-id": 0
            },
            {
                "source-group-title": "24\/7 Germany",
                "custom-group-title": "24\/7 Germany",
                "include-in-export": false,
                "channel-count": 90,
                "category-id": 0
            },
            {
                "source-group-title": "24\/7 Movies",
                "custom-group-title": "24\/7 Movies",
                "include-in-export": false,
                "channel-count": 74,
                "category-id": 0
            },
            {
                "source-group-title": "24\/7 Norwegian",
                "custom-group-title": "24\/7 Norwegian",
                "include-in-export": false,
                "channel-count": 71,
                "category-id": 0
            },
            {
                "source-group-title": "24\/7 Spain",
                "custom-group-title": "24\/7 Spain",
                "include-in-export": false,
                "channel-count": 91,
                "category-id": 0
            },
            {
                "source-group-title": "24\/7 Swedish",
                "custom-group-title": "24\/7 Swedish",
                "include-in-export": false,
                "channel-count": 161,
                "category-id": 0
            },
            {
                "source-group-title": "24\/7 UK",
                "custom-group-title": "24\/7 UK",
                "include-in-export": false,
                "channel-count": 93,
                "category-id": 0
            },
            {
                "source-group-title": "24\/7 United States",
                "custom-group-title": "24\/7 United States",
                "include-in-export": false,
                "channel-count": 225,
                "category-id": 0
            },
            {
                "source-group-title": "Afghanistan",
                "custom-group-title": "Afghanistan",
                "include-in-export": false,
                "channel-count": 34,
                "category-id": 0
            },
            {
                "source-group-title": "Africa",
                "custom-group-title": "Africa",
                "include-in-export": false,
                "channel-count": 329,
                "category-id": 0
            },
            {
                "source-group-title": "Albania",
                "custom-group-title": "Albania",
                "include-in-export": false,
                "channel-count": 310,
                "category-id": 0
            },
            {
                "source-group-title": "Arabic",
                "custom-group-title": "Arabic",
                "include-in-export": false,
                "channel-count": 385,
                "category-id": 0
            },
            {
                "source-group-title": "Arabic Entertainment",
                "custom-group-title": "Arabic Entertainment",
                "include-in-export": false,
                "channel-count": 237,
                "category-id": 0
            },
            {
                "source-group-title": "Arabic News",
                "custom-group-title": "Arabic News",
                "include-in-export": false,
                "channel-count": 47,
                "category-id": 0
            },
            {
                "source-group-title": "Arabic Sports",
                "custom-group-title": "Arabic Sports",
                "include-in-export": false,
                "channel-count": 144,
                "category-id": 0
            },
            {
                "source-group-title": "Argentina",
                "custom-group-title": "Argentina",
                "include-in-export": false,
                "channel-count": 253,
                "category-id": 0
            },
            {
                "source-group-title": "Armenia",
                "custom-group-title": "Armenia",
                "include-in-export": false,
                "channel-count": 66,
                "category-id": 0
            },
            {
                "source-group-title": "Australia & New Zealand",
                "custom-group-title": "Australia & New Zealand",
                "include-in-export": false,
                "channel-count": 220,
                "category-id": 0
            },
            {
                "source-group-title": "Azerbaijan",
                "custom-group-title": "Azerbaijan",
                "include-in-export": false,
                "channel-count": 13,
                "category-id": 0
            },
            {
                "source-group-title": "Bangladesh",
                "custom-group-title": "Bangladesh",
                "include-in-export": false,
                "channel-count": 47,
                "category-id": 0
            },
            {
                "source-group-title": "Belgium",
                "custom-group-title": "Belgium",
                "include-in-export": false,
                "channel-count": 71,
                "category-id": 0
            },
            {
                "source-group-title": "Bolivia",
                "custom-group-title": "Bolivia",
                "include-in-export": false,
                "channel-count": 65,
                "category-id": 0
            },
            {
                "source-group-title": "Bosnia i Hercegovina",
                "custom-group-title": "Bosnia i Hercegovina",
                "include-in-export": false,
                "channel-count": 126,
                "category-id": 0
            },
            {
                "source-group-title": "Brazil",
                "custom-group-title": "Brazil",
                "include-in-export": false,
                "channel-count": 283,
                "category-id": 0
            },
            {
                "source-group-title": "Bulgaria",
                "custom-group-title": "Bulgaria",
                "include-in-export": false,
                "channel-count": 83,
                "category-id": 0
            },
            {
                "source-group-title": "Cambodia",
                "custom-group-title": "Cambodia",
                "include-in-export": false,
                "channel-count": 5,
                "category-id": 0
            },
            {
                "source-group-title": "Canada",
                "custom-group-title": "Canada",
                "include-in-export": false,
                "channel-count": 168,
                "category-id": 0
            },
            {
                "source-group-title": "Caribbean",
                "custom-group-title": "Caribbean",
                "include-in-export": false,
                "channel-count": 176,
                "category-id": 0
            },
            {
                "source-group-title": "Chile",
                "custom-group-title": "Chile",
                "include-in-export": false,
                "channel-count": 350,
                "category-id": 0
            },
            {
                "source-group-title": "China",
                "custom-group-title": "China",
                "include-in-export": false,
                "channel-count": 24,
                "category-id": 0
            },
            {
                "source-group-title": "Colombia",
                "custom-group-title": "Colombia",
                "include-in-export": false,
                "channel-count": 128,
                "category-id": 0
            },
            {
                "source-group-title": "Czech & Slovakia",
                "custom-group-title": "Czech & Slovakia",
                "include-in-export": false,
                "channel-count": 131,
                "category-id": 0
            },
            {
                "source-group-title": "DAZN CA",
                "custom-group-title": "DAZN CA",
                "include-in-export": false,
                "channel-count": 40,
                "category-id": 0
            },
            {
                "source-group-title": "DAZN DE",
                "custom-group-title": "DAZN DE",
                "include-in-export": false,
                "channel-count": 44,
                "category-id": 0
            },
            {
                "source-group-title": "DAZN ES",
                "custom-group-title": "DAZN ES",
                "include-in-export": false,
                "channel-count": 50,
                "category-id": 0
            },
            {
                "source-group-title": "DAZN FR",
                "custom-group-title": "DAZN FR",
                "include-in-export": false,
                "channel-count": 50,
                "category-id": 0
            },
            {
                "source-group-title": "DAZN IT",
                "custom-group-title": "DAZN IT",
                "include-in-export": false,
                "channel-count": 50,
                "category-id": 0
            },
            {
                "source-group-title": "DAZN SE",
                "custom-group-title": "DAZN SE",
                "include-in-export": false,
                "channel-count": 50,
                "category-id": 0
            },
            {
                "source-group-title": "DYN Sport Event DE",
                "custom-group-title": "DYN Sport Event DE",
                "include-in-export": false,
                "channel-count": 25,
                "category-id": 0
            },
            {
                "source-group-title": "Denmark",
                "custom-group-title": "Denmark",
                "include-in-export": false,
                "channel-count": 219,
                "category-id": 0
            },
            {
                "source-group-title": "Direket Sport Events NO",
                "custom-group-title": "Direket Sport Events NO",
                "include-in-export": false,
                "channel-count": 50,
                "category-id": 0
            },
            {
                "source-group-title": "Discovery+ Sport DE",
                "custom-group-title": "Discovery+ Sport DE",
                "include-in-export": false,
                "channel-count": 34,
                "category-id": 0
            },
            {
                "source-group-title": "Discovery+ Sport NL",
                "custom-group-title": "Discovery+ Sport NL",
                "include-in-export": false,
                "channel-count": 50,
                "category-id": 0
            },
            {
                "source-group-title": "Discovery+ Sport NO",
                "custom-group-title": "Discovery+ Sport NO",
                "include-in-export": false,
                "channel-count": 38,
                "category-id": 0
            },
            {
                "source-group-title": "Discovery+ Sport SE",
                "custom-group-title": "Discovery+ Sport SE",
                "include-in-export": false,
                "channel-count": 131,
                "category-id": 0
            },
            {
                "source-group-title": "Disney Plus SE",
                "custom-group-title": "Disney Plus SE",
                "include-in-export": false,
                "channel-count": 1,
                "category-id": 0
            },
            {
                "source-group-title": "EFL \/ iFOLLOW UK",
                "custom-group-title": "EFL \/ iFOLLOW UK",
                "include-in-export": false,
                "channel-count": 73,
                "category-id": 0
            },
            {
                "source-group-title": "EPL UK",
                "custom-group-title": "EPL UK",
                "include-in-export": false,
                "channel-count": 20,
                "category-id": 0
            },
            {
                "source-group-title": "EX-YU Sport",
                "custom-group-title": "EX-YU Sport",
                "include-in-export": false,
                "channel-count": 95,
                "category-id": 0
            },
            {
                "source-group-title": "Ecuador",
                "custom-group-title": "Ecuador",
                "include-in-export": false,
                "channel-count": 52,
                "category-id": 0
            },
            {
                "source-group-title": "El Salvador",
                "custom-group-title": "El Salvador",
                "include-in-export": false,
                "channel-count": 27,
                "category-id": 0
            },
            {
                "source-group-title": "Elitserien Live SE",
                "custom-group-title": "Elitserien Live SE",
                "include-in-export": false,
                "channel-count": 1,
                "category-id": 0
            },
            {
                "source-group-title": "Estonia",
                "custom-group-title": "Estonia",
                "include-in-export": false,
                "channel-count": 5,
                "category-id": 0
            },
            {
                "source-group-title": "EttanPlay SE",
                "custom-group-title": "EttanPlay SE",
                "include-in-export": false,
                "channel-count": 1,
                "category-id": 0
            },
            {
                "source-group-title": "FANSEAT Events SE",
                "custom-group-title": "FANSEAT Events SE",
                "include-in-export": false,
                "channel-count": 15,
                "category-id": 0
            },
            {
                "source-group-title": "Finland",
                "custom-group-title": "Finland",
                "include-in-export": false,
                "channel-count": 195,
                "category-id": 0
            },
            {
                "source-group-title": "For Adults",
                "custom-group-title": "For Adults",
                "include-in-export": false,
                "channel-count": 1833,
                "category-id": 0
            },
            {
                "source-group-title": "Formula 1 \/ Racing",
                "custom-group-title": "Formula 1 \/ Racing",
                "include-in-export": false,
                "channel-count": 34,
                "category-id": 0
            },
            {
                "source-group-title": "France",
                "custom-group-title": "France",
                "include-in-export": false,
                "channel-count": 267,
                "category-id": 0
            },
            {
                "source-group-title": "Germany",
                "custom-group-title": "Germany",
                "include-in-export": false,
                "channel-count": 353,
                "category-id": 0
            },
            {
                "source-group-title": "Greece",
                "custom-group-title": "Greece",
                "include-in-export": false,
                "channel-count": 99,
                "category-id": 0
            },
            {
                "source-group-title": "Handbollsligan SE",
                "custom-group-title": "Handbollsligan SE",
                "include-in-export": false,
                "channel-count": 2,
                "category-id": 0
            },
            {
                "source-group-title": "Hockey - Metal Ligaen DK",
                "custom-group-title": "Hockey - Metal Ligaen DK",
                "include-in-export": false,
                "channel-count": 4,
                "category-id": 0
            },
            {
                "source-group-title": "HockeyEttan SE",
                "custom-group-title": "HockeyEttan SE",
                "include-in-export": false,
                "channel-count": 15,
                "category-id": 0
            },
            {
                "source-group-title": "Hong Kong",
                "custom-group-title": "Hong Kong",
                "include-in-export": false,
                "channel-count": 18,
                "category-id": 0
            },
            {
                "source-group-title": "Hrvatska",
                "custom-group-title": "Hrvatska",
                "include-in-export": false,
                "channel-count": 172,
                "category-id": 0
            },
            {
                "source-group-title": "Hungary",
                "custom-group-title": "Hungary",
                "include-in-export": false,
                "channel-count": 142,
                "category-id": 0
            },
            {
                "source-group-title": "Iceland",
                "custom-group-title": "Iceland",
                "include-in-export": false,
                "channel-count": 58,
                "category-id": 0
            },
            {
                "source-group-title": "India",
                "custom-group-title": "India",
                "include-in-export": false,
                "channel-count": 477,
                "category-id": 0
            },
            {
                "source-group-title": "Indonesia",
                "custom-group-title": "Indonesia",
                "include-in-export": false,
                "channel-count": 43,
                "category-id": 0
            },
            {
                "source-group-title": "Innebandy SE",
                "custom-group-title": "Innebandy SE",
                "include-in-export": false,
                "channel-count": 38,
                "category-id": 0
            },
            {
                "source-group-title": "Iran",
                "custom-group-title": "Iran",
                "include-in-export": false,
                "channel-count": 200,
                "category-id": 0
            },
            {
                "source-group-title": "Israel",
                "custom-group-title": "Israel",
                "include-in-export": false,
                "channel-count": 78,
                "category-id": 0
            },
            {
                "source-group-title": "Italy",
                "custom-group-title": "Italy",
                "include-in-export": false,
                "channel-count": 234,
                "category-id": 0
            },
            {
                "source-group-title": "Japan",
                "custom-group-title": "Japan",
                "include-in-export": false,
                "channel-count": 28,
                "category-id": 0
            },
            {
                "source-group-title": "Korea",
                "custom-group-title": "Korea",
                "include-in-export": false,
                "channel-count": 73,
                "category-id": 0
            },
            {
                "source-group-title": "Kurdistan",
                "custom-group-title": "Kurdistan",
                "include-in-export": false,
                "channel-count": 314,
                "category-id": 0
            },
            {
                "source-group-title": "LIVEY Sports IS",
                "custom-group-title": "LIVEY Sports IS",
                "include-in-export": false,
                "channel-count": 30,
                "category-id": 0
            },
            {
                "source-group-title": "Latino",
                "custom-group-title": "Latino",
                "include-in-export": false,
                "channel-count": 302,
                "category-id": 0
            },
            {
                "source-group-title": "Lithuania",
                "custom-group-title": "Lithuania",
                "include-in-export": false,
                "channel-count": 30,
                "category-id": 0
            },
            {
                "source-group-title": "MAX Sport DK",
                "custom-group-title": "MAX Sport DK",
                "include-in-export": false,
                "channel-count": 15,
                "category-id": 0
            },
            {
                "source-group-title": "MAX Sport FI",
                "custom-group-title": "MAX Sport FI",
                "include-in-export": false,
                "channel-count": 23,
                "category-id": 0
            },
            {
                "source-group-title": "MLS Soccer US",
                "custom-group-title": "MLS Soccer US",
                "include-in-export": false,
                "channel-count": 34,
                "category-id": 0
            },
            {
                "source-group-title": "MTV Urheilu Events FI",
                "custom-group-title": "MTV Urheilu Events FI",
                "include-in-export": false,
                "channel-count": 16,
                "category-id": 0
            },
            {
                "source-group-title": "Macedonia",
                "custom-group-title": "Macedonia",
                "include-in-export": false,
                "channel-count": 77,
                "category-id": 0
            },
            {
                "source-group-title": "Malaysia",
                "custom-group-title": "Malaysia",
                "include-in-export": false,
                "channel-count": 120,
                "category-id": 0
            },
            {
                "source-group-title": "Malta",
                "custom-group-title": "Malta",
                "include-in-export": false,
                "channel-count": 64,
                "category-id": 0
            },
            {
                "source-group-title": "Max Sports DK",
                "custom-group-title": "Max Sports DK",
                "include-in-export": false,
                "channel-count": 50,
                "category-id": 0
            },
            {
                "source-group-title": "Max Sports NO",
                "custom-group-title": "Max Sports NO",
                "include-in-export": false,
                "channel-count": 1,
                "category-id": 0
            },
            {
                "source-group-title": "Max Sports SE",
                "custom-group-title": "Max Sports SE",
                "include-in-export": false,
                "channel-count": 15,
                "category-id": 0
            },
            {
                "source-group-title": "Mexico",
                "custom-group-title": "Mexico",
                "include-in-export": false,
                "channel-count": 174,
                "category-id": 0
            },
            {
                "source-group-title": "Music Package",
                "custom-group-title": "Music Package",
                "include-in-export": false,
                "channel-count": 106,
                "category-id": 0
            },
            {
                "source-group-title": "Netherlands",
                "custom-group-title": "Netherlands",
                "include-in-export": false,
                "channel-count": 136,
                "category-id": 0
            },
            {
                "source-group-title": "Norway",
                "custom-group-title": "Norway",
                "include-in-export": false,
                "channel-count": 253,
                "category-id": 0
            },
            {
                "source-group-title": "Pakistan",
                "custom-group-title": "Pakistan",
                "include-in-export": false,
                "channel-count": 135,
                "category-id": 0
            },
            {
                "source-group-title": "Paraguay",
                "custom-group-title": "Paraguay",
                "include-in-export": false,
                "channel-count": 45,
                "category-id": 0
            },
            {
                "source-group-title": "Peacock \/ DAZN US",
                "custom-group-title": "Peacock \/ DAZN US",
                "include-in-export": false,
                "channel-count": 48,
                "category-id": 0
            },
            {
                "source-group-title": "Peru",
                "custom-group-title": "Peru",
                "include-in-export": false,
                "channel-count": 189,
                "category-id": 0
            },
            {
                "source-group-title": "Philippines",
                "custom-group-title": "Philippines",
                "include-in-export": false,
                "channel-count": 132,
                "category-id": 0
            },
            {
                "source-group-title": "Poland",
                "custom-group-title": "Poland",
                "include-in-export": false,
                "channel-count": 228,
                "category-id": 0
            },
            {
                "source-group-title": "Portugal",
                "custom-group-title": "Portugal",
                "include-in-export": false,
                "channel-count": 175,
                "category-id": 0
            },
            {
                "source-group-title": "Prime Sports SE",
                "custom-group-title": "Prime Sports SE",
                "include-in-export": false,
                "channel-count": 41,
                "category-id": 0
            },
            {
                "source-group-title": "Romania",
                "custom-group-title": "Romania",
                "include-in-export": false,
                "channel-count": 176,
                "category-id": 0
            },
            {
                "source-group-title": "Russia",
                "custom-group-title": "Russia",
                "include-in-export": false,
                "channel-count": 304,
                "category-id": 0
            },
            {
                "source-group-title": "Ruutu Events FI",
                "custom-group-title": "Ruutu Events FI",
                "include-in-export": false,
                "channel-count": 16,
                "category-id": 0
            },
            {
                "source-group-title": "SPFL - Scottish Football League UK",
                "custom-group-title": "SPFL - Scottish Football League UK",
                "include-in-export": false,
                "channel-count": 18,
                "category-id": 0
            },
            {
                "source-group-title": "Series: Albania",
                "custom-group-title": "Series: Albania",
                "include-in-export": false,
                "channel-count": 72,
                "category-id": 0
            },
            {
                "source-group-title": "Series: Arabic",
                "custom-group-title": "Series: Arabic",
                "include-in-export": false,
                "channel-count": 32585,
                "category-id": 0
            },
            {
                "source-group-title": "Series: Barn",
                "custom-group-title": "Series: Barn",
                "include-in-export": false,
                "channel-count": 17961,
                "category-id": 0
            },
            {
                "source-group-title": "Series: EX-YU",
                "custom-group-title": "Series: EX-YU",
                "include-in-export": false,
                "channel-count": 2106,
                "category-id": 0
            },
            {
                "source-group-title": "Series: English [Arabic-Sub]",
                "custom-group-title": "Series: English [Arabic-Sub]",
                "include-in-export": false,
                "channel-count": 661,
                "category-id": 0
            },
            {
                "source-group-title": "Series: English [Multi-Sub]",
                "custom-group-title": "Series: English [Multi-Sub]",
                "include-in-export": false,
                "channel-count": 81232,
                "category-id": 0
            },
            {
                "source-group-title": "Series: English [Multi-Sub] [4K] [Only On 4K Devices]",
                "custom-group-title": "Series: English [Multi-Sub] [4K] [Only On 4K Devices]",
                "include-in-export": false,
                "channel-count": 718,
                "category-id": 0
            },
            {
                "source-group-title": "Series: Kurdish",
                "custom-group-title": "Series: Kurdish",
                "include-in-export": false,
                "channel-count": 30,
                "category-id": 0
            },
            {
                "source-group-title": "Series: NORDIC",
                "custom-group-title": "Series: NORDIC",
                "include-in-export": false,
                "channel-count": 18967,
                "category-id": 0
            },
            {
                "source-group-title": "Series: Turkey",
                "custom-group-title": "Series: Turkey",
                "include-in-export": false,
                "channel-count": 135,
                "category-id": 0
            },
            {
                "source-group-title": "Series: Turkey [Arabic Sub]",
                "custom-group-title": "Series: Turkey [Arabic Sub]",
                "include-in-export": false,
                "channel-count": 2926,
                "category-id": 0
            },
            {
                "source-group-title": "Slovenia",
                "custom-group-title": "Slovenia",
                "include-in-export": false,
                "channel-count": 73,
                "category-id": 0
            },
            {
                "source-group-title": "Somalia",
                "custom-group-title": "Somalia",
                "include-in-export": false,
                "channel-count": 26,
                "category-id": 0
            },
            {
                "source-group-title": "Spain",
                "custom-group-title": "Spain",
                "include-in-export": false,
                "channel-count": 224,
                "category-id": 0
            },
            {
                "source-group-title": "Speedway - ESS Play SE",
                "custom-group-title": "Speedway - ESS Play SE",
                "include-in-export": false,
                "channel-count": 1,
                "category-id": 0
            },
            {
                "source-group-title": "Sport Package",
                "custom-group-title": "Sport Package",
                "include-in-export": false,
                "channel-count": 86,
                "category-id": 0
            },
            {
                "source-group-title": "SportExpressen\/Aftonbladet SE",
                "custom-group-title": "SportExpressen\/Aftonbladet SE",
                "include-in-export": false,
                "channel-count": 2,
                "category-id": 0
            },
            {
                "source-group-title": "Srbija\/Crna Gora",
                "custom-group-title": "Srbija\/Crna Gora",
                "include-in-export": false,
                "channel-count": 329,
                "category-id": 0
            },
            {
                "source-group-title": "Sri Lanka",
                "custom-group-title": "Sri Lanka",
                "include-in-export": false,
                "channel-count": 23,
                "category-id": 0
            },
            {
                "source-group-title": "Sudan",
                "custom-group-title": "Sudan",
                "include-in-export": false,
                "channel-count": 16,
                "category-id": 0
            },
            {
                "source-group-title": "Super Sports CA",
                "custom-group-title": "Super Sports CA",
                "include-in-export": false,
                "channel-count": 51,
                "category-id": 0
            },
            {
                "source-group-title": "Svensk Hockey SE",
                "custom-group-title": "Svensk Hockey SE",
                "include-in-export": false,
                "channel-count": 252,
                "category-id": 0
            },
            {
                "source-group-title": "Svenskbil Sport \/ Folkrace SE",
                "custom-group-title": "Svenskbil Sport \/ Folkrace SE",
                "include-in-export": false,
                "channel-count": 2,
                "category-id": 0
            },
            {
                "source-group-title": "Sweden",
                "custom-group-title": "Sweden",
                "include-in-export": false,
                "channel-count": 388,
                "category-id": 0
            },
            {
                "source-group-title": "Switzerland",
                "custom-group-title": "Switzerland",
                "include-in-export": false,
                "channel-count": 47,
                "category-id": 0
            },
            {
                "source-group-title": "S\u00edminnSport Events IS",
                "custom-group-title": "S\u00edminnSport Events IS",
                "include-in-export": false,
                "channel-count": 50,
                "category-id": 0
            },
            {
                "source-group-title": "TV2 Play NO",
                "custom-group-title": "TV2 Play NO",
                "include-in-export": false,
                "channel-count": 17,
                "category-id": 0
            },
            {
                "source-group-title": "TV2 Sport DK",
                "custom-group-title": "TV2 Sport DK",
                "include-in-export": false,
                "channel-count": 22,
                "category-id": 0
            },
            {
                "source-group-title": "TV4 Play SE",
                "custom-group-title": "TV4 Play SE",
                "include-in-export": false,
                "channel-count": 18,
                "category-id": 0
            },
            {
                "source-group-title": "Taiwan",
                "custom-group-title": "Taiwan",
                "include-in-export": false,
                "channel-count": 1,
                "category-id": 0
            },
            {
                "source-group-title": "Telia Play Events FI",
                "custom-group-title": "Telia Play Events FI",
                "include-in-export": false,
                "channel-count": 40,
                "category-id": 0
            },
            {
                "source-group-title": "Telia Play Events SE",
                "custom-group-title": "Telia Play Events SE",
                "include-in-export": false,
                "channel-count": 49,
                "category-id": 0
            },
            {
                "source-group-title": "Thailand",
                "custom-group-title": "Thailand",
                "include-in-export": false,
                "channel-count": 284,
                "category-id": 0
            },
            {
                "source-group-title": "Turkey",
                "custom-group-title": "Turkey",
                "include-in-export": false,
                "channel-count": 459,
                "category-id": 0
            },
            {
                "source-group-title": "US ABC Network",
                "custom-group-title": "US ABC Network",
                "include-in-export": false,
                "channel-count": 33,
                "category-id": 0
            },
            {
                "source-group-title": "US CBS Network",
                "custom-group-title": "US CBS Network",
                "include-in-export": false,
                "channel-count": 187,
                "category-id": 0
            },
            {
                "source-group-title": "US Fox Network",
                "custom-group-title": "US Fox Network",
                "include-in-export": false,
                "channel-count": 178,
                "category-id": 0
            },
            {
                "source-group-title": "US LIVE EVENTS \/ ESPN+",
                "custom-group-title": "US LIVE EVENTS \/ ESPN+",
                "include-in-export": false,
                "channel-count": 105,
                "category-id": 0
            },
            {
                "source-group-title": "US NBC Network",
                "custom-group-title": "US NBC Network",
                "include-in-export": false,
                "channel-count": 125,
                "category-id": 0
            },
            {
                "source-group-title": "US Sports",
                "custom-group-title": "US Sports",
                "include-in-export": false,
                "channel-count": 292,
                "category-id": 0
            },
            {
                "source-group-title": "Ukraine",
                "custom-group-title": "Ukraine",
                "include-in-export": false,
                "channel-count": 51,
                "category-id": 0
            },
            {
                "source-group-title": "United Kingdom",
                "custom-group-title": "United Kingdom",
                "include-in-export": false,
                "channel-count": 468,
                "category-id": 0
            },
            {
                "source-group-title": "United States",
                "custom-group-title": "United States",
                "include-in-export": false,
                "channel-count": 183,
                "category-id": 0
            },
            {
                "source-group-title": "Uruguay",
                "custom-group-title": "Uruguay",
                "include-in-export": false,
                "channel-count": 46,
                "category-id": 0
            },
            {
                "source-group-title": "VGTV+  NO",
                "custom-group-title": "VGTV+  NO",
                "include-in-export": false,
                "channel-count": 10,
                "category-id": 0
            },
            {
                "source-group-title": "VOD: 4k Movies [Multi-Sub] [Only On 4K Devices]",
                "custom-group-title": "VOD: 4k Movies [Multi-Sub] [Only On 4K Devices]",
                "include-in-export": false,
                "channel-count": 503,
                "category-id": 0
            },
            {
                "source-group-title": "VOD: 4k Old Popular Movies [Multi-Sub] [Only On 4K Devices]",
                "custom-group-title": "VOD: 4k Old Popular Movies [Multi-Sub] [Only On 4K Devices]",
                "include-in-export": false,
                "channel-count": 370,
                "category-id": 0
            },
            {
                "source-group-title": "VOD: Arabic",
                "custom-group-title": "VOD: Arabic",
                "include-in-export": false,
                "channel-count": 1940,
                "category-id": 0
            },
            {
                "source-group-title": "VOD: Astrid Lindgren",
                "custom-group-title": "VOD: Astrid Lindgren",
                "include-in-export": false,
                "channel-count": 25,
                "category-id": 0
            },
            {
                "source-group-title": "VOD: Beck Komplett Kollektion",
                "custom-group-title": "VOD: Beck Komplett Kollektion",
                "include-in-export": false,
                "channel-count": 54,
                "category-id": 0
            },
            {
                "source-group-title": "VOD: Box set [Multi-Sub]",
                "custom-group-title": "VOD: Box set [Multi-Sub]",
                "include-in-export": false,
                "channel-count": 341,
                "category-id": 0
            },
            {
                "source-group-title": "VOD: Bud Spencer",
                "custom-group-title": "VOD: Bud Spencer",
                "include-in-export": false,
                "channel-count": 32,
                "category-id": 0
            },
            {
                "source-group-title": "VOD: Cheech and Chong",
                "custom-group-title": "VOD: Cheech and Chong",
                "include-in-export": false,
                "channel-count": 7,
                "category-id": 0
            },
            {
                "source-group-title": "VOD: Christmas Movies [Multi-Sub]",
                "custom-group-title": "VOD: Christmas Movies [Multi-Sub]",
                "include-in-export": false,
                "channel-count": 154,
                "category-id": 0
            },
            {
                "source-group-title": "VOD: Crtani Filmovi [Ex-yu]",
                "custom-group-title": "VOD: Crtani Filmovi [Ex-yu]",
                "include-in-export": false,
                "channel-count": 397,
                "category-id": 0
            },
            {
                "source-group-title": "VOD: Danske - Norska - Suomalainen Film",
                "custom-group-title": "VOD: Danske - Norska - Suomalainen Film",
                "include-in-export": false,
                "channel-count": 507,
                "category-id": 0
            },
            {
                "source-group-title": "VOD: Disney [Ar-Eng] [Multi-Audio]",
                "custom-group-title": "VOD: Disney [Ar-Eng] [Multi-Audio]",
                "include-in-export": false,
                "channel-count": 117,
                "category-id": 0
            },
            {
                "source-group-title": "VOD: Disney [ENG]",
                "custom-group-title": "VOD: Disney [ENG]",
                "include-in-export": false,
                "channel-count": 560,
                "category-id": 0
            },
            {
                "source-group-title": "VOD: English Movies [Arabic Subtitle]",
                "custom-group-title": "VOD: English Movies [Arabic Subtitle]",
                "include-in-export": false,
                "channel-count": 2925,
                "category-id": 0
            },
            {
                "source-group-title": "VOD: English Movies [Czech Subtitle]",
                "custom-group-title": "VOD: English Movies [Czech Subtitle]",
                "include-in-export": false,
                "channel-count": 28,
                "category-id": 0
            },
            {
                "source-group-title": "VOD: English Movies [Kurdish Subtitle]",
                "custom-group-title": "VOD: English Movies [Kurdish Subtitle]",
                "include-in-export": false,
                "channel-count": 44,
                "category-id": 0
            },
            {
                "source-group-title": "VOD: Events",
                "custom-group-title": "VOD: Events",
                "include-in-export": false,
                "channel-count": 661,
                "category-id": 0
            },
            {
                "source-group-title": "VOD: Germany",
                "custom-group-title": "VOD: Germany",
                "include-in-export": false,
                "channel-count": 21,
                "category-id": 0
            },
            {
                "source-group-title": "VOD: Halloween Movies",
                "custom-group-title": "VOD: Halloween Movies",
                "include-in-export": false,
                "channel-count": 41,
                "category-id": 0
            },
            {
                "source-group-title": "VOD: IMDB Top Movies [Multi-Sub]",
                "custom-group-title": "VOD: IMDB Top Movies [Multi-Sub]",
                "include-in-export": false,
                "channel-count": 241,
                "category-id": 0
            },
            {
                "source-group-title": "VOD: India",
                "custom-group-title": "VOD: India",
                "include-in-export": false,
                "channel-count": 217,
                "category-id": 0
            },
            {
                "source-group-title": "VOD: Iran",
                "custom-group-title": "VOD: Iran",
                "include-in-export": false,
                "channel-count": 180,
                "category-id": 0
            },
            {
                "source-group-title": "VOD: Jackie Chan Collection [AR-SUB]",
                "custom-group-title": "VOD: Jackie Chan Collection [AR-SUB]",
                "include-in-export": false,
                "channel-count": 74,
                "category-id": 0
            },
            {
                "source-group-title": "VOD: James Bond Collection",
                "custom-group-title": "VOD: James Bond Collection",
                "include-in-export": false,
                "channel-count": 25,
                "category-id": 0
            },
            {
                "source-group-title": "VOD: Johan Falk",
                "custom-group-title": "VOD: Johan Falk",
                "include-in-export": false,
                "channel-count": 17,
                "category-id": 0
            },
            {
                "source-group-title": "VOD: Kids Movies",
                "custom-group-title": "VOD: Kids Movies",
                "include-in-export": false,
                "channel-count": 920,
                "category-id": 0
            },
            {
                "source-group-title": "VOD: Kommisarie Montalbano",
                "custom-group-title": "VOD: Kommisarie Montalbano",
                "include-in-export": false,
                "channel-count": 31,
                "category-id": 0
            },
            {
                "source-group-title": "VOD: Music Concerts",
                "custom-group-title": "VOD: Music Concerts",
                "include-in-export": false,
                "channel-count": 927,
                "category-id": 0
            },
            {
                "source-group-title": "VOD: N1 Sports Events Replays",
                "custom-group-title": "VOD: N1 Sports Events Replays",
                "include-in-export": false,
                "channel-count": 1129,
                "category-id": 0
            },
            {
                "source-group-title": "VOD: Old Popular Movies [Multi-Sub]",
                "custom-group-title": "VOD: Old Popular Movies [Multi-Sub]",
                "include-in-export": false,
                "channel-count": 7251,
                "category-id": 0
            },
            {
                "source-group-title": "VOD: Polska",
                "custom-group-title": "VOD: Polska",
                "include-in-export": false,
                "channel-count": 945,
                "category-id": 0
            },
            {
                "source-group-title": "VOD: Premiere Cinemas [Multi-Sub]",
                "custom-group-title": "VOD: Premiere Cinemas [Multi-Sub]",
                "include-in-export": false,
                "channel-count": 4484,
                "category-id": 0
            },
            {
                "source-group-title": "VOD: Relaxing Music",
                "custom-group-title": "VOD: Relaxing Music",
                "include-in-export": false,
                "channel-count": 9,
                "category-id": 0
            },
            {
                "source-group-title": "VOD: Svenska",
                "custom-group-title": "VOD: Svenska",
                "include-in-export": false,
                "channel-count": 671,
                "category-id": 0
            },
            {
                "source-group-title": "VOD: Turkey",
                "custom-group-title": "VOD: Turkey",
                "include-in-export": false,
                "channel-count": 195,
                "category-id": 0
            },
            {
                "source-group-title": "VOD: Van Damme Collection",
                "custom-group-title": "VOD: Van Damme Collection",
                "include-in-export": false,
                "channel-count": 41,
                "category-id": 0
            },
            {
                "source-group-title": "VOD: Vietnam",
                "custom-group-title": "VOD: Vietnam",
                "include-in-export": false,
                "channel-count": 63,
                "category-id": 0
            },
            {
                "source-group-title": "VOD: Wallander",
                "custom-group-title": "VOD: Wallander",
                "include-in-export": false,
                "channel-count": 32,
                "category-id": 0
            },
            {
                "source-group-title": "VOD: [Dolby Vision] 4k Movies [Multi-Sub] [Only On Dolby Vision Devices]",
                "custom-group-title": "VOD: [Dolby Vision] 4k Movies [Multi-Sub] [Only On Dolby Vision Devices]",
                "include-in-export": false,
                "channel-count": 20,
                "category-id": 0
            },
            {
                "source-group-title": "VOD: ex-Yu Movies",
                "custom-group-title": "VOD: ex-Yu Movies",
                "include-in-export": false,
                "channel-count": 810,
                "category-id": 0
            },
            {
                "source-group-title": "Venezuela",
                "custom-group-title": "Venezuela",
                "include-in-export": false,
                "channel-count": 63,
                "category-id": 0
            },
            {
                "source-group-title": "Viaplay Sport DK",
                "custom-group-title": "Viaplay Sport DK",
                "include-in-export": false,
                "channel-count": 39,
                "category-id": 0
            },
            {
                "source-group-title": "Viaplay Sport FI",
                "custom-group-title": "Viaplay Sport FI",
                "include-in-export": false,
                "channel-count": 41,
                "category-id": 0
            },
            {
                "source-group-title": "Viaplay Sport IS",
                "custom-group-title": "Viaplay Sport IS",
                "include-in-export": false,
                "channel-count": 50,
                "category-id": 0
            },
            {
                "source-group-title": "Viaplay Sport NL",
                "custom-group-title": "Viaplay Sport NL",
                "include-in-export": false,
                "channel-count": 67,
                "category-id": 0
            },
            {
                "source-group-title": "Viaplay Sport NO",
                "custom-group-title": "Viaplay Sport NO",
                "include-in-export": false,
                "channel-count": 42,
                "category-id": 0
            },
            {
                "source-group-title": "Viaplay Sport PL",
                "custom-group-title": "Viaplay Sport PL",
                "include-in-export": false,
                "channel-count": 19,
                "category-id": 0
            },
            {
                "source-group-title": "Viaplay Sport SE",
                "custom-group-title": "Viaplay Sport SE",
                "include-in-export": false,
                "channel-count": 39,
                "category-id": 0
            },
            {
                "source-group-title": "Viaplay Sport UK",
                "custom-group-title": "Viaplay Sport UK",
                "include-in-export": false,
                "channel-count": 52,
                "category-id": 0
            },
            {
                "source-group-title": "Vietnam",
                "custom-group-title": "Vietnam",
                "include-in-export": false,
                "channel-count": 99,
                "category-id": 0
            },
            {
                "source-group-title": "World Football Events",
                "custom-group-title": "World Football Events",
                "include-in-export": false,
                "channel-count": 40,
                "category-id": 0
            },
            {
                "source-group-title": "World PPV Fights",
                "custom-group-title": "World PPV Fights",
                "include-in-export": false,
                "channel-count": 40,
                "category-id": 0
            },
            {
                "source-group-title": "World Padel Tour TV",
                "custom-group-title": "World Padel Tour TV",
                "include-in-export": false,
                "channel-count": 1,
                "category-id": 0
            }
        ]
    }
}
Received Data:
{
    "reset": true,
    "configData": {
        "date": "2025-05-01 08:27",
        "group-count": 204,
        "channel-count-total": 202450,
        "live-channels": [
            {
                "source-group-title": "live-channels",
                "custom-group-title": "live-channels",
                "include-in-export": false,
                "channel-count": 0,
                "category-id": 0
            }
        ],
        "movies": [
            {
                "source-group-title": "movies",
                "custom-group-title": "movies",
                "include-in-export": false,
                "channel-count": 0,
                "category-id": 0
            }
        ],
        "series": [
            {
                "source-group-title": "series",
                "custom-group-title": "series",
                "include-in-export": false,
                "channel-count": 0,
                "category-id": 0
            }
        ],
        "4k-movies": [
            {
                "source-group-title": "4k-movies",
                "custom-group-title": "4k-movies",
                "include-in-export": false,
                "channel-count": 0,
                "category-id": 0
            }
        ],
        "box-sets": [
            {
                "source-group-title": "box-sets",
                "custom-group-title": "box-sets",
                "include-in-export": false,
                "channel-count": 0,
                "category-id": 0
            }
        ],
        "live-sports": [
            {
                "source-group-title": "live-sports",
                "custom-group-title": "live-sports",
                "include-in-export": false,
                "channel-count": 0,
                "category-id": 0
            }
        ],
        "kids-movies": [
            {
                "source-group-title": "kids-movies",
                "custom-group-title": "kids-movies",
                "include-in-export": false,
                "channel-count": 0,
                "category-id": 0
            }
        ],
        "kids-series": [
            {
                "source-group-title": "kids-series",
                "custom-group-title": "kids-series",
                "include-in-export": false,
                "channel-count": 0,
                "category-id": 0
            }
        ],
        "music-events": [
            {
                "source-group-title": "music-events",
                "custom-group-title": "music-events",
                "include-in-export": false,
                "channel-count": 0,
                "category-id": 0
            }
        ],
        "24\/7": [
            {
                "source-group-title": "24\/7",
                "custom-group-title": "24\/7",
                "include-in-export": false,
                "channel-count": 0,
                "category-id": 0
            }
        ],
        "favorites": [
            {
                "source-group-title": "favorites",
                "custom-group-title": "favorites",
                "include-in-export": false,
                "channel-count": 0,
                "category-id": 0
            }
        ],
        "unsorted": [
            {
                "source-group-title": "24\/7 Danish",
                "custom-group-title": "24\/7 Danish",
                "include-in-export": false,
                "channel-count": 67,
                "category-id": 0
            },
            {
                "source-group-title": "24\/7 Germany",
                "custom-group-title": "24\/7 Germany",
                "include-in-export": false,
                "channel-count": 90,
                "category-id": 0
            },
            {
                "source-group-title": "24\/7 Movies",
                "custom-group-title": "24\/7 Movies",
                "include-in-export": false,
                "channel-count": 74,
                "category-id": 0
            },
            {
                "source-group-title": "24\/7 Norwegian",
                "custom-group-title": "24\/7 Norwegian",
                "include-in-export": false,
                "channel-count": 71,
                "category-id": 0
            },
            {
                "source-group-title": "24\/7 Spain",
                "custom-group-title": "24\/7 Spain",
                "include-in-export": false,
                "channel-count": 91,
                "category-id": 0
            },
            {
                "source-group-title": "24\/7 Swedish",
                "custom-group-title": "24\/7 Swedish",
                "include-in-export": false,
                "channel-count": 161,
                "category-id": 0
            },
            {
                "source-group-title": "24\/7 UK",
                "custom-group-title": "24\/7 UK",
                "include-in-export": false,
                "channel-count": 93,
                "category-id": 0
            },
            {
                "source-group-title": "24\/7 United States",
                "custom-group-title": "24\/7 United States",
                "include-in-export": false,
                "channel-count": 225,
                "category-id": 0
            },
            {
                "source-group-title": "Afghanistan",
                "custom-group-title": "Afghanistan",
                "include-in-export": false,
                "channel-count": 34,
                "category-id": 0
            },
            {
                "source-group-title": "Africa",
                "custom-group-title": "Africa",
                "include-in-export": false,
                "channel-count": 329,
                "category-id": 0
            },
            {
                "source-group-title": "Albania",
                "custom-group-title": "Albania",
                "include-in-export": false,
                "channel-count": 310,
                "category-id": 0
            },
            {
                "source-group-title": "Arabic",
                "custom-group-title": "Arabic",
                "include-in-export": false,
                "channel-count": 385,
                "category-id": 0
            },
            {
                "source-group-title": "Arabic Entertainment",
                "custom-group-title": "Arabic Entertainment",
                "include-in-export": false,
                "channel-count": 237,
                "category-id": 0
            },
            {
                "source-group-title": "Arabic News",
                "custom-group-title": "Arabic News",
                "include-in-export": false,
                "channel-count": 47,
                "category-id": 0
            },
            {
                "source-group-title": "Arabic Sports",
                "custom-group-title": "Arabic Sports",
                "include-in-export": false,
                "channel-count": 144,
                "category-id": 0
            },
            {
                "source-group-title": "Argentina",
                "custom-group-title": "Argentina",
                "include-in-export": false,
                "channel-count": 253,
                "category-id": 0
            },
            {
                "source-group-title": "Armenia",
                "custom-group-title": "Armenia",
                "include-in-export": false,
                "channel-count": 66,
                "category-id": 0
            },
            {
                "source-group-title": "Australia & New Zealand",
                "custom-group-title": "Australia & New Zealand",
                "include-in-export": false,
                "channel-count": 220,
                "category-id": 0
            },
            {
                "source-group-title": "Azerbaijan",
                "custom-group-title": "Azerbaijan",
                "include-in-export": false,
                "channel-count": 13,
                "category-id": 0
            },
            {
                "source-group-title": "Bangladesh",
                "custom-group-title": "Bangladesh",
                "include-in-export": false,
                "channel-count": 47,
                "category-id": 0
            },
            {
                "source-group-title": "Belgium",
                "custom-group-title": "Belgium",
                "include-in-export": false,
                "channel-count": 71,
                "category-id": 0
            },
            {
                "source-group-title": "Bolivia",
                "custom-group-title": "Bolivia",
                "include-in-export": false,
                "channel-count": 65,
                "category-id": 0
            },
            {
                "source-group-title": "Bosnia i Hercegovina",
                "custom-group-title": "Bosnia i Hercegovina",
                "include-in-export": false,
                "channel-count": 126,
                "category-id": 0
            },
            {
                "source-group-title": "Brazil",
                "custom-group-title": "Brazil",
                "include-in-export": false,
                "channel-count": 283,
                "category-id": 0
            },
            {
                "source-group-title": "Bulgaria",
                "custom-group-title": "Bulgaria",
                "include-in-export": false,
                "channel-count": 83,
                "category-id": 0
            },
            {
                "source-group-title": "Cambodia",
                "custom-group-title": "Cambodia",
                "include-in-export": false,
                "channel-count": 5,
                "category-id": 0
            },
            {
                "source-group-title": "Canada",
                "custom-group-title": "Canada",
                "include-in-export": false,
                "channel-count": 168,
                "category-id": 0
            },
            {
                "source-group-title": "Caribbean",
                "custom-group-title": "Caribbean",
                "include-in-export": false,
                "channel-count": 176,
                "category-id": 0
            },
            {
                "source-group-title": "Chile",
                "custom-group-title": "Chile",
                "include-in-export": false,
                "channel-count": 350,
                "category-id": 0
            },
            {
                "source-group-title": "China",
                "custom-group-title": "China",
                "include-in-export": false,
                "channel-count": 24,
                "category-id": 0
            },
            {
                "source-group-title": "Colombia",
                "custom-group-title": "Colombia",
                "include-in-export": false,
                "channel-count": 128,
                "category-id": 0
            },
            {
                "source-group-title": "Czech & Slovakia",
                "custom-group-title": "Czech & Slovakia",
                "include-in-export": false,
                "channel-count": 131,
                "category-id": 0
            },
            {
                "source-group-title": "DAZN CA",
                "custom-group-title": "DAZN CA",
                "include-in-export": false,
                "channel-count": 40,
                "category-id": 0
            },
            {
                "source-group-title": "DAZN DE",
                "custom-group-title": "DAZN DE",
                "include-in-export": false,
                "channel-count": 44,
                "category-id": 0
            },
            {
                "source-group-title": "DAZN ES",
                "custom-group-title": "DAZN ES",
                "include-in-export": false,
                "channel-count": 50,
                "category-id": 0
            },
            {
                "source-group-title": "DAZN FR",
                "custom-group-title": "DAZN FR",
                "include-in-export": false,
                "channel-count": 50,
                "category-id": 0
            },
            {
                "source-group-title": "DAZN IT",
                "custom-group-title": "DAZN IT",
                "include-in-export": false,
                "channel-count": 50,
                "category-id": 0
            },
            {
                "source-group-title": "DAZN SE",
                "custom-group-title": "DAZN SE",
                "include-in-export": false,
                "channel-count": 50,
                "category-id": 0
            },
            {
                "source-group-title": "DYN Sport Event DE",
                "custom-group-title": "DYN Sport Event DE",
                "include-in-export": false,
                "channel-count": 25,
                "category-id": 0
            },
            {
                "source-group-title": "Denmark",
                "custom-group-title": "Denmark",
                "include-in-export": false,
                "channel-count": 219,
                "category-id": 0
            },
            {
                "source-group-title": "Direket Sport Events NO",
                "custom-group-title": "Direket Sport Events NO",
                "include-in-export": false,
                "channel-count": 50,
                "category-id": 0
            },
            {
                "source-group-title": "Discovery+ Sport DE",
                "custom-group-title": "Discovery+ Sport DE",
                "include-in-export": false,
                "channel-count": 34,
                "category-id": 0
            },
            {
                "source-group-title": "Discovery+ Sport NL",
                "custom-group-title": "Discovery+ Sport NL",
                "include-in-export": false,
                "channel-count": 50,
                "category-id": 0
            },
            {
                "source-group-title": "Discovery+ Sport NO",
                "custom-group-title": "Discovery+ Sport NO",
                "include-in-export": false,
                "channel-count": 38,
                "category-id": 0
            },
            {
                "source-group-title": "Discovery+ Sport SE",
                "custom-group-title": "Discovery+ Sport SE",
                "include-in-export": false,
                "channel-count": 131,
                "category-id": 0
            },
            {
                "source-group-title": "Disney Plus SE",
                "custom-group-title": "Disney Plus SE",
                "include-in-export": false,
                "channel-count": 1,
                "category-id": 0
            },
            {
                "source-group-title": "EFL \/ iFOLLOW UK",
                "custom-group-title": "EFL \/ iFOLLOW UK",
                "include-in-export": false,
                "channel-count": 73,
                "category-id": 0
            },
            {
                "source-group-title": "EPL UK",
                "custom-group-title": "EPL UK",
                "include-in-export": false,
                "channel-count": 20,
                "category-id": 0
            },
            {
                "source-group-title": "EX-YU Sport",
                "custom-group-title": "EX-YU Sport",
                "include-in-export": false,
                "channel-count": 95,
                "category-id": 0
            },
            {
                "source-group-title": "Ecuador",
                "custom-group-title": "Ecuador",
                "include-in-export": false,
                "channel-count": 52,
                "category-id": 0
            },
            {
                "source-group-title": "El Salvador",
                "custom-group-title": "El Salvador",
                "include-in-export": false,
                "channel-count": 27,
                "category-id": 0
            },
            {
                "source-group-title": "Elitserien Live SE",
                "custom-group-title": "Elitserien Live SE",
                "include-in-export": false,
                "channel-count": 1,
                "category-id": 0
            },
            {
                "source-group-title": "Estonia",
                "custom-group-title": "Estonia",
                "include-in-export": false,
                "channel-count": 5,
                "category-id": 0
            },
            {
                "source-group-title": "EttanPlay SE",
                "custom-group-title": "EttanPlay SE",
                "include-in-export": false,
                "channel-count": 1,
                "category-id": 0
            },
            {
                "source-group-title": "FANSEAT Events SE",
                "custom-group-title": "FANSEAT Events SE",
                "include-in-export": false,
                "channel-count": 15,
                "category-id": 0
            },
            {
                "source-group-title": "Finland",
                "custom-group-title": "Finland",
                "include-in-export": false,
                "channel-count": 195,
                "category-id": 0
            },
            {
                "source-group-title": "For Adults",
                "custom-group-title": "For Adults",
                "include-in-export": false,
                "channel-count": 1833,
                "category-id": 0
            },
            {
                "source-group-title": "Formula 1 \/ Racing",
                "custom-group-title": "Formula 1 \/ Racing",
                "include-in-export": false,
                "channel-count": 34,
                "category-id": 0
            },
            {
                "source-group-title": "France",
                "custom-group-title": "France",
                "include-in-export": false,
                "channel-count": 267,
                "category-id": 0
            },
            {
                "source-group-title": "Germany",
                "custom-group-title": "Germany",
                "include-in-export": false,
                "channel-count": 353,
                "category-id": 0
            },
            {
                "source-group-title": "Greece",
                "custom-group-title": "Greece",
                "include-in-export": false,
                "channel-count": 99,
                "category-id": 0
            },
            {
                "source-group-title": "Handbollsligan SE",
                "custom-group-title": "Handbollsligan SE",
                "include-in-export": false,
                "channel-count": 2,
                "category-id": 0
            },
            {
                "source-group-title": "Hockey - Metal Ligaen DK",
                "custom-group-title": "Hockey - Metal Ligaen DK",
                "include-in-export": false,
                "channel-count": 4,
                "category-id": 0
            },
            {
                "source-group-title": "HockeyEttan SE",
                "custom-group-title": "HockeyEttan SE",
                "include-in-export": false,
                "channel-count": 15,
                "category-id": 0
            },
            {
                "source-group-title": "Hong Kong",
                "custom-group-title": "Hong Kong",
                "include-in-export": false,
                "channel-count": 18,
                "category-id": 0
            },
            {
                "source-group-title": "Hrvatska",
                "custom-group-title": "Hrvatska",
                "include-in-export": false,
                "channel-count": 172,
                "category-id": 0
            },
            {
                "source-group-title": "Hungary",
                "custom-group-title": "Hungary",
                "include-in-export": false,
                "channel-count": 142,
                "category-id": 0
            },
            {
                "source-group-title": "Iceland",
                "custom-group-title": "Iceland",
                "include-in-export": false,
                "channel-count": 58,
                "category-id": 0
            },
            {
                "source-group-title": "India",
                "custom-group-title": "India",
                "include-in-export": false,
                "channel-count": 477,
                "category-id": 0
            },
            {
                "source-group-title": "Indonesia",
                "custom-group-title": "Indonesia",
                "include-in-export": false,
                "channel-count": 43,
                "category-id": 0
            },
            {
                "source-group-title": "Innebandy SE",
                "custom-group-title": "Innebandy SE",
                "include-in-export": false,
                "channel-count": 38,
                "category-id": 0
            },
            {
                "source-group-title": "Iran",
                "custom-group-title": "Iran",
                "include-in-export": false,
                "channel-count": 200,
                "category-id": 0
            },
            {
                "source-group-title": "Israel",
                "custom-group-title": "Israel",
                "include-in-export": false,
                "channel-count": 78,
                "category-id": 0
            },
            {
                "source-group-title": "Italy",
                "custom-group-title": "Italy",
                "include-in-export": false,
                "channel-count": 234,
                "category-id": 0
            },
            {
                "source-group-title": "Japan",
                "custom-group-title": "Japan",
                "include-in-export": false,
                "channel-count": 28,
                "category-id": 0
            },
            {
                "source-group-title": "Korea",
                "custom-group-title": "Korea",
                "include-in-export": false,
                "channel-count": 73,
                "category-id": 0
            },
            {
                "source-group-title": "Kurdistan",
                "custom-group-title": "Kurdistan",
                "include-in-export": false,
                "channel-count": 314,
                "category-id": 0
            },
            {
                "source-group-title": "LIVEY Sports IS",
                "custom-group-title": "LIVEY Sports IS",
                "include-in-export": false,
                "channel-count": 30,
                "category-id": 0
            },
            {
                "source-group-title": "Latino",
                "custom-group-title": "Latino",
                "include-in-export": false,
                "channel-count": 302,
                "category-id": 0
            },
            {
                "source-group-title": "Lithuania",
                "custom-group-title": "Lithuania",
                "include-in-export": false,
                "channel-count": 30,
                "category-id": 0
            },
            {
                "source-group-title": "MAX Sport DK",
                "custom-group-title": "MAX Sport DK",
                "include-in-export": false,
                "channel-count": 15,
                "category-id": 0
            },
            {
                "source-group-title": "MAX Sport FI",
                "custom-group-title": "MAX Sport FI",
                "include-in-export": false,
                "channel-count": 23,
                "category-id": 0
            },
            {
                "source-group-title": "MLS Soccer US",
                "custom-group-title": "MLS Soccer US",
                "include-in-export": false,
                "channel-count": 34,
                "category-id": 0
            },
            {
                "source-group-title": "MTV Urheilu Events FI",
                "custom-group-title": "MTV Urheilu Events FI",
                "include-in-export": false,
                "channel-count": 16,
                "category-id": 0
            },
            {
                "source-group-title": "Macedonia",
                "custom-group-title": "Macedonia",
                "include-in-export": false,
                "channel-count": 77,
                "category-id": 0
            },
            {
                "source-group-title": "Malaysia",
                "custom-group-title": "Malaysia",
                "include-in-export": false,
                "channel-count": 120,
                "category-id": 0
            },
            {
                "source-group-title": "Malta",
                "custom-group-title": "Malta",
                "include-in-export": false,
                "channel-count": 64,
                "category-id": 0
            },
            {
                "source-group-title": "Max Sports DK",
                "custom-group-title": "Max Sports DK",
                "include-in-export": false,
                "channel-count": 50,
                "category-id": 0
            },
            {
                "source-group-title": "Max Sports NO",
                "custom-group-title": "Max Sports NO",
                "include-in-export": false,
                "channel-count": 1,
                "category-id": 0
            },
            {
                "source-group-title": "Max Sports SE",
                "custom-group-title": "Max Sports SE",
                "include-in-export": false,
                "channel-count": 15,
                "category-id": 0
            },
            {
                "source-group-title": "Mexico",
                "custom-group-title": "Mexico",
                "include-in-export": false,
                "channel-count": 174,
                "category-id": 0
            },
            {
                "source-group-title": "Music Package",
                "custom-group-title": "Music Package",
                "include-in-export": false,
                "channel-count": 106,
                "category-id": 0
            },
            {
                "source-group-title": "Netherlands",
                "custom-group-title": "Netherlands",
                "include-in-export": false,
                "channel-count": 136,
                "category-id": 0
            },
            {
                "source-group-title": "Norway",
                "custom-group-title": "Norway",
                "include-in-export": false,
                "channel-count": 253,
                "category-id": 0
            },
            {
                "source-group-title": "Pakistan",
                "custom-group-title": "Pakistan",
                "include-in-export": false,
                "channel-count": 135,
                "category-id": 0
            },
            {
                "source-group-title": "Paraguay",
                "custom-group-title": "Paraguay",
                "include-in-export": false,
                "channel-count": 45,
                "category-id": 0
            },
            {
                "source-group-title": "Peacock \/ DAZN US",
                "custom-group-title": "Peacock \/ DAZN US",
                "include-in-export": false,
                "channel-count": 48,
                "category-id": 0
            },
            {
                "source-group-title": "Peru",
                "custom-group-title": "Peru",
                "include-in-export": false,
                "channel-count": 189,
                "category-id": 0
            },
            {
                "source-group-title": "Philippines",
                "custom-group-title": "Philippines",
                "include-in-export": false,
                "channel-count": 132,
                "category-id": 0
            },
            {
                "source-group-title": "Poland",
                "custom-group-title": "Poland",
                "include-in-export": false,
                "channel-count": 228,
                "category-id": 0
            },
            {
                "source-group-title": "Portugal",
                "custom-group-title": "Portugal",
                "include-in-export": false,
                "channel-count": 175,
                "category-id": 0
            },
            {
                "source-group-title": "Prime Sports SE",
                "custom-group-title": "Prime Sports SE",
                "include-in-export": false,
                "channel-count": 41,
                "category-id": 0
            },
            {
                "source-group-title": "Romania",
                "custom-group-title": "Romania",
                "include-in-export": false,
                "channel-count": 176,
                "category-id": 0
            },
            {
                "source-group-title": "Russia",
                "custom-group-title": "Russia",
                "include-in-export": false,
                "channel-count": 304,
                "category-id": 0
            },
            {
                "source-group-title": "Ruutu Events FI",
                "custom-group-title": "Ruutu Events FI",
                "include-in-export": false,
                "channel-count": 16,
                "category-id": 0
            },
            {
                "source-group-title": "SPFL - Scottish Football League UK",
                "custom-group-title": "SPFL - Scottish Football League UK",
                "include-in-export": false,
                "channel-count": 18,
                "category-id": 0
            },
            {
                "source-group-title": "Series: Albania",
                "custom-group-title": "Series: Albania",
                "include-in-export": false,
                "channel-count": 72,
                "category-id": 0
            },
            {
                "source-group-title": "Series: Arabic",
                "custom-group-title": "Series: Arabic",
                "include-in-export": false,
                "channel-count": 32585,
                "category-id": 0
            },
            {
                "source-group-title": "Series: Barn",
                "custom-group-title": "Series: Barn",
                "include-in-export": false,
                "channel-count": 17961,
                "category-id": 0
            },
            {
                "source-group-title": "Series: EX-YU",
                "custom-group-title": "Series: EX-YU",
                "include-in-export": false,
                "channel-count": 2106,
                "category-id": 0
            },
            {
                "source-group-title": "Series: English [Arabic-Sub]",
                "custom-group-title": "Series: English [Arabic-Sub]",
                "include-in-export": false,
                "channel-count": 661,
                "category-id": 0
            },
            {
                "source-group-title": "Series: English [Multi-Sub]",
                "custom-group-title": "Series: English [Multi-Sub]",
                "include-in-export": false,
                "channel-count": 81232,
                "category-id": 0
            },
            {
                "source-group-title": "Series: English [Multi-Sub] [4K] [Only On 4K Devices]",
                "custom-group-title": "Series: English [Multi-Sub] [4K] [Only On 4K Devices]",
                "include-in-export": false,
                "channel-count": 718,
                "category-id": 0
            },
            {
                "source-group-title": "Series: Kurdish",
                "custom-group-title": "Series: Kurdish",
                "include-in-export": false,
                "channel-count": 30,
                "category-id": 0
            },
            {
                "source-group-title": "Series: NORDIC",
                "custom-group-title": "Series: NORDIC",
                "include-in-export": false,
                "channel-count": 18967,
                "category-id": 0
            },
            {
                "source-group-title": "Series: Turkey",
                "custom-group-title": "Series: Turkey",
                "include-in-export": false,
                "channel-count": 135,
                "category-id": 0
            },
            {
                "source-group-title": "Series: Turkey [Arabic Sub]",
                "custom-group-title": "Series: Turkey [Arabic Sub]",
                "include-in-export": false,
                "channel-count": 2926,
                "category-id": 0
            },
            {
                "source-group-title": "Slovenia",
                "custom-group-title": "Slovenia",
                "include-in-export": false,
                "channel-count": 73,
                "category-id": 0
            },
            {
                "source-group-title": "Somalia",
                "custom-group-title": "Somalia",
                "include-in-export": false,
                "channel-count": 26,
                "category-id": 0
            },
            {
                "source-group-title": "Spain",
                "custom-group-title": "Spain",
                "include-in-export": false,
                "channel-count": 224,
                "category-id": 0
            },
            {
                "source-group-title": "Speedway - ESS Play SE",
                "custom-group-title": "Speedway - ESS Play SE",
                "include-in-export": false,
                "channel-count": 1,
                "category-id": 0
            },
            {
                "source-group-title": "Sport Package",
                "custom-group-title": "Sport Package",
                "include-in-export": false,
                "channel-count": 86,
                "category-id": 0
            },
            {
                "source-group-title": "SportExpressen\/Aftonbladet SE",
                "custom-group-title": "SportExpressen\/Aftonbladet SE",
                "include-in-export": false,
                "channel-count": 2,
                "category-id": 0
            },
            {
                "source-group-title": "Srbija\/Crna Gora",
                "custom-group-title": "Srbija\/Crna Gora",
                "include-in-export": false,
                "channel-count": 329,
                "category-id": 0
            },
            {
                "source-group-title": "Sri Lanka",
                "custom-group-title": "Sri Lanka",
                "include-in-export": false,
                "channel-count": 23,
                "category-id": 0
            },
            {
                "source-group-title": "Sudan",
                "custom-group-title": "Sudan",
                "include-in-export": false,
                "channel-count": 16,
                "category-id": 0
            },
            {
                "source-group-title": "Super Sports CA",
                "custom-group-title": "Super Sports CA",
                "include-in-export": false,
                "channel-count": 51,
                "category-id": 0
            },
            {
                "source-group-title": "Svensk Hockey SE",
                "custom-group-title": "Svensk Hockey SE",
                "include-in-export": false,
                "channel-count": 252,
                "category-id": 0
            },
            {
                "source-group-title": "Svenskbil Sport \/ Folkrace SE",
                "custom-group-title": "Svenskbil Sport \/ Folkrace SE",
                "include-in-export": false,
                "channel-count": 2,
                "category-id": 0
            },
            {
                "source-group-title": "Sweden",
                "custom-group-title": "Sweden",
                "include-in-export": false,
                "channel-count": 388,
                "category-id": 0
            },
            {
                "source-group-title": "Switzerland",
                "custom-group-title": "Switzerland",
                "include-in-export": false,
                "channel-count": 47,
                "category-id": 0
            },
            {
                "source-group-title": "S\u00edminnSport Events IS",
                "custom-group-title": "S\u00edminnSport Events IS",
                "include-in-export": false,
                "channel-count": 50,
                "category-id": 0
            },
            {
                "source-group-title": "TV2 Play NO",
                "custom-group-title": "TV2 Play NO",
                "include-in-export": false,
                "channel-count": 17,
                "category-id": 0
            },
            {
                "source-group-title": "TV2 Sport DK",
                "custom-group-title": "TV2 Sport DK",
                "include-in-export": false,
                "channel-count": 22,
                "category-id": 0
            },
            {
                "source-group-title": "TV4 Play SE",
                "custom-group-title": "TV4 Play SE",
                "include-in-export": false,
                "channel-count": 18,
                "category-id": 0
            },
            {
                "source-group-title": "Taiwan",
                "custom-group-title": "Taiwan",
                "include-in-export": false,
                "channel-count": 1,
                "category-id": 0
            },
            {
                "source-group-title": "Telia Play Events FI",
                "custom-group-title": "Telia Play Events FI",
                "include-in-export": false,
                "channel-count": 40,
                "category-id": 0
            },
            {
                "source-group-title": "Telia Play Events SE",
                "custom-group-title": "Telia Play Events SE",
                "include-in-export": false,
                "channel-count": 49,
                "category-id": 0
            },
            {
                "source-group-title": "Thailand",
                "custom-group-title": "Thailand",
                "include-in-export": false,
                "channel-count": 284,
                "category-id": 0
            },
            {
                "source-group-title": "Turkey",
                "custom-group-title": "Turkey",
                "include-in-export": false,
                "channel-count": 459,
                "category-id": 0
            },
            {
                "source-group-title": "US ABC Network",
                "custom-group-title": "US ABC Network",
                "include-in-export": false,
                "channel-count": 33,
                "category-id": 0
            },
            {
                "source-group-title": "US CBS Network",
                "custom-group-title": "US CBS Network",
                "include-in-export": false,
                "channel-count": 187,
                "category-id": 0
            },
            {
                "source-group-title": "US Fox Network",
                "custom-group-title": "US Fox Network",
                "include-in-export": false,
                "channel-count": 178,
                "category-id": 0
            },
            {
                "source-group-title": "US LIVE EVENTS \/ ESPN+",
                "custom-group-title": "US LIVE EVENTS \/ ESPN+",
                "include-in-export": false,
                "channel-count": 105,
                "category-id": 0
            },
            {
                "source-group-title": "US NBC Network",
                "custom-group-title": "US NBC Network",
                "include-in-export": false,
                "channel-count": 125,
                "category-id": 0
            },
            {
                "source-group-title": "US Sports",
                "custom-group-title": "US Sports",
                "include-in-export": false,
                "channel-count": 292,
                "category-id": 0
            },
            {
                "source-group-title": "Ukraine",
                "custom-group-title": "Ukraine",
                "include-in-export": false,
                "channel-count": 51,
                "category-id": 0
            },
            {
                "source-group-title": "United Kingdom",
                "custom-group-title": "United Kingdom",
                "include-in-export": false,
                "channel-count": 468,
                "category-id": 0
            },
            {
                "source-group-title": "United States",
                "custom-group-title": "United States",
                "include-in-export": false,
                "channel-count": 183,
                "category-id": 0
            },
            {
                "source-group-title": "Uruguay",
                "custom-group-title": "Uruguay",
                "include-in-export": false,
                "channel-count": 46,
                "category-id": 0
            },
            {
                "source-group-title": "VGTV+  NO",
                "custom-group-title": "VGTV+  NO",
                "include-in-export": false,
                "channel-count": 10,
                "category-id": 0
            },
            {
                "source-group-title": "VOD: 4k Movies [Multi-Sub] [Only On 4K Devices]",
                "custom-group-title": "VOD: 4k Movies [Multi-Sub] [Only On 4K Devices]",
                "include-in-export": false,
                "channel-count": 503,
                "category-id": 0
            },
            {
                "source-group-title": "VOD: 4k Old Popular Movies [Multi-Sub] [Only On 4K Devices]",
                "custom-group-title": "VOD: 4k Old Popular Movies [Multi-Sub] [Only On 4K Devices]",
                "include-in-export": false,
                "channel-count": 370,
                "category-id": 0
            },
            {
                "source-group-title": "VOD: Arabic",
                "custom-group-title": "VOD: Arabic",
                "include-in-export": false,
                "channel-count": 1940,
                "category-id": 0
            },
            {
                "source-group-title": "VOD: Astrid Lindgren",
                "custom-group-title": "VOD: Astrid Lindgren",
                "include-in-export": false,
                "channel-count": 25,
                "category-id": 0
            },
            {
                "source-group-title": "VOD: Beck Komplett Kollektion",
                "custom-group-title": "VOD: Beck Komplett Kollektion",
                "include-in-export": false,
                "channel-count": 54,
                "category-id": 0
            },
            {
                "source-group-title": "VOD: Box set [Multi-Sub]",
                "custom-group-title": "VOD: Box set [Multi-Sub]",
                "include-in-export": false,
                "channel-count": 341,
                "category-id": 0
            },
            {
                "source-group-title": "VOD: Bud Spencer",
                "custom-group-title": "VOD: Bud Spencer",
                "include-in-export": false,
                "channel-count": 32,
                "category-id": 0
            },
            {
                "source-group-title": "VOD: Cheech and Chong",
                "custom-group-title": "VOD: Cheech and Chong",
                "include-in-export": false,
                "channel-count": 7,
                "category-id": 0
            },
            {
                "source-group-title": "VOD: Christmas Movies [Multi-Sub]",
                "custom-group-title": "VOD: Christmas Movies [Multi-Sub]",
                "include-in-export": false,
                "channel-count": 154,
                "category-id": 0
            },
            {
                "source-group-title": "VOD: Crtani Filmovi [Ex-yu]",
                "custom-group-title": "VOD: Crtani Filmovi [Ex-yu]",
                "include-in-export": false,
                "channel-count": 397,
                "category-id": 0
            },
            {
                "source-group-title": "VOD: Danske - Norska - Suomalainen Film",
                "custom-group-title": "VOD: Danske - Norska - Suomalainen Film",
                "include-in-export": false,
                "channel-count": 507,
                "category-id": 0
            },
            {
                "source-group-title": "VOD: Disney [Ar-Eng] [Multi-Audio]",
                "custom-group-title": "VOD: Disney [Ar-Eng] [Multi-Audio]",
                "include-in-export": false,
                "channel-count": 117,
                "category-id": 0
            },
            {
                "source-group-title": "VOD: Disney [ENG]",
                "custom-group-title": "VOD: Disney [ENG]",
                "include-in-export": false,
                "channel-count": 560,
                "category-id": 0
            },
            {
                "source-group-title": "VOD: English Movies [Arabic Subtitle]",
                "custom-group-title": "VOD: English Movies [Arabic Subtitle]",
                "include-in-export": false,
                "channel-count": 2925,
                "category-id": 0
            },
            {
                "source-group-title": "VOD: English Movies [Czech Subtitle]",
                "custom-group-title": "VOD: English Movies [Czech Subtitle]",
                "include-in-export": false,
                "channel-count": 28,
                "category-id": 0
            },
            {
                "source-group-title": "VOD: English Movies [Kurdish Subtitle]",
                "custom-group-title": "VOD: English Movies [Kurdish Subtitle]",
                "include-in-export": false,
                "channel-count": 44,
                "category-id": 0
            },
            {
                "source-group-title": "VOD: Events",
                "custom-group-title": "VOD: Events",
                "include-in-export": false,
                "channel-count": 661,
                "category-id": 0
            },
            {
                "source-group-title": "VOD: Germany",
                "custom-group-title": "VOD: Germany",
                "include-in-export": false,
                "channel-count": 21,
                "category-id": 0
            },
            {
                "source-group-title": "VOD: Halloween Movies",
                "custom-group-title": "VOD: Halloween Movies",
                "include-in-export": false,
                "channel-count": 41,
                "category-id": 0
            },
            {
                "source-group-title": "VOD: IMDB Top Movies [Multi-Sub]",
                "custom-group-title": "VOD: IMDB Top Movies [Multi-Sub]",
                "include-in-export": false,
                "channel-count": 241,
                "category-id": 0
            },
            {
                "source-group-title": "VOD: India",
                "custom-group-title": "VOD: India",
                "include-in-export": false,
                "channel-count": 217,
                "category-id": 0
            },
            {
                "source-group-title": "VOD: Iran",
                "custom-group-title": "VOD: Iran",
                "include-in-export": false,
                "channel-count": 180,
                "category-id": 0
            },
            {
                "source-group-title": "VOD: Jackie Chan Collection [AR-SUB]",
                "custom-group-title": "VOD: Jackie Chan Collection [AR-SUB]",
                "include-in-export": false,
                "channel-count": 74,
                "category-id": 0
            },
            {
                "source-group-title": "VOD: James Bond Collection",
                "custom-group-title": "VOD: James Bond Collection",
                "include-in-export": false,
                "channel-count": 25,
                "category-id": 0
            },
            {
                "source-group-title": "VOD: Johan Falk",
                "custom-group-title": "VOD: Johan Falk",
                "include-in-export": false,
                "channel-count": 17,
                "category-id": 0
            },
            {
                "source-group-title": "VOD: Kids Movies",
                "custom-group-title": "VOD: Kids Movies",
                "include-in-export": false,
                "channel-count": 920,
                "category-id": 0
            },
            {
                "source-group-title": "VOD: Kommisarie Montalbano",
                "custom-group-title": "VOD: Kommisarie Montalbano",
                "include-in-export": false,
                "channel-count": 31,
                "category-id": 0
            },
            {
                "source-group-title": "VOD: Music Concerts",
                "custom-group-title": "VOD: Music Concerts",
                "include-in-export": false,
                "channel-count": 927,
                "category-id": 0
            },
            {
                "source-group-title": "VOD: N1 Sports Events Replays",
                "custom-group-title": "VOD: N1 Sports Events Replays",
                "include-in-export": false,
                "channel-count": 1129,
                "category-id": 0
            },
            {
                "source-group-title": "VOD: Old Popular Movies [Multi-Sub]",
                "custom-group-title": "VOD: Old Popular Movies [Multi-Sub]",
                "include-in-export": false,
                "channel-count": 7251,
                "category-id": 0
            },
            {
                "source-group-title": "VOD: Polska",
                "custom-group-title": "VOD: Polska",
                "include-in-export": false,
                "channel-count": 945,
                "category-id": 0
            },
            {
                "source-group-title": "VOD: Premiere Cinemas [Multi-Sub]",
                "custom-group-title": "VOD: Premiere Cinemas [Multi-Sub]",
                "include-in-export": false,
                "channel-count": 4484,
                "category-id": 0
            },
            {
                "source-group-title": "VOD: Relaxing Music",
                "custom-group-title": "VOD: Relaxing Music",
                "include-in-export": false,
                "channel-count": 9,
                "category-id": 0
            },
            {
                "source-group-title": "VOD: Svenska",
                "custom-group-title": "VOD: Svenska",
                "include-in-export": false,
                "channel-count": 671,
                "category-id": 0
            },
            {
                "source-group-title": "VOD: Turkey",
                "custom-group-title": "VOD: Turkey",
                "include-in-export": false,
                "channel-count": 195,
                "category-id": 0
            },
            {
                "source-group-title": "VOD: Van Damme Collection",
                "custom-group-title": "VOD: Van Damme Collection",
                "include-in-export": false,
                "channel-count": 41,
                "category-id": 0
            },
            {
                "source-group-title": "VOD: Vietnam",
                "custom-group-title": "VOD: Vietnam",
                "include-in-export": false,
                "channel-count": 63,
                "category-id": 0
            },
            {
                "source-group-title": "VOD: Wallander",
                "custom-group-title": "VOD: Wallander",
                "include-in-export": false,
                "channel-count": 32,
                "category-id": 0
            },
            {
                "source-group-title": "VOD: [Dolby Vision] 4k Movies [Multi-Sub] [Only On Dolby Vision Devices]",
                "custom-group-title": "VOD: [Dolby Vision] 4k Movies [Multi-Sub] [Only On Dolby Vision Devices]",
                "include-in-export": false,
                "channel-count": 20,
                "category-id": 0
            },
            {
                "source-group-title": "VOD: ex-Yu Movies",
                "custom-group-title": "VOD: ex-Yu Movies",
                "include-in-export": false,
                "channel-count": 810,
                "category-id": 0
            },
            {
                "source-group-title": "Venezuela",
                "custom-group-title": "Venezuela",
                "include-in-export": false,
                "channel-count": 63,
                "category-id": 0
            },
            {
                "source-group-title": "Viaplay Sport DK",
                "custom-group-title": "Viaplay Sport DK",
                "include-in-export": false,
                "channel-count": 39,
                "category-id": 0
            },
            {
                "source-group-title": "Viaplay Sport FI",
                "custom-group-title": "Viaplay Sport FI",
                "include-in-export": false,
                "channel-count": 41,
                "category-id": 0
            },
            {
                "source-group-title": "Viaplay Sport IS",
                "custom-group-title": "Viaplay Sport IS",
                "include-in-export": false,
                "channel-count": 50,
                "category-id": 0
            },
            {
                "source-group-title": "Viaplay Sport NL",
                "custom-group-title": "Viaplay Sport NL",
                "include-in-export": false,
                "channel-count": 67,
                "category-id": 0
            },
            {
                "source-group-title": "Viaplay Sport NO",
                "custom-group-title": "Viaplay Sport NO",
                "include-in-export": false,
                "channel-count": 42,
                "category-id": 0
            },
            {
                "source-group-title": "Viaplay Sport PL",
                "custom-group-title": "Viaplay Sport PL",
                "include-in-export": false,
                "channel-count": 19,
                "category-id": 0
            },
            {
                "source-group-title": "Viaplay Sport SE",
                "custom-group-title": "Viaplay Sport SE",
                "include-in-export": false,
                "channel-count": 39,
                "category-id": 0
            },
            {
                "source-group-title": "Viaplay Sport UK",
                "custom-group-title": "Viaplay Sport UK",
                "include-in-export": false,
                "channel-count": 52,
                "category-id": 0
            },
            {
                "source-group-title": "Vietnam",
                "custom-group-title": "Vietnam",
                "include-in-export": false,
                "channel-count": 99,
                "category-id": 0
            },
            {
                "source-group-title": "World Football Events",
                "custom-group-title": "World Football Events",
                "include-in-export": false,
                "channel-count": 40,
                "category-id": 0
            },
            {
                "source-group-title": "World PPV Fights",
                "custom-group-title": "World PPV Fights",
                "include-in-export": false,
                "channel-count": 40,
                "category-id": 0
            },
            {
                "source-group-title": "World Padel Tour TV",
                "custom-group-title": "World Padel Tour TV",
                "include-in-export": false,
                "channel-count": 1,
                "category-id": 0
            }
        ]
    }
}
Received Data:
[
    {
        "source-group-title": "24\/7 Danish",
        "category-id": 1
    }
]
Received Data:
[
    {
        "source-group-title": "24\/7 Germany",
        "category-id": 2
    }
]
Received Data:
[
    {
        "source-group-title": "24\/7 Danish",
        "include-in-export": true
    }
]
Received Data:
[
    {
        "source-group-title": "24\/7 Germany",
        "include-in-export": true
    }
]
Received Data:
[]
Received Data:
[
    {
        "source-group-title": "24\/7 Movies",
        "include-in-export": true
    }
]
Received Data:
[
    {
        "source-group-title": "24\/7 Movies",
        "include-in-export": true
    },
    {
        "source-group-title": "24\/7 Norwegian",
        "include-in-export": true
    },
    {
        "source-group-title": "24\/7 Spain",
        "include-in-export": true
    },
    {
        "source-group-title": "24\/7 Swedish",
        "include-in-export": true
    },
    {
        "source-group-title": "24\/7 UK",
        "include-in-export": true
    },
    {
        "source-group-title": "24\/7 United States",
        "include-in-export": true
    },
    {
        "source-group-title": "Afghanistan",
        "include-in-export": true
    },
    {
        "source-group-title": "Africa",
        "include-in-export": true
    },
    {
        "source-group-title": "Albania",
        "include-in-export": true
    },
    {
        "source-group-title": "Arabic",
        "include-in-export": true
    },
    {
        "source-group-title": "Arabic Entertainment",
        "include-in-export": true
    },
    {
        "source-group-title": "Arabic News",
        "include-in-export": true
    },
    {
        "source-group-title": "Arabic Sports",
        "include-in-export": true
    },
    {
        "source-group-title": "Argentina",
        "include-in-export": true
    },
    {
        "source-group-title": "Armenia",
        "include-in-export": true
    },
    {
        "source-group-title": "Australia & New Zealand",
        "include-in-export": true
    },
    {
        "source-group-title": "Azerbaijan",
        "include-in-export": true
    },
    {
        "source-group-title": "Bangladesh",
        "include-in-export": true
    },
    {
        "source-group-title": "Belgium",
        "include-in-export": true
    },
    {
        "source-group-title": "Bolivia",
        "include-in-export": true
    },
    {
        "source-group-title": "Bosnia i Hercegovina",
        "include-in-export": true
    },
    {
        "source-group-title": "Brazil",
        "include-in-export": true
    },
    {
        "source-group-title": "Bulgaria",
        "include-in-export": true
    },
    {
        "source-group-title": "Cambodia",
        "include-in-export": true
    },
    {
        "source-group-title": "Canada",
        "include-in-export": true
    },
    {
        "source-group-title": "Caribbean",
        "include-in-export": true
    },
    {
        "source-group-title": "Chile",
        "include-in-export": true
    },
    {
        "source-group-title": "China",
        "include-in-export": true
    },
    {
        "source-group-title": "Colombia",
        "include-in-export": true
    },
    {
        "source-group-title": "Czech & Slovakia",
        "include-in-export": true
    },
    {
        "source-group-title": "DAZN CA",
        "include-in-export": true
    },
    {
        "source-group-title": "DAZN DE",
        "include-in-export": true
    },
    {
        "source-group-title": "DAZN ES",
        "include-in-export": true
    },
    {
        "source-group-title": "DAZN FR",
        "include-in-export": true
    },
    {
        "source-group-title": "DAZN IT",
        "include-in-export": true
    },
    {
        "source-group-title": "DAZN SE",
        "include-in-export": true
    },
    {
        "source-group-title": "DYN Sport Event DE",
        "include-in-export": true
    },
    {
        "source-group-title": "Denmark",
        "include-in-export": true
    },
    {
        "source-group-title": "Direket Sport Events NO",
        "include-in-export": true
    },
    {
        "source-group-title": "Discovery+ Sport DE",
        "include-in-export": true
    },
    {
        "source-group-title": "Discovery+ Sport NL",
        "include-in-export": true
    },
    {
        "source-group-title": "Discovery+ Sport NO",
        "include-in-export": true
    },
    {
        "source-group-title": "Discovery+ Sport SE",
        "include-in-export": true
    },
    {
        "source-group-title": "Disney Plus SE",
        "include-in-export": true
    },
    {
        "source-group-title": "EFL \/ iFOLLOW UK",
        "include-in-export": true
    },
    {
        "source-group-title": "EPL UK",
        "include-in-export": true
    },
    {
        "source-group-title": "EX-YU Sport",
        "include-in-export": true
    },
    {
        "source-group-title": "Ecuador",
        "include-in-export": true
    },
    {
        "source-group-title": "El Salvador",
        "include-in-export": true
    },
    {
        "source-group-title": "Elitserien Live SE",
        "include-in-export": true
    },
    {
        "source-group-title": "Estonia",
        "include-in-export": true
    },
    {
        "source-group-title": "EttanPlay SE",
        "include-in-export": true
    },
    {
        "source-group-title": "FANSEAT Events SE",
        "include-in-export": true
    },
    {
        "source-group-title": "Finland",
        "include-in-export": true
    },
    {
        "source-group-title": "For Adults",
        "include-in-export": true
    },
    {
        "source-group-title": "Formula 1 \/ Racing",
        "include-in-export": true
    },
    {
        "source-group-title": "France",
        "include-in-export": true
    },
    {
        "source-group-title": "Germany",
        "include-in-export": true
    },
    {
        "source-group-title": "Greece",
        "include-in-export": true
    },
    {
        "source-group-title": "Handbollsligan SE",
        "include-in-export": true
    },
    {
        "source-group-title": "Hockey - Metal Ligaen DK",
        "include-in-export": true
    },
    {
        "source-group-title": "HockeyEttan SE",
        "include-in-export": true
    },
    {
        "source-group-title": "Hong Kong",
        "include-in-export": true
    },
    {
        "source-group-title": "Hrvatska",
        "include-in-export": true
    },
    {
        "source-group-title": "Hungary",
        "include-in-export": true
    },
    {
        "source-group-title": "Iceland",
        "include-in-export": true
    },
    {
        "source-group-title": "India",
        "include-in-export": true
    },
    {
        "source-group-title": "Indonesia",
        "include-in-export": true
    },
    {
        "source-group-title": "Innebandy SE",
        "include-in-export": true
    },
    {
        "source-group-title": "Iran",
        "include-in-export": true
    },
    {
        "source-group-title": "Israel",
        "include-in-export": true
    },
    {
        "source-group-title": "Italy",
        "include-in-export": true
    },
    {
        "source-group-title": "Japan",
        "include-in-export": true
    },
    {
        "source-group-title": "Korea",
        "include-in-export": true
    },
    {
        "source-group-title": "Kurdistan",
        "include-in-export": true
    },
    {
        "source-group-title": "LIVEY Sports IS",
        "include-in-export": true
    },
    {
        "source-group-title": "Latino",
        "include-in-export": true
    },
    {
        "source-group-title": "Lithuania",
        "include-in-export": true
    },
    {
        "source-group-title": "MAX Sport DK",
        "include-in-export": true
    },
    {
        "source-group-title": "MAX Sport FI",
        "include-in-export": true
    },
    {
        "source-group-title": "MLS Soccer US",
        "include-in-export": true
    },
    {
        "source-group-title": "MTV Urheilu Events FI",
        "include-in-export": true
    },
    {
        "source-group-title": "Macedonia",
        "include-in-export": true
    },
    {
        "source-group-title": "Malaysia",
        "include-in-export": true
    },
    {
        "source-group-title": "Malta",
        "include-in-export": true
    },
    {
        "source-group-title": "Max Sports DK",
        "include-in-export": true
    },
    {
        "source-group-title": "Max Sports NO",
        "include-in-export": true
    },
    {
        "source-group-title": "Max Sports SE",
        "include-in-export": true
    },
    {
        "source-group-title": "Mexico",
        "include-in-export": true
    },
    {
        "source-group-title": "Music Package",
        "include-in-export": true
    },
    {
        "source-group-title": "Netherlands",
        "include-in-export": true
    },
    {
        "source-group-title": "Norway",
        "include-in-export": true
    },
    {
        "source-group-title": "Pakistan",
        "include-in-export": true
    },
    {
        "source-group-title": "Paraguay",
        "include-in-export": true
    },
    {
        "source-group-title": "Peacock \/ DAZN US",
        "include-in-export": true
    },
    {
        "source-group-title": "Peru",
        "include-in-export": true
    },
    {
        "source-group-title": "Philippines",
        "include-in-export": true
    },
    {
        "source-group-title": "Poland",
        "include-in-export": true
    },
    {
        "source-group-title": "Portugal",
        "include-in-export": true
    },
    {
        "source-group-title": "Prime Sports SE",
        "include-in-export": true
    },
    {
        "source-group-title": "Romania",
        "include-in-export": true
    },
    {
        "source-group-title": "Russia",
        "include-in-export": true
    },
    {
        "source-group-title": "Ruutu Events FI",
        "include-in-export": true
    },
    {
        "source-group-title": "SPFL - Scottish Football League UK",
        "include-in-export": true
    },
    {
        "source-group-title": "Series: Albania",
        "include-in-export": true
    },
    {
        "source-group-title": "Series: Arabic",
        "include-in-export": true
    },
    {
        "source-group-title": "Series: Barn",
        "include-in-export": true
    },
    {
        "source-group-title": "Series: EX-YU",
        "include-in-export": true
    },
    {
        "source-group-title": "Series: English [Arabic-Sub]",
        "include-in-export": true
    },
    {
        "source-group-title": "Series: English [Multi-Sub]",
        "include-in-export": true
    },
    {
        "source-group-title": "Series: English [Multi-Sub] [4K] [Only On 4K Devices]",
        "include-in-export": true
    },
    {
        "source-group-title": "Series: Kurdish",
        "include-in-export": true
    },
    {
        "source-group-title": "Series: NORDIC",
        "include-in-export": true
    },
    {
        "source-group-title": "Series: Turkey",
        "include-in-export": true
    },
    {
        "source-group-title": "Series: Turkey [Arabic Sub]",
        "include-in-export": true
    },
    {
        "source-group-title": "Slovenia",
        "include-in-export": true
    },
    {
        "source-group-title": "Somalia",
        "include-in-export": true
    },
    {
        "source-group-title": "Spain",
        "include-in-export": true
    },
    {
        "source-group-title": "Speedway - ESS Play SE",
        "include-in-export": true
    },
    {
        "source-group-title": "Sport Package",
        "include-in-export": true
    },
    {
        "source-group-title": "SportExpressen\/Aftonbladet SE",
        "include-in-export": true
    },
    {
        "source-group-title": "Srbija\/Crna Gora",
        "include-in-export": true
    },
    {
        "source-group-title": "Sri Lanka",
        "include-in-export": true
    },
    {
        "source-group-title": "Sudan",
        "include-in-export": true
    },
    {
        "source-group-title": "Super Sports CA",
        "include-in-export": true
    },
    {
        "source-group-title": "Svensk Hockey SE",
        "include-in-export": true
    },
    {
        "source-group-title": "Svenskbil Sport \/ Folkrace SE",
        "include-in-export": true
    },
    {
        "source-group-title": "Sweden",
        "include-in-export": true
    },
    {
        "source-group-title": "Switzerland",
        "include-in-export": true
    },
    {
        "source-group-title": "S\u00edminnSport Events IS",
        "include-in-export": true
    },
    {
        "source-group-title": "TV2 Play NO",
        "include-in-export": true
    },
    {
        "source-group-title": "TV2 Sport DK",
        "include-in-export": true
    },
    {
        "source-group-title": "TV4 Play SE",
        "include-in-export": true
    },
    {
        "source-group-title": "Taiwan",
        "include-in-export": true
    },
    {
        "source-group-title": "Telia Play Events FI",
        "include-in-export": true
    },
    {
        "source-group-title": "Telia Play Events SE",
        "include-in-export": true
    },
    {
        "source-group-title": "Thailand",
        "include-in-export": true
    },
    {
        "source-group-title": "Turkey",
        "include-in-export": true
    },
    {
        "source-group-title": "US ABC Network",
        "include-in-export": true
    },
    {
        "source-group-title": "US CBS Network",
        "include-in-export": true
    },
    {
        "source-group-title": "US Fox Network",
        "include-in-export": true
    },
    {
        "source-group-title": "US LIVE EVENTS \/ ESPN+",
        "include-in-export": true
    },
    {
        "source-group-title": "US NBC Network",
        "include-in-export": true
    },
    {
        "source-group-title": "US Sports",
        "include-in-export": true
    },
    {
        "source-group-title": "Ukraine",
        "include-in-export": true
    },
    {
        "source-group-title": "United Kingdom",
        "include-in-export": true
    },
    {
        "source-group-title": "United States",
        "include-in-export": true
    },
    {
        "source-group-title": "Uruguay",
        "include-in-export": true
    },
    {
        "source-group-title": "VGTV+  NO",
        "include-in-export": true
    },
    {
        "source-group-title": "VOD: 4k Movies [Multi-Sub] [Only On 4K Devices]",
        "include-in-export": true
    },
    {
        "source-group-title": "VOD: 4k Old Popular Movies [Multi-Sub] [Only On 4K Devices]",
        "include-in-export": true
    },
    {
        "source-group-title": "VOD: Arabic",
        "include-in-export": true
    },
    {
        "source-group-title": "VOD: Astrid Lindgren",
        "include-in-export": true
    },
    {
        "source-group-title": "VOD: Beck Komplett Kollektion",
        "include-in-export": true
    },
    {
        "source-group-title": "VOD: Box set [Multi-Sub]",
        "include-in-export": true
    },
    {
        "source-group-title": "VOD: Bud Spencer",
        "include-in-export": true
    },
    {
        "source-group-title": "VOD: Cheech and Chong",
        "include-in-export": true
    },
    {
        "source-group-title": "VOD: Christmas Movies [Multi-Sub]",
        "include-in-export": true
    },
    {
        "source-group-title": "VOD: Crtani Filmovi [Ex-yu]",
        "include-in-export": true
    },
    {
        "source-group-title": "VOD: Danske - Norska - Suomalainen Film",
        "include-in-export": true
    },
    {
        "source-group-title": "VOD: Disney [Ar-Eng] [Multi-Audio]",
        "include-in-export": true
    },
    {
        "source-group-title": "VOD: Disney [ENG]",
        "include-in-export": true
    },
    {
        "source-group-title": "VOD: English Movies [Arabic Subtitle]",
        "include-in-export": true
    },
    {
        "source-group-title": "VOD: English Movies [Czech Subtitle]",
        "include-in-export": true
    },
    {
        "source-group-title": "VOD: English Movies [Kurdish Subtitle]",
        "include-in-export": true
    },
    {
        "source-group-title": "VOD: Events",
        "include-in-export": true
    },
    {
        "source-group-title": "VOD: Germany",
        "include-in-export": true
    },
    {
        "source-group-title": "VOD: Halloween Movies",
        "include-in-export": true
    },
    {
        "source-group-title": "VOD: IMDB Top Movies [Multi-Sub]",
        "include-in-export": true
    },
    {
        "source-group-title": "VOD: India",
        "include-in-export": true
    },
    {
        "source-group-title": "VOD: Iran",
        "include-in-export": true
    },
    {
        "source-group-title": "VOD: Jackie Chan Collection [AR-SUB]",
        "include-in-export": true
    },
    {
        "source-group-title": "VOD: James Bond Collection",
        "include-in-export": true
    },
    {
        "source-group-title": "VOD: Johan Falk",
        "include-in-export": true
    },
    {
        "source-group-title": "VOD: Kids Movies",
        "include-in-export": true
    },
    {
        "source-group-title": "VOD: Kommisarie Montalbano",
        "include-in-export": true
    },
    {
        "source-group-title": "VOD: Music Concerts",
        "include-in-export": true
    },
    {
        "source-group-title": "VOD: N1 Sports Events Replays",
        "include-in-export": true
    },
    {
        "source-group-title": "VOD: Old Popular Movies [Multi-Sub]",
        "include-in-export": true
    },
    {
        "source-group-title": "VOD: Polska",
        "include-in-export": true
    },
    {
        "source-group-title": "VOD: Premiere Cinemas [Multi-Sub]",
        "include-in-export": true
    },
    {
        "source-group-title": "VOD: Relaxing Music",
        "include-in-export": true
    },
    {
        "source-group-title": "VOD: Svenska",
        "include-in-export": true
    },
    {
        "source-group-title": "VOD: Turkey",
        "include-in-export": true
    },
    {
        "source-group-title": "VOD: Van Damme Collection",
        "include-in-export": true
    },
    {
        "source-group-title": "VOD: Vietnam",
        "include-in-export": true
    },
    {
        "source-group-title": "VOD: Wallander",
        "include-in-export": true
    },
    {
        "source-group-title": "VOD: [Dolby Vision] 4k Movies [Multi-Sub] [Only On Dolby Vision Devices]",
        "include-in-export": true
    },
    {
        "source-group-title": "VOD: ex-Yu Movies",
        "include-in-export": true
    },
    {
        "source-group-title": "Venezuela",
        "include-in-export": true
    },
    {
        "source-group-title": "Viaplay Sport DK",
        "include-in-export": true
    },
    {
        "source-group-title": "Viaplay Sport FI",
        "include-in-export": true
    },
    {
        "source-group-title": "Viaplay Sport IS",
        "include-in-export": true
    },
    {
        "source-group-title": "Viaplay Sport NL",
        "include-in-export": true
    },
    {
        "source-group-title": "Viaplay Sport NO",
        "include-in-export": true
    },
    {
        "source-group-title": "Viaplay Sport PL",
        "include-in-export": true
    },
    {
        "source-group-title": "Viaplay Sport SE",
        "include-in-export": true
    },
    {
        "source-group-title": "Viaplay Sport UK",
        "include-in-export": true
    },
    {
        "source-group-title": "Vietnam",
        "include-in-export": true
    },
    {
        "source-group-title": "World Football Events",
        "include-in-export": true
    },
    {
        "source-group-title": "World PPV Fights",
        "include-in-export": true
    },
    {
        "source-group-title": "World Padel Tour TV",
        "include-in-export": true
    }
]
Received Data:
[
    {
        "source-group-title": "24\/7 Movies",
        "include-in-export": false
    },
    {
        "source-group-title": "24\/7 Norwegian",
        "include-in-export": false
    },
    {
        "source-group-title": "24\/7 Spain",
        "include-in-export": false
    },
    {
        "source-group-title": "24\/7 Swedish",
        "include-in-export": false
    },
    {
        "source-group-title": "24\/7 UK",
        "include-in-export": false
    },
    {
        "source-group-title": "24\/7 United States",
        "include-in-export": false
    },
    {
        "source-group-title": "Afghanistan",
        "include-in-export": false
    },
    {
        "source-group-title": "Africa",
        "include-in-export": false
    },
    {
        "source-group-title": "Albania",
        "include-in-export": false
    },
    {
        "source-group-title": "Arabic",
        "include-in-export": false
    },
    {
        "source-group-title": "Arabic Entertainment",
        "include-in-export": false
    },
    {
        "source-group-title": "Arabic News",
        "include-in-export": false
    },
    {
        "source-group-title": "Arabic Sports",
        "include-in-export": false
    },
    {
        "source-group-title": "Argentina",
        "include-in-export": false
    },
    {
        "source-group-title": "Armenia",
        "include-in-export": false
    },
    {
        "source-group-title": "Australia & New Zealand",
        "include-in-export": false
    },
    {
        "source-group-title": "Azerbaijan",
        "include-in-export": false
    },
    {
        "source-group-title": "Bangladesh",
        "include-in-export": false
    },
    {
        "source-group-title": "Belgium",
        "include-in-export": false
    },
    {
        "source-group-title": "Bolivia",
        "include-in-export": false
    },
    {
        "source-group-title": "Bosnia i Hercegovina",
        "include-in-export": false
    },
    {
        "source-group-title": "Brazil",
        "include-in-export": false
    },
    {
        "source-group-title": "Bulgaria",
        "include-in-export": false
    },
    {
        "source-group-title": "Cambodia",
        "include-in-export": false
    },
    {
        "source-group-title": "Canada",
        "include-in-export": false
    },
    {
        "source-group-title": "Caribbean",
        "include-in-export": false
    },
    {
        "source-group-title": "Chile",
        "include-in-export": false
    },
    {
        "source-group-title": "China",
        "include-in-export": false
    },
    {
        "source-group-title": "Colombia",
        "include-in-export": false
    },
    {
        "source-group-title": "Czech & Slovakia",
        "include-in-export": false
    },
    {
        "source-group-title": "DAZN CA",
        "include-in-export": false
    },
    {
        "source-group-title": "DAZN DE",
        "include-in-export": false
    },
    {
        "source-group-title": "DAZN ES",
        "include-in-export": false
    },
    {
        "source-group-title": "DAZN FR",
        "include-in-export": false
    },
    {
        "source-group-title": "DAZN IT",
        "include-in-export": false
    },
    {
        "source-group-title": "DAZN SE",
        "include-in-export": false
    },
    {
        "source-group-title": "DYN Sport Event DE",
        "include-in-export": false
    },
    {
        "source-group-title": "Denmark",
        "include-in-export": false
    },
    {
        "source-group-title": "Direket Sport Events NO",
        "include-in-export": false
    },
    {
        "source-group-title": "Discovery+ Sport DE",
        "include-in-export": false
    },
    {
        "source-group-title": "Discovery+ Sport NL",
        "include-in-export": false
    },
    {
        "source-group-title": "Discovery+ Sport NO",
        "include-in-export": false
    },
    {
        "source-group-title": "Discovery+ Sport SE",
        "include-in-export": false
    },
    {
        "source-group-title": "Disney Plus SE",
        "include-in-export": false
    },
    {
        "source-group-title": "EFL \/ iFOLLOW UK",
        "include-in-export": false
    },
    {
        "source-group-title": "EPL UK",
        "include-in-export": false
    },
    {
        "source-group-title": "EX-YU Sport",
        "include-in-export": false
    },
    {
        "source-group-title": "Ecuador",
        "include-in-export": false
    },
    {
        "source-group-title": "El Salvador",
        "include-in-export": false
    },
    {
        "source-group-title": "Elitserien Live SE",
        "include-in-export": false
    },
    {
        "source-group-title": "Estonia",
        "include-in-export": false
    },
    {
        "source-group-title": "EttanPlay SE",
        "include-in-export": false
    },
    {
        "source-group-title": "FANSEAT Events SE",
        "include-in-export": false
    },
    {
        "source-group-title": "Finland",
        "include-in-export": false
    },
    {
        "source-group-title": "For Adults",
        "include-in-export": false
    },
    {
        "source-group-title": "Formula 1 \/ Racing",
        "include-in-export": false
    },
    {
        "source-group-title": "France",
        "include-in-export": false
    },
    {
        "source-group-title": "Germany",
        "include-in-export": false
    },
    {
        "source-group-title": "Greece",
        "include-in-export": false
    },
    {
        "source-group-title": "Handbollsligan SE",
        "include-in-export": false
    },
    {
        "source-group-title": "Hockey - Metal Ligaen DK",
        "include-in-export": false
    },
    {
        "source-group-title": "HockeyEttan SE",
        "include-in-export": false
    },
    {
        "source-group-title": "Hong Kong",
        "include-in-export": false
    },
    {
        "source-group-title": "Hrvatska",
        "include-in-export": false
    },
    {
        "source-group-title": "Hungary",
        "include-in-export": false
    },
    {
        "source-group-title": "Iceland",
        "include-in-export": false
    },
    {
        "source-group-title": "India",
        "include-in-export": false
    },
    {
        "source-group-title": "Indonesia",
        "include-in-export": false
    },
    {
        "source-group-title": "Innebandy SE",
        "include-in-export": false
    },
    {
        "source-group-title": "Iran",
        "include-in-export": false
    },
    {
        "source-group-title": "Israel",
        "include-in-export": false
    },
    {
        "source-group-title": "Italy",
        "include-in-export": false
    },
    {
        "source-group-title": "Japan",
        "include-in-export": false
    },
    {
        "source-group-title": "Korea",
        "include-in-export": false
    },
    {
        "source-group-title": "Kurdistan",
        "include-in-export": false
    },
    {
        "source-group-title": "LIVEY Sports IS",
        "include-in-export": false
    },
    {
        "source-group-title": "Latino",
        "include-in-export": false
    },
    {
        "source-group-title": "Lithuania",
        "include-in-export": false
    },
    {
        "source-group-title": "MAX Sport DK",
        "include-in-export": false
    },
    {
        "source-group-title": "MAX Sport FI",
        "include-in-export": false
    },
    {
        "source-group-title": "MLS Soccer US",
        "include-in-export": false
    },
    {
        "source-group-title": "MTV Urheilu Events FI",
        "include-in-export": false
    },
    {
        "source-group-title": "Macedonia",
        "include-in-export": false
    },
    {
        "source-group-title": "Malaysia",
        "include-in-export": false
    },
    {
        "source-group-title": "Malta",
        "include-in-export": false
    },
    {
        "source-group-title": "Max Sports DK",
        "include-in-export": false
    },
    {
        "source-group-title": "Max Sports NO",
        "include-in-export": false
    },
    {
        "source-group-title": "Max Sports SE",
        "include-in-export": false
    },
    {
        "source-group-title": "Mexico",
        "include-in-export": false
    },
    {
        "source-group-title": "Music Package",
        "include-in-export": false
    },
    {
        "source-group-title": "Netherlands",
        "include-in-export": false
    },
    {
        "source-group-title": "Norway",
        "include-in-export": false
    },
    {
        "source-group-title": "Pakistan",
        "include-in-export": false
    },
    {
        "source-group-title": "Paraguay",
        "include-in-export": false
    },
    {
        "source-group-title": "Peacock \/ DAZN US",
        "include-in-export": false
    },
    {
        "source-group-title": "Peru",
        "include-in-export": false
    },
    {
        "source-group-title": "Philippines",
        "include-in-export": false
    },
    {
        "source-group-title": "Poland",
        "include-in-export": false
    },
    {
        "source-group-title": "Portugal",
        "include-in-export": false
    },
    {
        "source-group-title": "Prime Sports SE",
        "include-in-export": false
    },
    {
        "source-group-title": "Romania",
        "include-in-export": false
    },
    {
        "source-group-title": "Russia",
        "include-in-export": false
    },
    {
        "source-group-title": "Ruutu Events FI",
        "include-in-export": false
    },
    {
        "source-group-title": "SPFL - Scottish Football League UK",
        "include-in-export": false
    },
    {
        "source-group-title": "Series: Albania",
        "include-in-export": false
    },
    {
        "source-group-title": "Series: Arabic",
        "include-in-export": false
    },
    {
        "source-group-title": "Series: Barn",
        "include-in-export": false
    },
    {
        "source-group-title": "Series: EX-YU",
        "include-in-export": false
    },
    {
        "source-group-title": "Series: English [Arabic-Sub]",
        "include-in-export": false
    },
    {
        "source-group-title": "Series: English [Multi-Sub]",
        "include-in-export": false
    },
    {
        "source-group-title": "Series: English [Multi-Sub] [4K] [Only On 4K Devices]",
        "include-in-export": false
    },
    {
        "source-group-title": "Series: Kurdish",
        "include-in-export": false
    },
    {
        "source-group-title": "Series: NORDIC",
        "include-in-export": false
    },
    {
        "source-group-title": "Series: Turkey",
        "include-in-export": false
    },
    {
        "source-group-title": "Series: Turkey [Arabic Sub]",
        "include-in-export": false
    },
    {
        "source-group-title": "Slovenia",
        "include-in-export": false
    },
    {
        "source-group-title": "Somalia",
        "include-in-export": false
    },
    {
        "source-group-title": "Spain",
        "include-in-export": false
    },
    {
        "source-group-title": "Speedway - ESS Play SE",
        "include-in-export": false
    },
    {
        "source-group-title": "Sport Package",
        "include-in-export": false
    },
    {
        "source-group-title": "SportExpressen\/Aftonbladet SE",
        "include-in-export": false
    },
    {
        "source-group-title": "Srbija\/Crna Gora",
        "include-in-export": false
    },
    {
        "source-group-title": "Sri Lanka",
        "include-in-export": false
    },
    {
        "source-group-title": "Sudan",
        "include-in-export": false
    },
    {
        "source-group-title": "Super Sports CA",
        "include-in-export": false
    },
    {
        "source-group-title": "Svensk Hockey SE",
        "include-in-export": false
    },
    {
        "source-group-title": "Svenskbil Sport \/ Folkrace SE",
        "include-in-export": false
    },
    {
        "source-group-title": "Sweden",
        "include-in-export": false
    },
    {
        "source-group-title": "Switzerland",
        "include-in-export": false
    },
    {
        "source-group-title": "S\u00edminnSport Events IS",
        "include-in-export": false
    },
    {
        "source-group-title": "TV2 Play NO",
        "include-in-export": false
    },
    {
        "source-group-title": "TV2 Sport DK",
        "include-in-export": false
    },
    {
        "source-group-title": "TV4 Play SE",
        "include-in-export": false
    },
    {
        "source-group-title": "Taiwan",
        "include-in-export": false
    },
    {
        "source-group-title": "Telia Play Events FI",
        "include-in-export": false
    },
    {
        "source-group-title": "Telia Play Events SE",
        "include-in-export": false
    },
    {
        "source-group-title": "Thailand",
        "include-in-export": false
    },
    {
        "source-group-title": "Turkey",
        "include-in-export": false
    },
    {
        "source-group-title": "US ABC Network",
        "include-in-export": false
    },
    {
        "source-group-title": "US CBS Network",
        "include-in-export": false
    },
    {
        "source-group-title": "US Fox Network",
        "include-in-export": false
    },
    {
        "source-group-title": "US LIVE EVENTS \/ ESPN+",
        "include-in-export": false
    },
    {
        "source-group-title": "US NBC Network",
        "include-in-export": false
    },
    {
        "source-group-title": "US Sports",
        "include-in-export": false
    },
    {
        "source-group-title": "Ukraine",
        "include-in-export": false
    },
    {
        "source-group-title": "United Kingdom",
        "include-in-export": false
    },
    {
        "source-group-title": "United States",
        "include-in-export": false
    },
    {
        "source-group-title": "Uruguay",
        "include-in-export": false
    },
    {
        "source-group-title": "VGTV+  NO",
        "include-in-export": false
    },
    {
        "source-group-title": "VOD: 4k Movies [Multi-Sub] [Only On 4K Devices]",
        "include-in-export": false
    },
    {
        "source-group-title": "VOD: 4k Old Popular Movies [Multi-Sub] [Only On 4K Devices]",
        "include-in-export": false
    },
    {
        "source-group-title": "VOD: Arabic",
        "include-in-export": false
    },
    {
        "source-group-title": "VOD: Astrid Lindgren",
        "include-in-export": false
    },
    {
        "source-group-title": "VOD: Beck Komplett Kollektion",
        "include-in-export": false
    },
    {
        "source-group-title": "VOD: Box set [Multi-Sub]",
        "include-in-export": false
    },
    {
        "source-group-title": "VOD: Bud Spencer",
        "include-in-export": false
    },
    {
        "source-group-title": "VOD: Cheech and Chong",
        "include-in-export": false
    },
    {
        "source-group-title": "VOD: Christmas Movies [Multi-Sub]",
        "include-in-export": false
    },
    {
        "source-group-title": "VOD: Crtani Filmovi [Ex-yu]",
        "include-in-export": false
    },
    {
        "source-group-title": "VOD: Danske - Norska - Suomalainen Film",
        "include-in-export": false
    },
    {
        "source-group-title": "VOD: Disney [Ar-Eng] [Multi-Audio]",
        "include-in-export": false
    },
    {
        "source-group-title": "VOD: Disney [ENG]",
        "include-in-export": false
    },
    {
        "source-group-title": "VOD: English Movies [Arabic Subtitle]",
        "include-in-export": false
    },
    {
        "source-group-title": "VOD: English Movies [Czech Subtitle]",
        "include-in-export": false
    },
    {
        "source-group-title": "VOD: English Movies [Kurdish Subtitle]",
        "include-in-export": false
    },
    {
        "source-group-title": "VOD: Events",
        "include-in-export": false
    },
    {
        "source-group-title": "VOD: Germany",
        "include-in-export": false
    },
    {
        "source-group-title": "VOD: Halloween Movies",
        "include-in-export": false
    },
    {
        "source-group-title": "VOD: IMDB Top Movies [Multi-Sub]",
        "include-in-export": false
    },
    {
        "source-group-title": "VOD: India",
        "include-in-export": false
    },
    {
        "source-group-title": "VOD: Iran",
        "include-in-export": false
    },
    {
        "source-group-title": "VOD: Jackie Chan Collection [AR-SUB]",
        "include-in-export": false
    },
    {
        "source-group-title": "VOD: James Bond Collection",
        "include-in-export": false
    },
    {
        "source-group-title": "VOD: Johan Falk",
        "include-in-export": false
    },
    {
        "source-group-title": "VOD: Kids Movies",
        "include-in-export": false
    },
    {
        "source-group-title": "VOD: Kommisarie Montalbano",
        "include-in-export": false
    },
    {
        "source-group-title": "VOD: Music Concerts",
        "include-in-export": false
    },
    {
        "source-group-title": "VOD: N1 Sports Events Replays",
        "include-in-export": false
    },
    {
        "source-group-title": "VOD: Old Popular Movies [Multi-Sub]",
        "include-in-export": false
    },
    {
        "source-group-title": "VOD: Polska",
        "include-in-export": false
    },
    {
        "source-group-title": "VOD: Premiere Cinemas [Multi-Sub]",
        "include-in-export": false
    },
    {
        "source-group-title": "VOD: Relaxing Music",
        "include-in-export": false
    },
    {
        "source-group-title": "VOD: Svenska",
        "include-in-export": false
    },
    {
        "source-group-title": "VOD: Turkey",
        "include-in-export": false
    },
    {
        "source-group-title": "VOD: Van Damme Collection",
        "include-in-export": false
    },
    {
        "source-group-title": "VOD: Vietnam",
        "include-in-export": false
    },
    {
        "source-group-title": "VOD: Wallander",
        "include-in-export": false
    },
    {
        "source-group-title": "VOD: [Dolby Vision] 4k Movies [Multi-Sub] [Only On Dolby Vision Devices]",
        "include-in-export": false
    },
    {
        "source-group-title": "VOD: ex-Yu Movies",
        "include-in-export": false
    },
    {
        "source-group-title": "Venezuela",
        "include-in-export": false
    },
    {
        "source-group-title": "Viaplay Sport DK",
        "include-in-export": false
    },
    {
        "source-group-title": "Viaplay Sport FI",
        "include-in-export": false
    },
    {
        "source-group-title": "Viaplay Sport IS",
        "include-in-export": false
    },
    {
        "source-group-title": "Viaplay Sport NL",
        "include-in-export": false
    },
    {
        "source-group-title": "Viaplay Sport NO",
        "include-in-export": false
    },
    {
        "source-group-title": "Viaplay Sport PL",
        "include-in-export": false
    },
    {
        "source-group-title": "Viaplay Sport SE",
        "include-in-export": false
    },
    {
        "source-group-title": "Viaplay Sport UK",
        "include-in-export": false
    },
    {
        "source-group-title": "Vietnam",
        "include-in-export": false
    },
    {
        "source-group-title": "World Football Events",
        "include-in-export": false
    },
    {
        "source-group-title": "World PPV Fights",
        "include-in-export": false
    },
    {
        "source-group-title": "World Padel Tour TV",
        "include-in-export": false
    }
]
Received Data:
[
    {
        "source-group-title": "24\/7 Movies",
        "include-in-export": true
    },
    {
        "source-group-title": "24\/7 Norwegian",
        "include-in-export": true
    },
    {
        "source-group-title": "24\/7 Spain",
        "include-in-export": true
    },
    {
        "source-group-title": "24\/7 Swedish",
        "include-in-export": true
    },
    {
        "source-group-title": "24\/7 UK",
        "include-in-export": true
    },
    {
        "source-group-title": "24\/7 United States",
        "include-in-export": true
    },
    {
        "source-group-title": "Afghanistan",
        "include-in-export": true
    },
    {
        "source-group-title": "Africa",
        "include-in-export": true
    },
    {
        "source-group-title": "Albania",
        "include-in-export": true
    },
    {
        "source-group-title": "Arabic",
        "include-in-export": true
    },
    {
        "source-group-title": "Arabic Entertainment",
        "include-in-export": true
    },
    {
        "source-group-title": "Arabic News",
        "include-in-export": true
    },
    {
        "source-group-title": "Arabic Sports",
        "include-in-export": true
    },
    {
        "source-group-title": "Argentina",
        "include-in-export": true
    },
    {
        "source-group-title": "Armenia",
        "include-in-export": true
    },
    {
        "source-group-title": "Australia & New Zealand",
        "include-in-export": true
    },
    {
        "source-group-title": "Azerbaijan",
        "include-in-export": true
    },
    {
        "source-group-title": "Bangladesh",
        "include-in-export": true
    },
    {
        "source-group-title": "Belgium",
        "include-in-export": true
    },
    {
        "source-group-title": "Bolivia",
        "include-in-export": true
    },
    {
        "source-group-title": "Bosnia i Hercegovina",
        "include-in-export": true
    },
    {
        "source-group-title": "Brazil",
        "include-in-export": true
    },
    {
        "source-group-title": "Bulgaria",
        "include-in-export": true
    },
    {
        "source-group-title": "Cambodia",
        "include-in-export": true
    },
    {
        "source-group-title": "Canada",
        "include-in-export": true
    },
    {
        "source-group-title": "Caribbean",
        "include-in-export": true
    },
    {
        "source-group-title": "Chile",
        "include-in-export": true
    },
    {
        "source-group-title": "China",
        "include-in-export": true
    },
    {
        "source-group-title": "Colombia",
        "include-in-export": true
    },
    {
        "source-group-title": "Czech & Slovakia",
        "include-in-export": true
    },
    {
        "source-group-title": "DAZN CA",
        "include-in-export": true
    },
    {
        "source-group-title": "DAZN DE",
        "include-in-export": true
    },
    {
        "source-group-title": "DAZN ES",
        "include-in-export": true
    },
    {
        "source-group-title": "DAZN FR",
        "include-in-export": true
    },
    {
        "source-group-title": "DAZN IT",
        "include-in-export": true
    },
    {
        "source-group-title": "DAZN SE",
        "include-in-export": true
    },
    {
        "source-group-title": "DYN Sport Event DE",
        "include-in-export": true
    },
    {
        "source-group-title": "Denmark",
        "include-in-export": true
    },
    {
        "source-group-title": "Direket Sport Events NO",
        "include-in-export": true
    },
    {
        "source-group-title": "Discovery+ Sport DE",
        "include-in-export": true
    },
    {
        "source-group-title": "Discovery+ Sport NL",
        "include-in-export": true
    },
    {
        "source-group-title": "Discovery+ Sport NO",
        "include-in-export": true
    },
    {
        "source-group-title": "Discovery+ Sport SE",
        "include-in-export": true
    },
    {
        "source-group-title": "Disney Plus SE",
        "include-in-export": true
    },
    {
        "source-group-title": "EFL \/ iFOLLOW UK",
        "include-in-export": true
    },
    {
        "source-group-title": "EPL UK",
        "include-in-export": true
    },
    {
        "source-group-title": "EX-YU Sport",
        "include-in-export": true
    },
    {
        "source-group-title": "Ecuador",
        "include-in-export": true
    },
    {
        "source-group-title": "El Salvador",
        "include-in-export": true
    },
    {
        "source-group-title": "Elitserien Live SE",
        "include-in-export": true
    },
    {
        "source-group-title": "Estonia",
        "include-in-export": true
    },
    {
        "source-group-title": "EttanPlay SE",
        "include-in-export": true
    },
    {
        "source-group-title": "FANSEAT Events SE",
        "include-in-export": true
    },
    {
        "source-group-title": "Finland",
        "include-in-export": true
    },
    {
        "source-group-title": "For Adults",
        "include-in-export": true
    },
    {
        "source-group-title": "Formula 1 \/ Racing",
        "include-in-export": true
    },
    {
        "source-group-title": "France",
        "include-in-export": true
    },
    {
        "source-group-title": "Germany",
        "include-in-export": true
    },
    {
        "source-group-title": "Greece",
        "include-in-export": true
    },
    {
        "source-group-title": "Handbollsligan SE",
        "include-in-export": true
    },
    {
        "source-group-title": "Hockey - Metal Ligaen DK",
        "include-in-export": true
    },
    {
        "source-group-title": "HockeyEttan SE",
        "include-in-export": true
    },
    {
        "source-group-title": "Hong Kong",
        "include-in-export": true
    },
    {
        "source-group-title": "Hrvatska",
        "include-in-export": true
    },
    {
        "source-group-title": "Hungary",
        "include-in-export": true
    },
    {
        "source-group-title": "Iceland",
        "include-in-export": true
    },
    {
        "source-group-title": "India",
        "include-in-export": true
    },
    {
        "source-group-title": "Indonesia",
        "include-in-export": true
    },
    {
        "source-group-title": "Innebandy SE",
        "include-in-export": true
    },
    {
        "source-group-title": "Iran",
        "include-in-export": true
    },
    {
        "source-group-title": "Israel",
        "include-in-export": true
    },
    {
        "source-group-title": "Italy",
        "include-in-export": true
    },
    {
        "source-group-title": "Japan",
        "include-in-export": true
    },
    {
        "source-group-title": "Korea",
        "include-in-export": true
    },
    {
        "source-group-title": "Kurdistan",
        "include-in-export": true
    },
    {
        "source-group-title": "LIVEY Sports IS",
        "include-in-export": true
    },
    {
        "source-group-title": "Latino",
        "include-in-export": true
    },
    {
        "source-group-title": "Lithuania",
        "include-in-export": true
    },
    {
        "source-group-title": "MAX Sport DK",
        "include-in-export": true
    },
    {
        "source-group-title": "MAX Sport FI",
        "include-in-export": true
    },
    {
        "source-group-title": "MLS Soccer US",
        "include-in-export": true
    },
    {
        "source-group-title": "MTV Urheilu Events FI",
        "include-in-export": true
    },
    {
        "source-group-title": "Macedonia",
        "include-in-export": true
    },
    {
        "source-group-title": "Malaysia",
        "include-in-export": true
    },
    {
        "source-group-title": "Malta",
        "include-in-export": true
    },
    {
        "source-group-title": "Max Sports DK",
        "include-in-export": true
    },
    {
        "source-group-title": "Max Sports NO",
        "include-in-export": true
    },
    {
        "source-group-title": "Max Sports SE",
        "include-in-export": true
    },
    {
        "source-group-title": "Mexico",
        "include-in-export": true
    },
    {
        "source-group-title": "Music Package",
        "include-in-export": true
    },
    {
        "source-group-title": "Netherlands",
        "include-in-export": true
    },
    {
        "source-group-title": "Norway",
        "include-in-export": true
    },
    {
        "source-group-title": "Pakistan",
        "include-in-export": true
    },
    {
        "source-group-title": "Paraguay",
        "include-in-export": true
    },
    {
        "source-group-title": "Peacock \/ DAZN US",
        "include-in-export": true
    },
    {
        "source-group-title": "Peru",
        "include-in-export": true
    },
    {
        "source-group-title": "Philippines",
        "include-in-export": true
    },
    {
        "source-group-title": "Poland",
        "include-in-export": true
    },
    {
        "source-group-title": "Portugal",
        "include-in-export": true
    },
    {
        "source-group-title": "Prime Sports SE",
        "include-in-export": true
    },
    {
        "source-group-title": "Romania",
        "include-in-export": true
    },
    {
        "source-group-title": "Russia",
        "include-in-export": true
    },
    {
        "source-group-title": "Ruutu Events FI",
        "include-in-export": true
    },
    {
        "source-group-title": "SPFL - Scottish Football League UK",
        "include-in-export": true
    },
    {
        "source-group-title": "Series: Albania",
        "include-in-export": true
    },
    {
        "source-group-title": "Series: Arabic",
        "include-in-export": true
    },
    {
        "source-group-title": "Series: Barn",
        "include-in-export": true
    },
    {
        "source-group-title": "Series: EX-YU",
        "include-in-export": true
    },
    {
        "source-group-title": "Series: English [Arabic-Sub]",
        "include-in-export": true
    },
    {
        "source-group-title": "Series: English [Multi-Sub]",
        "include-in-export": true
    },
    {
        "source-group-title": "Series: English [Multi-Sub] [4K] [Only On 4K Devices]",
        "include-in-export": true
    },
    {
        "source-group-title": "Series: Kurdish",
        "include-in-export": true
    },
    {
        "source-group-title": "Series: NORDIC",
        "include-in-export": true
    },
    {
        "source-group-title": "Series: Turkey",
        "include-in-export": true
    },
    {
        "source-group-title": "Series: Turkey [Arabic Sub]",
        "include-in-export": true
    },
    {
        "source-group-title": "Slovenia",
        "include-in-export": true
    },
    {
        "source-group-title": "Somalia",
        "include-in-export": true
    },
    {
        "source-group-title": "Spain",
        "include-in-export": true
    },
    {
        "source-group-title": "Speedway - ESS Play SE",
        "include-in-export": true
    },
    {
        "source-group-title": "Sport Package",
        "include-in-export": true
    },
    {
        "source-group-title": "SportExpressen\/Aftonbladet SE",
        "include-in-export": true
    },
    {
        "source-group-title": "Srbija\/Crna Gora",
        "include-in-export": true
    },
    {
        "source-group-title": "Sri Lanka",
        "include-in-export": true
    },
    {
        "source-group-title": "Sudan",
        "include-in-export": true
    },
    {
        "source-group-title": "Super Sports CA",
        "include-in-export": true
    },
    {
        "source-group-title": "Svensk Hockey SE",
        "include-in-export": true
    },
    {
        "source-group-title": "Svenskbil Sport \/ Folkrace SE",
        "include-in-export": true
    },
    {
        "source-group-title": "Sweden",
        "include-in-export": true
    },
    {
        "source-group-title": "Switzerland",
        "include-in-export": true
    },
    {
        "source-group-title": "S\u00edminnSport Events IS",
        "include-in-export": true
    },
    {
        "source-group-title": "TV2 Play NO",
        "include-in-export": true
    },
    {
        "source-group-title": "TV2 Sport DK",
        "include-in-export": true
    },
    {
        "source-group-title": "TV4 Play SE",
        "include-in-export": true
    },
    {
        "source-group-title": "Taiwan",
        "include-in-export": true
    },
    {
        "source-group-title": "Telia Play Events FI",
        "include-in-export": true
    },
    {
        "source-group-title": "Telia Play Events SE",
        "include-in-export": true
    },
    {
        "source-group-title": "Thailand",
        "include-in-export": true
    },
    {
        "source-group-title": "Turkey",
        "include-in-export": true
    },
    {
        "source-group-title": "US ABC Network",
        "include-in-export": true
    },
    {
        "source-group-title": "US CBS Network",
        "include-in-export": true
    },
    {
        "source-group-title": "US Fox Network",
        "include-in-export": true
    },
    {
        "source-group-title": "US LIVE EVENTS \/ ESPN+",
        "include-in-export": true
    },
    {
        "source-group-title": "US NBC Network",
        "include-in-export": true
    },
    {
        "source-group-title": "US Sports",
        "include-in-export": true
    },
    {
        "source-group-title": "Ukraine",
        "include-in-export": true
    },
    {
        "source-group-title": "United Kingdom",
        "include-in-export": true
    },
    {
        "source-group-title": "United States",
        "include-in-export": true
    },
    {
        "source-group-title": "Uruguay",
        "include-in-export": true
    },
    {
        "source-group-title": "VGTV+  NO",
        "include-in-export": true
    },
    {
        "source-group-title": "VOD: 4k Movies [Multi-Sub] [Only On 4K Devices]",
        "include-in-export": true
    },
    {
        "source-group-title": "VOD: 4k Old Popular Movies [Multi-Sub] [Only On 4K Devices]",
        "include-in-export": true
    },
    {
        "source-group-title": "VOD: Arabic",
        "include-in-export": true
    },
    {
        "source-group-title": "VOD: Astrid Lindgren",
        "include-in-export": true
    },
    {
        "source-group-title": "VOD: Beck Komplett Kollektion",
        "include-in-export": true
    },
    {
        "source-group-title": "VOD: Box set [Multi-Sub]",
        "include-in-export": true
    },
    {
        "source-group-title": "VOD: Bud Spencer",
        "include-in-export": true
    },
    {
        "source-group-title": "VOD: Cheech and Chong",
        "include-in-export": true
    },
    {
        "source-group-title": "VOD: Christmas Movies [Multi-Sub]",
        "include-in-export": true
    },
    {
        "source-group-title": "VOD: Crtani Filmovi [Ex-yu]",
        "include-in-export": true
    },
    {
        "source-group-title": "VOD: Danske - Norska - Suomalainen Film",
        "include-in-export": true
    },
    {
        "source-group-title": "VOD: Disney [Ar-Eng] [Multi-Audio]",
        "include-in-export": true
    },
    {
        "source-group-title": "VOD: Disney [ENG]",
        "include-in-export": true
    },
    {
        "source-group-title": "VOD: English Movies [Arabic Subtitle]",
        "include-in-export": true
    },
    {
        "source-group-title": "VOD: English Movies [Czech Subtitle]",
        "include-in-export": true
    },
    {
        "source-group-title": "VOD: English Movies [Kurdish Subtitle]",
        "include-in-export": true
    },
    {
        "source-group-title": "VOD: Events",
        "include-in-export": true
    },
    {
        "source-group-title": "VOD: Germany",
        "include-in-export": true
    },
    {
        "source-group-title": "VOD: Halloween Movies",
        "include-in-export": true
    },
    {
        "source-group-title": "VOD: IMDB Top Movies [Multi-Sub]",
        "include-in-export": true
    },
    {
        "source-group-title": "VOD: India",
        "include-in-export": true
    },
    {
        "source-group-title": "VOD: Iran",
        "include-in-export": true
    },
    {
        "source-group-title": "VOD: Jackie Chan Collection [AR-SUB]",
        "include-in-export": true
    },
    {
        "source-group-title": "VOD: James Bond Collection",
        "include-in-export": true
    },
    {
        "source-group-title": "VOD: Johan Falk",
        "include-in-export": true
    },
    {
        "source-group-title": "VOD: Kids Movies",
        "include-in-export": true
    },
    {
        "source-group-title": "VOD: Kommisarie Montalbano",
        "include-in-export": true
    },
    {
        "source-group-title": "VOD: Music Concerts",
        "include-in-export": true
    },
    {
        "source-group-title": "VOD: N1 Sports Events Replays",
        "include-in-export": true
    },
    {
        "source-group-title": "VOD: Old Popular Movies [Multi-Sub]",
        "include-in-export": true
    },
    {
        "source-group-title": "VOD: Polska",
        "include-in-export": true
    },
    {
        "source-group-title": "VOD: Premiere Cinemas [Multi-Sub]",
        "include-in-export": true
    },
    {
        "source-group-title": "VOD: Relaxing Music",
        "include-in-export": true
    },
    {
        "source-group-title": "VOD: Svenska",
        "include-in-export": true
    },
    {
        "source-group-title": "VOD: Turkey",
        "include-in-export": true
    },
    {
        "source-group-title": "VOD: Van Damme Collection",
        "include-in-export": true
    },
    {
        "source-group-title": "VOD: Vietnam",
        "include-in-export": true
    },
    {
        "source-group-title": "VOD: Wallander",
        "include-in-export": true
    },
    {
        "source-group-title": "VOD: [Dolby Vision] 4k Movies [Multi-Sub] [Only On Dolby Vision Devices]",
        "include-in-export": true
    },
    {
        "source-group-title": "VOD: ex-Yu Movies",
        "include-in-export": true
    },
    {
        "source-group-title": "Venezuela",
        "include-in-export": true
    },
    {
        "source-group-title": "Viaplay Sport DK",
        "include-in-export": true
    },
    {
        "source-group-title": "Viaplay Sport FI",
        "include-in-export": true
    },
    {
        "source-group-title": "Viaplay Sport IS",
        "include-in-export": true
    },
    {
        "source-group-title": "Viaplay Sport NL",
        "include-in-export": true
    },
    {
        "source-group-title": "Viaplay Sport NO",
        "include-in-export": true
    },
    {
        "source-group-title": "Viaplay Sport PL",
        "include-in-export": true
    },
    {
        "source-group-title": "Viaplay Sport SE",
        "include-in-export": true
    },
    {
        "source-group-title": "Viaplay Sport UK",
        "include-in-export": true
    },
    {
        "source-group-title": "Vietnam",
        "include-in-export": true
    },
    {
        "source-group-title": "World Football Events",
        "include-in-export": true
    },
    {
        "source-group-title": "World PPV Fights",
        "include-in-export": true
    },
    {
        "source-group-title": "World Padel Tour TV",
        "include-in-export": true
    }
]
Received Data:
[
    {
        "source-group-title": "24\/7 Germany",
        "include-in-export": false
    }
]
Received Data:
[
    {
        "source-group-title": "24\/7 Germany",
        "include-in-export": true
    }
]
Received Data:
[
    {
        "source-group-title": "24\/7 Movies",
        "include-in-export": false
    },
    {
        "source-group-title": "24\/7 Norwegian",
        "include-in-export": false
    },
    {
        "source-group-title": "24\/7 Spain",
        "include-in-export": false
    },
    {
        "source-group-title": "24\/7 Swedish",
        "include-in-export": false
    },
    {
        "source-group-title": "24\/7 UK",
        "include-in-export": false
    },
    {
        "source-group-title": "24\/7 United States",
        "include-in-export": false
    },
    {
        "source-group-title": "Afghanistan",
        "include-in-export": false
    },
    {
        "source-group-title": "Africa",
        "include-in-export": false
    },
    {
        "source-group-title": "Albania",
        "include-in-export": false
    },
    {
        "source-group-title": "Arabic",
        "include-in-export": false
    },
    {
        "source-group-title": "Arabic Entertainment",
        "include-in-export": false
    },
    {
        "source-group-title": "Arabic News",
        "include-in-export": false
    },
    {
        "source-group-title": "Arabic Sports",
        "include-in-export": false
    },
    {
        "source-group-title": "Argentina",
        "include-in-export": false
    },
    {
        "source-group-title": "Armenia",
        "include-in-export": false
    },
    {
        "source-group-title": "Australia & New Zealand",
        "include-in-export": false
    },
    {
        "source-group-title": "Azerbaijan",
        "include-in-export": false
    },
    {
        "source-group-title": "Bangladesh",
        "include-in-export": false
    },
    {
        "source-group-title": "Belgium",
        "include-in-export": false
    },
    {
        "source-group-title": "Bolivia",
        "include-in-export": false
    },
    {
        "source-group-title": "Bosnia i Hercegovina",
        "include-in-export": false
    },
    {
        "source-group-title": "Brazil",
        "include-in-export": false
    },
    {
        "source-group-title": "Bulgaria",
        "include-in-export": false
    },
    {
        "source-group-title": "Cambodia",
        "include-in-export": false
    },
    {
        "source-group-title": "Canada",
        "include-in-export": false
    },
    {
        "source-group-title": "Caribbean",
        "include-in-export": false
    },
    {
        "source-group-title": "Chile",
        "include-in-export": false
    },
    {
        "source-group-title": "China",
        "include-in-export": false
    },
    {
        "source-group-title": "Colombia",
        "include-in-export": false
    },
    {
        "source-group-title": "Czech & Slovakia",
        "include-in-export": false
    },
    {
        "source-group-title": "DAZN CA",
        "include-in-export": false
    },
    {
        "source-group-title": "DAZN DE",
        "include-in-export": false
    },
    {
        "source-group-title": "DAZN ES",
        "include-in-export": false
    },
    {
        "source-group-title": "DAZN FR",
        "include-in-export": false
    },
    {
        "source-group-title": "DAZN IT",
        "include-in-export": false
    },
    {
        "source-group-title": "DAZN SE",
        "include-in-export": false
    },
    {
        "source-group-title": "DYN Sport Event DE",
        "include-in-export": false
    },
    {
        "source-group-title": "Denmark",
        "include-in-export": false
    },
    {
        "source-group-title": "Direket Sport Events NO",
        "include-in-export": false
    },
    {
        "source-group-title": "Discovery+ Sport DE",
        "include-in-export": false
    },
    {
        "source-group-title": "Discovery+ Sport NL",
        "include-in-export": false
    },
    {
        "source-group-title": "Discovery+ Sport NO",
        "include-in-export": false
    },
    {
        "source-group-title": "Discovery+ Sport SE",
        "include-in-export": false
    },
    {
        "source-group-title": "Disney Plus SE",
        "include-in-export": false
    },
    {
        "source-group-title": "EFL \/ iFOLLOW UK",
        "include-in-export": false
    },
    {
        "source-group-title": "EPL UK",
        "include-in-export": false
    },
    {
        "source-group-title": "EX-YU Sport",
        "include-in-export": false
    },
    {
        "source-group-title": "Ecuador",
        "include-in-export": false
    },
    {
        "source-group-title": "El Salvador",
        "include-in-export": false
    },
    {
        "source-group-title": "Elitserien Live SE",
        "include-in-export": false
    },
    {
        "source-group-title": "Estonia",
        "include-in-export": false
    },
    {
        "source-group-title": "EttanPlay SE",
        "include-in-export": false
    },
    {
        "source-group-title": "FANSEAT Events SE",
        "include-in-export": false
    },
    {
        "source-group-title": "Finland",
        "include-in-export": false
    },
    {
        "source-group-title": "For Adults",
        "include-in-export": false
    },
    {
        "source-group-title": "Formula 1 \/ Racing",
        "include-in-export": false
    },
    {
        "source-group-title": "France",
        "include-in-export": false
    },
    {
        "source-group-title": "Germany",
        "include-in-export": false
    },
    {
        "source-group-title": "Greece",
        "include-in-export": false
    },
    {
        "source-group-title": "Handbollsligan SE",
        "include-in-export": false
    },
    {
        "source-group-title": "Hockey - Metal Ligaen DK",
        "include-in-export": false
    },
    {
        "source-group-title": "HockeyEttan SE",
        "include-in-export": false
    },
    {
        "source-group-title": "Hong Kong",
        "include-in-export": false
    },
    {
        "source-group-title": "Hrvatska",
        "include-in-export": false
    },
    {
        "source-group-title": "Hungary",
        "include-in-export": false
    },
    {
        "source-group-title": "Iceland",
        "include-in-export": false
    },
    {
        "source-group-title": "India",
        "include-in-export": false
    },
    {
        "source-group-title": "Indonesia",
        "include-in-export": false
    },
    {
        "source-group-title": "Innebandy SE",
        "include-in-export": false
    },
    {
        "source-group-title": "Iran",
        "include-in-export": false
    },
    {
        "source-group-title": "Israel",
        "include-in-export": false
    },
    {
        "source-group-title": "Italy",
        "include-in-export": false
    },
    {
        "source-group-title": "Japan",
        "include-in-export": false
    },
    {
        "source-group-title": "Korea",
        "include-in-export": false
    },
    {
        "source-group-title": "Kurdistan",
        "include-in-export": false
    },
    {
        "source-group-title": "LIVEY Sports IS",
        "include-in-export": false
    },
    {
        "source-group-title": "Latino",
        "include-in-export": false
    },
    {
        "source-group-title": "Lithuania",
        "include-in-export": false
    },
    {
        "source-group-title": "MAX Sport DK",
        "include-in-export": false
    },
    {
        "source-group-title": "MAX Sport FI",
        "include-in-export": false
    },
    {
        "source-group-title": "MLS Soccer US",
        "include-in-export": false
    },
    {
        "source-group-title": "MTV Urheilu Events FI",
        "include-in-export": false
    },
    {
        "source-group-title": "Macedonia",
        "include-in-export": false
    },
    {
        "source-group-title": "Malaysia",
        "include-in-export": false
    },
    {
        "source-group-title": "Malta",
        "include-in-export": false
    },
    {
        "source-group-title": "Max Sports DK",
        "include-in-export": false
    },
    {
        "source-group-title": "Max Sports NO",
        "include-in-export": false
    },
    {
        "source-group-title": "Max Sports SE",
        "include-in-export": false
    },
    {
        "source-group-title": "Mexico",
        "include-in-export": false
    },
    {
        "source-group-title": "Music Package",
        "include-in-export": false
    },
    {
        "source-group-title": "Netherlands",
        "include-in-export": false
    },
    {
        "source-group-title": "Norway",
        "include-in-export": false
    },
    {
        "source-group-title": "Pakistan",
        "include-in-export": false
    },
    {
        "source-group-title": "Paraguay",
        "include-in-export": false
    },
    {
        "source-group-title": "Peacock \/ DAZN US",
        "include-in-export": false
    },
    {
        "source-group-title": "Peru",
        "include-in-export": false
    },
    {
        "source-group-title": "Philippines",
        "include-in-export": false
    },
    {
        "source-group-title": "Poland",
        "include-in-export": false
    },
    {
        "source-group-title": "Portugal",
        "include-in-export": false
    },
    {
        "source-group-title": "Prime Sports SE",
        "include-in-export": false
    },
    {
        "source-group-title": "Romania",
        "include-in-export": false
    },
    {
        "source-group-title": "Russia",
        "include-in-export": false
    },
    {
        "source-group-title": "Ruutu Events FI",
        "include-in-export": false
    },
    {
        "source-group-title": "SPFL - Scottish Football League UK",
        "include-in-export": false
    },
    {
        "source-group-title": "Series: Albania",
        "include-in-export": false
    },
    {
        "source-group-title": "Series: Arabic",
        "include-in-export": false
    },
    {
        "source-group-title": "Series: Barn",
        "include-in-export": false
    },
    {
        "source-group-title": "Series: EX-YU",
        "include-in-export": false
    },
    {
        "source-group-title": "Series: English [Arabic-Sub]",
        "include-in-export": false
    },
    {
        "source-group-title": "Series: English [Multi-Sub]",
        "include-in-export": false
    },
    {
        "source-group-title": "Series: English [Multi-Sub] [4K] [Only On 4K Devices]",
        "include-in-export": false
    },
    {
        "source-group-title": "Series: Kurdish",
        "include-in-export": false
    },
    {
        "source-group-title": "Series: NORDIC",
        "include-in-export": false
    },
    {
        "source-group-title": "Series: Turkey",
        "include-in-export": false
    },
    {
        "source-group-title": "Series: Turkey [Arabic Sub]",
        "include-in-export": false
    },
    {
        "source-group-title": "Slovenia",
        "include-in-export": false
    },
    {
        "source-group-title": "Somalia",
        "include-in-export": false
    },
    {
        "source-group-title": "Spain",
        "include-in-export": false
    },
    {
        "source-group-title": "Speedway - ESS Play SE",
        "include-in-export": false
    },
    {
        "source-group-title": "Sport Package",
        "include-in-export": false
    },
    {
        "source-group-title": "SportExpressen\/Aftonbladet SE",
        "include-in-export": false
    },
    {
        "source-group-title": "Srbija\/Crna Gora",
        "include-in-export": false
    },
    {
        "source-group-title": "Sri Lanka",
        "include-in-export": false
    },
    {
        "source-group-title": "Sudan",
        "include-in-export": false
    },
    {
        "source-group-title": "Super Sports CA",
        "include-in-export": false
    },
    {
        "source-group-title": "Svensk Hockey SE",
        "include-in-export": false
    },
    {
        "source-group-title": "Svenskbil Sport \/ Folkrace SE",
        "include-in-export": false
    },
    {
        "source-group-title": "Sweden",
        "include-in-export": false
    },
    {
        "source-group-title": "Switzerland",
        "include-in-export": false
    },
    {
        "source-group-title": "S\u00edminnSport Events IS",
        "include-in-export": false
    },
    {
        "source-group-title": "TV2 Play NO",
        "include-in-export": false
    },
    {
        "source-group-title": "TV2 Sport DK",
        "include-in-export": false
    },
    {
        "source-group-title": "TV4 Play SE",
        "include-in-export": false
    },
    {
        "source-group-title": "Taiwan",
        "include-in-export": false
    },
    {
        "source-group-title": "Telia Play Events FI",
        "include-in-export": false
    },
    {
        "source-group-title": "Telia Play Events SE",
        "include-in-export": false
    },
    {
        "source-group-title": "Thailand",
        "include-in-export": false
    },
    {
        "source-group-title": "Turkey",
        "include-in-export": false
    },
    {
        "source-group-title": "US ABC Network",
        "include-in-export": false
    },
    {
        "source-group-title": "US CBS Network",
        "include-in-export": false
    },
    {
        "source-group-title": "US Fox Network",
        "include-in-export": false
    },
    {
        "source-group-title": "US LIVE EVENTS \/ ESPN+",
        "include-in-export": false
    },
    {
        "source-group-title": "US NBC Network",
        "include-in-export": false
    },
    {
        "source-group-title": "US Sports",
        "include-in-export": false
    },
    {
        "source-group-title": "Ukraine",
        "include-in-export": false
    },
    {
        "source-group-title": "United Kingdom",
        "include-in-export": false
    },
    {
        "source-group-title": "United States",
        "include-in-export": false
    },
    {
        "source-group-title": "Uruguay",
        "include-in-export": false
    },
    {
        "source-group-title": "VGTV+  NO",
        "include-in-export": false
    },
    {
        "source-group-title": "VOD: 4k Movies [Multi-Sub] [Only On 4K Devices]",
        "include-in-export": false
    },
    {
        "source-group-title": "VOD: 4k Old Popular Movies [Multi-Sub] [Only On 4K Devices]",
        "include-in-export": false
    },
    {
        "source-group-title": "VOD: Arabic",
        "include-in-export": false
    },
    {
        "source-group-title": "VOD: Astrid Lindgren",
        "include-in-export": false
    },
    {
        "source-group-title": "VOD: Beck Komplett Kollektion",
        "include-in-export": false
    },
    {
        "source-group-title": "VOD: Box set [Multi-Sub]",
        "include-in-export": false
    },
    {
        "source-group-title": "VOD: Bud Spencer",
        "include-in-export": false
    },
    {
        "source-group-title": "VOD: Cheech and Chong",
        "include-in-export": false
    },
    {
        "source-group-title": "VOD: Christmas Movies [Multi-Sub]",
        "include-in-export": false
    },
    {
        "source-group-title": "VOD: Crtani Filmovi [Ex-yu]",
        "include-in-export": false
    },
    {
        "source-group-title": "VOD: Danske - Norska - Suomalainen Film",
        "include-in-export": false
    },
    {
        "source-group-title": "VOD: Disney [Ar-Eng] [Multi-Audio]",
        "include-in-export": false
    },
    {
        "source-group-title": "VOD: Disney [ENG]",
        "include-in-export": false
    },
    {
        "source-group-title": "VOD: English Movies [Arabic Subtitle]",
        "include-in-export": false
    },
    {
        "source-group-title": "VOD: English Movies [Czech Subtitle]",
        "include-in-export": false
    },
    {
        "source-group-title": "VOD: English Movies [Kurdish Subtitle]",
        "include-in-export": false
    },
    {
        "source-group-title": "VOD: Events",
        "include-in-export": false
    },
    {
        "source-group-title": "VOD: Germany",
        "include-in-export": false
    },
    {
        "source-group-title": "VOD: Halloween Movies",
        "include-in-export": false
    },
    {
        "source-group-title": "VOD: IMDB Top Movies [Multi-Sub]",
        "include-in-export": false
    },
    {
        "source-group-title": "VOD: India",
        "include-in-export": false
    },
    {
        "source-group-title": "VOD: Iran",
        "include-in-export": false
    },
    {
        "source-group-title": "VOD: Jackie Chan Collection [AR-SUB]",
        "include-in-export": false
    },
    {
        "source-group-title": "VOD: James Bond Collection",
        "include-in-export": false
    },
    {
        "source-group-title": "VOD: Johan Falk",
        "include-in-export": false
    },
    {
        "source-group-title": "VOD: Kids Movies",
        "include-in-export": false
    },
    {
        "source-group-title": "VOD: Kommisarie Montalbano",
        "include-in-export": false
    },
    {
        "source-group-title": "VOD: Music Concerts",
        "include-in-export": false
    },
    {
        "source-group-title": "VOD: N1 Sports Events Replays",
        "include-in-export": false
    },
    {
        "source-group-title": "VOD: Old Popular Movies [Multi-Sub]",
        "include-in-export": false
    },
    {
        "source-group-title": "VOD: Polska",
        "include-in-export": false
    },
    {
        "source-group-title": "VOD: Premiere Cinemas [Multi-Sub]",
        "include-in-export": false
    },
    {
        "source-group-title": "VOD: Relaxing Music",
        "include-in-export": false
    },
    {
        "source-group-title": "VOD: Svenska",
        "include-in-export": false
    },
    {
        "source-group-title": "VOD: Turkey",
        "include-in-export": false
    },
    {
        "source-group-title": "VOD: Van Damme Collection",
        "include-in-export": false
    },
    {
        "source-group-title": "VOD: Vietnam",
        "include-in-export": false
    },
    {
        "source-group-title": "VOD: Wallander",
        "include-in-export": false
    },
    {
        "source-group-title": "VOD: [Dolby Vision] 4k Movies [Multi-Sub] [Only On Dolby Vision Devices]",
        "include-in-export": false
    },
    {
        "source-group-title": "VOD: ex-Yu Movies",
        "include-in-export": false
    },
    {
        "source-group-title": "Venezuela",
        "include-in-export": false
    },
    {
        "source-group-title": "Viaplay Sport DK",
        "include-in-export": false
    },
    {
        "source-group-title": "Viaplay Sport FI",
        "include-in-export": false
    },
    {
        "source-group-title": "Viaplay Sport IS",
        "include-in-export": false
    },
    {
        "source-group-title": "Viaplay Sport NL",
        "include-in-export": false
    },
    {
        "source-group-title": "Viaplay Sport NO",
        "include-in-export": false
    },
    {
        "source-group-title": "Viaplay Sport PL",
        "include-in-export": false
    },
    {
        "source-group-title": "Viaplay Sport SE",
        "include-in-export": false
    },
    {
        "source-group-title": "Viaplay Sport UK",
        "include-in-export": false
    },
    {
        "source-group-title": "Vietnam",
        "include-in-export": false
    },
    {
        "source-group-title": "World Football Events",
        "include-in-export": false
    },
    {
        "source-group-title": "World PPV Fights",
        "include-in-export": false
    },
    {
        "source-group-title": "World Padel Tour TV",
        "include-in-export": false
    }
]
Received Data:
[
    {
        "source-group-title": "24\/7 Danish",
        "include-in-export": true
    },
    {
        "source-group-title": "24\/7 Germany",
        "include-in-export": true
    },
    {
        "source-group-title": "24\/7 Movies",
        "include-in-export": true
    },
    {
        "source-group-title": "24\/7 Norwegian",
        "include-in-export": true
    },
    {
        "source-group-title": "24\/7 Spain",
        "include-in-export": true
    },
    {
        "source-group-title": "24\/7 Swedish",
        "include-in-export": true
    },
    {
        "source-group-title": "24\/7 UK",
        "include-in-export": true
    },
    {
        "source-group-title": "24\/7 United States",
        "include-in-export": true
    },
    {
        "source-group-title": "Afghanistan",
        "include-in-export": true
    },
    {
        "source-group-title": "Africa",
        "include-in-export": true
    },
    {
        "source-group-title": "Albania",
        "include-in-export": true
    },
    {
        "source-group-title": "Arabic",
        "include-in-export": true
    },
    {
        "source-group-title": "Arabic Entertainment",
        "include-in-export": true
    },
    {
        "source-group-title": "Arabic News",
        "include-in-export": true
    },
    {
        "source-group-title": "Arabic Sports",
        "include-in-export": true
    },
    {
        "source-group-title": "Argentina",
        "include-in-export": true
    },
    {
        "source-group-title": "Armenia",
        "include-in-export": true
    },
    {
        "source-group-title": "Australia & New Zealand",
        "include-in-export": true
    },
    {
        "source-group-title": "Azerbaijan",
        "include-in-export": true
    },
    {
        "source-group-title": "Bangladesh",
        "include-in-export": true
    },
    {
        "source-group-title": "Belgium",
        "include-in-export": true
    },
    {
        "source-group-title": "Bolivia",
        "include-in-export": true
    },
    {
        "source-group-title": "Bosnia i Hercegovina",
        "include-in-export": true
    },
    {
        "source-group-title": "Brazil",
        "include-in-export": true
    },
    {
        "source-group-title": "Bulgaria",
        "include-in-export": true
    },
    {
        "source-group-title": "Cambodia",
        "include-in-export": true
    },
    {
        "source-group-title": "Canada",
        "include-in-export": true
    },
    {
        "source-group-title": "Caribbean",
        "include-in-export": true
    },
    {
        "source-group-title": "Chile",
        "include-in-export": true
    },
    {
        "source-group-title": "China",
        "include-in-export": true
    },
    {
        "source-group-title": "Colombia",
        "include-in-export": true
    },
    {
        "source-group-title": "Czech & Slovakia",
        "include-in-export": true
    },
    {
        "source-group-title": "DAZN CA",
        "include-in-export": true
    },
    {
        "source-group-title": "DAZN DE",
        "include-in-export": true
    },
    {
        "source-group-title": "DAZN ES",
        "include-in-export": true
    },
    {
        "source-group-title": "DAZN FR",
        "include-in-export": true
    },
    {
        "source-group-title": "DAZN IT",
        "include-in-export": true
    },
    {
        "source-group-title": "DAZN SE",
        "include-in-export": true
    },
    {
        "source-group-title": "DYN Sport Event DE",
        "include-in-export": true
    },
    {
        "source-group-title": "Denmark",
        "include-in-export": true
    },
    {
        "source-group-title": "Direket Sport Events NO",
        "include-in-export": true
    },
    {
        "source-group-title": "Discovery+ Sport DE",
        "include-in-export": true
    },
    {
        "source-group-title": "Discovery+ Sport NL",
        "include-in-export": true
    },
    {
        "source-group-title": "Discovery+ Sport NO",
        "include-in-export": true
    },
    {
        "source-group-title": "Discovery+ Sport SE",
        "include-in-export": true
    },
    {
        "source-group-title": "Disney Plus SE",
        "include-in-export": true
    },
    {
        "source-group-title": "EFL \/ iFOLLOW UK",
        "include-in-export": true
    },
    {
        "source-group-title": "EPL UK",
        "include-in-export": true
    },
    {
        "source-group-title": "EX-YU Sport",
        "include-in-export": true
    },
    {
        "source-group-title": "Ecuador",
        "include-in-export": true
    },
    {
        "source-group-title": "El Salvador",
        "include-in-export": true
    },
    {
        "source-group-title": "Elitserien Live SE",
        "include-in-export": true
    },
    {
        "source-group-title": "Estonia",
        "include-in-export": true
    },
    {
        "source-group-title": "EttanPlay SE",
        "include-in-export": true
    },
    {
        "source-group-title": "FANSEAT Events SE",
        "include-in-export": true
    },
    {
        "source-group-title": "Finland",
        "include-in-export": true
    },
    {
        "source-group-title": "For Adults",
        "include-in-export": true
    },
    {
        "source-group-title": "Formula 1 \/ Racing",
        "include-in-export": true
    },
    {
        "source-group-title": "France",
        "include-in-export": true
    },
    {
        "source-group-title": "Germany",
        "include-in-export": true
    },
    {
        "source-group-title": "Greece",
        "include-in-export": true
    },
    {
        "source-group-title": "Handbollsligan SE",
        "include-in-export": true
    },
    {
        "source-group-title": "Hockey - Metal Ligaen DK",
        "include-in-export": true
    },
    {
        "source-group-title": "HockeyEttan SE",
        "include-in-export": true
    },
    {
        "source-group-title": "Hong Kong",
        "include-in-export": true
    },
    {
        "source-group-title": "Hrvatska",
        "include-in-export": true
    },
    {
        "source-group-title": "Hungary",
        "include-in-export": true
    },
    {
        "source-group-title": "Iceland",
        "include-in-export": true
    },
    {
        "source-group-title": "India",
        "include-in-export": true
    },
    {
        "source-group-title": "Indonesia",
        "include-in-export": true
    },
    {
        "source-group-title": "Innebandy SE",
        "include-in-export": true
    },
    {
        "source-group-title": "Iran",
        "include-in-export": true
    },
    {
        "source-group-title": "Israel",
        "include-in-export": true
    },
    {
        "source-group-title": "Italy",
        "include-in-export": true
    },
    {
        "source-group-title": "Japan",
        "include-in-export": true
    },
    {
        "source-group-title": "Korea",
        "include-in-export": true
    },
    {
        "source-group-title": "Kurdistan",
        "include-in-export": true
    },
    {
        "source-group-title": "LIVEY Sports IS",
        "include-in-export": true
    },
    {
        "source-group-title": "Latino",
        "include-in-export": true
    },
    {
        "source-group-title": "Lithuania",
        "include-in-export": true
    },
    {
        "source-group-title": "MAX Sport DK",
        "include-in-export": true
    },
    {
        "source-group-title": "MAX Sport FI",
        "include-in-export": true
    },
    {
        "source-group-title": "MLS Soccer US",
        "include-in-export": true
    },
    {
        "source-group-title": "MTV Urheilu Events FI",
        "include-in-export": true
    },
    {
        "source-group-title": "Macedonia",
        "include-in-export": true
    },
    {
        "source-group-title": "Malaysia",
        "include-in-export": true
    },
    {
        "source-group-title": "Malta",
        "include-in-export": true
    },
    {
        "source-group-title": "Max Sports DK",
        "include-in-export": true
    },
    {
        "source-group-title": "Max Sports NO",
        "include-in-export": true
    },
    {
        "source-group-title": "Max Sports SE",
        "include-in-export": true
    },
    {
        "source-group-title": "Mexico",
        "include-in-export": true
    },
    {
        "source-group-title": "Music Package",
        "include-in-export": true
    },
    {
        "source-group-title": "Netherlands",
        "include-in-export": true
    },
    {
        "source-group-title": "Norway",
        "include-in-export": true
    },
    {
        "source-group-title": "Pakistan",
        "include-in-export": true
    },
    {
        "source-group-title": "Paraguay",
        "include-in-export": true
    },
    {
        "source-group-title": "Peacock \/ DAZN US",
        "include-in-export": true
    },
    {
        "source-group-title": "Peru",
        "include-in-export": true
    },
    {
        "source-group-title": "Philippines",
        "include-in-export": true
    },
    {
        "source-group-title": "Poland",
        "include-in-export": true
    },
    {
        "source-group-title": "Portugal",
        "include-in-export": true
    },
    {
        "source-group-title": "Prime Sports SE",
        "include-in-export": true
    },
    {
        "source-group-title": "Romania",
        "include-in-export": true
    },
    {
        "source-group-title": "Russia",
        "include-in-export": true
    },
    {
        "source-group-title": "Ruutu Events FI",
        "include-in-export": true
    },
    {
        "source-group-title": "SPFL - Scottish Football League UK",
        "include-in-export": true
    },
    {
        "source-group-title": "Series: Albania",
        "include-in-export": true
    },
    {
        "source-group-title": "Series: Arabic",
        "include-in-export": true
    },
    {
        "source-group-title": "Series: Barn",
        "include-in-export": true
    },
    {
        "source-group-title": "Series: EX-YU",
        "include-in-export": true
    },
    {
        "source-group-title": "Series: English [Arabic-Sub]",
        "include-in-export": true
    },
    {
        "source-group-title": "Series: English [Multi-Sub]",
        "include-in-export": true
    },
    {
        "source-group-title": "Series: English [Multi-Sub] [4K] [Only On 4K Devices]",
        "include-in-export": true
    },
    {
        "source-group-title": "Series: Kurdish",
        "include-in-export": true
    },
    {
        "source-group-title": "Series: NORDIC",
        "include-in-export": true
    },
    {
        "source-group-title": "Series: Turkey",
        "include-in-export": true
    },
    {
        "source-group-title": "Series: Turkey [Arabic Sub]",
        "include-in-export": true
    },
    {
        "source-group-title": "Slovenia",
        "include-in-export": true
    },
    {
        "source-group-title": "Somalia",
        "include-in-export": true
    },
    {
        "source-group-title": "Spain",
        "include-in-export": true
    },
    {
        "source-group-title": "Speedway - ESS Play SE",
        "include-in-export": true
    },
    {
        "source-group-title": "Sport Package",
        "include-in-export": true
    },
    {
        "source-group-title": "SportExpressen\/Aftonbladet SE",
        "include-in-export": true
    },
    {
        "source-group-title": "Srbija\/Crna Gora",
        "include-in-export": true
    },
    {
        "source-group-title": "Sri Lanka",
        "include-in-export": true
    },
    {
        "source-group-title": "Sudan",
        "include-in-export": true
    },
    {
        "source-group-title": "Super Sports CA",
        "include-in-export": true
    },
    {
        "source-group-title": "Svensk Hockey SE",
        "include-in-export": true
    },
    {
        "source-group-title": "Svenskbil Sport \/ Folkrace SE",
        "include-in-export": true
    },
    {
        "source-group-title": "Sweden",
        "include-in-export": true
    },
    {
        "source-group-title": "Switzerland",
        "include-in-export": true
    },
    {
        "source-group-title": "S\u00edminnSport Events IS",
        "include-in-export": true
    },
    {
        "source-group-title": "TV2 Play NO",
        "include-in-export": true
    },
    {
        "source-group-title": "TV2 Sport DK",
        "include-in-export": true
    },
    {
        "source-group-title": "TV4 Play SE",
        "include-in-export": true
    },
    {
        "source-group-title": "Taiwan",
        "include-in-export": true
    },
    {
        "source-group-title": "Telia Play Events FI",
        "include-in-export": true
    },
    {
        "source-group-title": "Telia Play Events SE",
        "include-in-export": true
    },
    {
        "source-group-title": "Thailand",
        "include-in-export": true
    },
    {
        "source-group-title": "Turkey",
        "include-in-export": true
    },
    {
        "source-group-title": "US ABC Network",
        "include-in-export": true
    },
    {
        "source-group-title": "US CBS Network",
        "include-in-export": true
    },
    {
        "source-group-title": "US Fox Network",
        "include-in-export": true
    },
    {
        "source-group-title": "US LIVE EVENTS \/ ESPN+",
        "include-in-export": true
    },
    {
        "source-group-title": "US NBC Network",
        "include-in-export": true
    },
    {
        "source-group-title": "US Sports",
        "include-in-export": true
    },
    {
        "source-group-title": "Ukraine",
        "include-in-export": true
    },
    {
        "source-group-title": "United Kingdom",
        "include-in-export": true
    },
    {
        "source-group-title": "United States",
        "include-in-export": true
    },
    {
        "source-group-title": "Uruguay",
        "include-in-export": true
    },
    {
        "source-group-title": "VGTV+  NO",
        "include-in-export": true
    },
    {
        "source-group-title": "VOD: 4k Movies [Multi-Sub] [Only On 4K Devices]",
        "include-in-export": true
    },
    {
        "source-group-title": "VOD: 4k Old Popular Movies [Multi-Sub] [Only On 4K Devices]",
        "include-in-export": true
    },
    {
        "source-group-title": "VOD: Arabic",
        "include-in-export": true
    },
    {
        "source-group-title": "VOD: Astrid Lindgren",
        "include-in-export": true
    },
    {
        "source-group-title": "VOD: Beck Komplett Kollektion",
        "include-in-export": true
    },
    {
        "source-group-title": "VOD: Box set [Multi-Sub]",
        "include-in-export": true
    },
    {
        "source-group-title": "VOD: Bud Spencer",
        "include-in-export": true
    },
    {
        "source-group-title": "VOD: Cheech and Chong",
        "include-in-export": true
    },
    {
        "source-group-title": "VOD: Christmas Movies [Multi-Sub]",
        "include-in-export": true
    },
    {
        "source-group-title": "VOD: Crtani Filmovi [Ex-yu]",
        "include-in-export": true
    },
    {
        "source-group-title": "VOD: Danske - Norska - Suomalainen Film",
        "include-in-export": true
    },
    {
        "source-group-title": "VOD: Disney [Ar-Eng] [Multi-Audio]",
        "include-in-export": true
    },
    {
        "source-group-title": "VOD: Disney [ENG]",
        "include-in-export": true
    },
    {
        "source-group-title": "VOD: English Movies [Arabic Subtitle]",
        "include-in-export": true
    },
    {
        "source-group-title": "VOD: English Movies [Czech Subtitle]",
        "include-in-export": true
    },
    {
        "source-group-title": "VOD: English Movies [Kurdish Subtitle]",
        "include-in-export": true
    },
    {
        "source-group-title": "VOD: Events",
        "include-in-export": true
    },
    {
        "source-group-title": "VOD: Germany",
        "include-in-export": true
    },
    {
        "source-group-title": "VOD: Halloween Movies",
        "include-in-export": true
    },
    {
        "source-group-title": "VOD: IMDB Top Movies [Multi-Sub]",
        "include-in-export": true
    },
    {
        "source-group-title": "VOD: India",
        "include-in-export": true
    },
    {
        "source-group-title": "VOD: Iran",
        "include-in-export": true
    },
    {
        "source-group-title": "VOD: Jackie Chan Collection [AR-SUB]",
        "include-in-export": true
    },
    {
        "source-group-title": "VOD: James Bond Collection",
        "include-in-export": true
    },
    {
        "source-group-title": "VOD: Johan Falk",
        "include-in-export": true
    },
    {
        "source-group-title": "VOD: Kids Movies",
        "include-in-export": true
    },
    {
        "source-group-title": "VOD: Kommisarie Montalbano",
        "include-in-export": true
    },
    {
        "source-group-title": "VOD: Music Concerts",
        "include-in-export": true
    },
    {
        "source-group-title": "VOD: N1 Sports Events Replays",
        "include-in-export": true
    },
    {
        "source-group-title": "VOD: Old Popular Movies [Multi-Sub]",
        "include-in-export": true
    },
    {
        "source-group-title": "VOD: Polska",
        "include-in-export": true
    },
    {
        "source-group-title": "VOD: Premiere Cinemas [Multi-Sub]",
        "include-in-export": true
    },
    {
        "source-group-title": "VOD: Relaxing Music",
        "include-in-export": true
    },
    {
        "source-group-title": "VOD: Svenska",
        "include-in-export": true
    },
    {
        "source-group-title": "VOD: Turkey",
        "include-in-export": true
    },
    {
        "source-group-title": "VOD: Van Damme Collection",
        "include-in-export": true
    },
    {
        "source-group-title": "VOD: Vietnam",
        "include-in-export": true
    },
    {
        "source-group-title": "VOD: Wallander",
        "include-in-export": true
    },
    {
        "source-group-title": "VOD: [Dolby Vision] 4k Movies [Multi-Sub] [Only On Dolby Vision Devices]",
        "include-in-export": true
    },
    {
        "source-group-title": "VOD: ex-Yu Movies",
        "include-in-export": true
    },
    {
        "source-group-title": "Venezuela",
        "include-in-export": true
    },
    {
        "source-group-title": "Viaplay Sport DK",
        "include-in-export": true
    },
    {
        "source-group-title": "Viaplay Sport FI",
        "include-in-export": true
    },
    {
        "source-group-title": "Viaplay Sport IS",
        "include-in-export": true
    },
    {
        "source-group-title": "Viaplay Sport NL",
        "include-in-export": true
    },
    {
        "source-group-title": "Viaplay Sport NO",
        "include-in-export": true
    },
    {
        "source-group-title": "Viaplay Sport PL",
        "include-in-export": true
    },
    {
        "source-group-title": "Viaplay Sport SE",
        "include-in-export": true
    },
    {
        "source-group-title": "Viaplay Sport UK",
        "include-in-export": true
    },
    {
        "source-group-title": "Vietnam",
        "include-in-export": true
    },
    {
        "source-group-title": "World Football Events",
        "include-in-export": true
    },
    {
        "source-group-title": "World PPV Fights",
        "include-in-export": true
    },
    {
        "source-group-title": "World Padel Tour TV",
        "include-in-export": true
    }
]
Received Data:
[
    {
        "source-group-title": "24\/7 Movies",
        "category-id": 4
    }
]
Received Data:
[
    {
        "source-group-title": "24\/7 Norwegian",
        "category-id": 6
    }
]
Received Data:
[
    {
        "source-group-title": "24\/7 Spain",
        "category-id": 8
    }
]
Received Data:
[
    {
        "source-group-title": "24\/7 Swedish",
        "category-id": 10
    }
]
Received Data:
[
    {
        "source-group-title": "24\/7 UK",
        "category-id": 99
    }
]
Received Data:
[
    {
        "source-group-title": "24\/7 Danish",
        "include-in-export": false
    },
    {
        "source-group-title": "24\/7 Germany",
        "include-in-export": false
    },
    {
        "source-group-title": "24\/7 Movies",
        "include-in-export": false
    },
    {
        "source-group-title": "24\/7 Norwegian",
        "include-in-export": false
    },
    {
        "source-group-title": "24\/7 Spain",
        "include-in-export": false
    },
    {
        "source-group-title": "24\/7 Swedish",
        "include-in-export": false
    },
    {
        "source-group-title": "24\/7 UK",
        "include-in-export": false
    },
    {
        "source-group-title": "24\/7 United States",
        "include-in-export": false
    },
    {
        "source-group-title": "Afghanistan",
        "include-in-export": false
    },
    {
        "source-group-title": "Africa",
        "include-in-export": false
    },
    {
        "source-group-title": "Albania",
        "include-in-export": false
    },
    {
        "source-group-title": "Arabic",
        "include-in-export": false
    },
    {
        "source-group-title": "Arabic Entertainment",
        "include-in-export": false
    },
    {
        "source-group-title": "Arabic News",
        "include-in-export": false
    },
    {
        "source-group-title": "Arabic Sports",
        "include-in-export": false
    },
    {
        "source-group-title": "Argentina",
        "include-in-export": false
    },
    {
        "source-group-title": "Armenia",
        "include-in-export": false
    },
    {
        "source-group-title": "Australia & New Zealand",
        "include-in-export": false
    },
    {
        "source-group-title": "Azerbaijan",
        "include-in-export": false
    },
    {
        "source-group-title": "Bangladesh",
        "include-in-export": false
    },
    {
        "source-group-title": "Belgium",
        "include-in-export": false
    },
    {
        "source-group-title": "Bolivia",
        "include-in-export": false
    },
    {
        "source-group-title": "Bosnia i Hercegovina",
        "include-in-export": false
    },
    {
        "source-group-title": "Brazil",
        "include-in-export": false
    },
    {
        "source-group-title": "Bulgaria",
        "include-in-export": false
    },
    {
        "source-group-title": "Cambodia",
        "include-in-export": false
    },
    {
        "source-group-title": "Canada",
        "include-in-export": false
    },
    {
        "source-group-title": "Caribbean",
        "include-in-export": false
    },
    {
        "source-group-title": "Chile",
        "include-in-export": false
    },
    {
        "source-group-title": "China",
        "include-in-export": false
    },
    {
        "source-group-title": "Colombia",
        "include-in-export": false
    },
    {
        "source-group-title": "Czech & Slovakia",
        "include-in-export": false
    },
    {
        "source-group-title": "DAZN CA",
        "include-in-export": false
    },
    {
        "source-group-title": "DAZN DE",
        "include-in-export": false
    },
    {
        "source-group-title": "DAZN ES",
        "include-in-export": false
    },
    {
        "source-group-title": "DAZN FR",
        "include-in-export": false
    },
    {
        "source-group-title": "DAZN IT",
        "include-in-export": false
    },
    {
        "source-group-title": "DAZN SE",
        "include-in-export": false
    },
    {
        "source-group-title": "DYN Sport Event DE",
        "include-in-export": false
    },
    {
        "source-group-title": "Denmark",
        "include-in-export": false
    },
    {
        "source-group-title": "Direket Sport Events NO",
        "include-in-export": false
    },
    {
        "source-group-title": "Discovery+ Sport DE",
        "include-in-export": false
    },
    {
        "source-group-title": "Discovery+ Sport NL",
        "include-in-export": false
    },
    {
        "source-group-title": "Discovery+ Sport NO",
        "include-in-export": false
    },
    {
        "source-group-title": "Discovery+ Sport SE",
        "include-in-export": false
    },
    {
        "source-group-title": "Disney Plus SE",
        "include-in-export": false
    },
    {
        "source-group-title": "EFL \/ iFOLLOW UK",
        "include-in-export": false
    },
    {
        "source-group-title": "EPL UK",
        "include-in-export": false
    },
    {
        "source-group-title": "EX-YU Sport",
        "include-in-export": false
    },
    {
        "source-group-title": "Ecuador",
        "include-in-export": false
    },
    {
        "source-group-title": "El Salvador",
        "include-in-export": false
    },
    {
        "source-group-title": "Elitserien Live SE",
        "include-in-export": false
    },
    {
        "source-group-title": "Estonia",
        "include-in-export": false
    },
    {
        "source-group-title": "EttanPlay SE",
        "include-in-export": false
    },
    {
        "source-group-title": "FANSEAT Events SE",
        "include-in-export": false
    },
    {
        "source-group-title": "Finland",
        "include-in-export": false
    },
    {
        "source-group-title": "For Adults",
        "include-in-export": false
    },
    {
        "source-group-title": "Formula 1 \/ Racing",
        "include-in-export": false
    },
    {
        "source-group-title": "France",
        "include-in-export": false
    },
    {
        "source-group-title": "Germany",
        "include-in-export": false
    },
    {
        "source-group-title": "Greece",
        "include-in-export": false
    },
    {
        "source-group-title": "Handbollsligan SE",
        "include-in-export": false
    },
    {
        "source-group-title": "Hockey - Metal Ligaen DK",
        "include-in-export": false
    },
    {
        "source-group-title": "HockeyEttan SE",
        "include-in-export": false
    },
    {
        "source-group-title": "Hong Kong",
        "include-in-export": false
    },
    {
        "source-group-title": "Hrvatska",
        "include-in-export": false
    },
    {
        "source-group-title": "Hungary",
        "include-in-export": false
    },
    {
        "source-group-title": "Iceland",
        "include-in-export": false
    },
    {
        "source-group-title": "India",
        "include-in-export": false
    },
    {
        "source-group-title": "Indonesia",
        "include-in-export": false
    },
    {
        "source-group-title": "Innebandy SE",
        "include-in-export": false
    },
    {
        "source-group-title": "Iran",
        "include-in-export": false
    },
    {
        "source-group-title": "Israel",
        "include-in-export": false
    },
    {
        "source-group-title": "Italy",
        "include-in-export": false
    },
    {
        "source-group-title": "Japan",
        "include-in-export": false
    },
    {
        "source-group-title": "Korea",
        "include-in-export": false
    },
    {
        "source-group-title": "Kurdistan",
        "include-in-export": false
    },
    {
        "source-group-title": "LIVEY Sports IS",
        "include-in-export": false
    },
    {
        "source-group-title": "Latino",
        "include-in-export": false
    },
    {
        "source-group-title": "Lithuania",
        "include-in-export": false
    },
    {
        "source-group-title": "MAX Sport DK",
        "include-in-export": false
    },
    {
        "source-group-title": "MAX Sport FI",
        "include-in-export": false
    },
    {
        "source-group-title": "MLS Soccer US",
        "include-in-export": false
    },
    {
        "source-group-title": "MTV Urheilu Events FI",
        "include-in-export": false
    },
    {
        "source-group-title": "Macedonia",
        "include-in-export": false
    },
    {
        "source-group-title": "Malaysia",
        "include-in-export": false
    },
    {
        "source-group-title": "Malta",
        "include-in-export": false
    },
    {
        "source-group-title": "Max Sports DK",
        "include-in-export": false
    },
    {
        "source-group-title": "Max Sports NO",
        "include-in-export": false
    },
    {
        "source-group-title": "Max Sports SE",
        "include-in-export": false
    },
    {
        "source-group-title": "Mexico",
        "include-in-export": false
    },
    {
        "source-group-title": "Music Package",
        "include-in-export": false
    },
    {
        "source-group-title": "Netherlands",
        "include-in-export": false
    },
    {
        "source-group-title": "Norway",
        "include-in-export": false
    },
    {
        "source-group-title": "Pakistan",
        "include-in-export": false
    },
    {
        "source-group-title": "Paraguay",
        "include-in-export": false
    },
    {
        "source-group-title": "Peacock \/ DAZN US",
        "include-in-export": false
    },
    {
        "source-group-title": "Peru",
        "include-in-export": false
    },
    {
        "source-group-title": "Philippines",
        "include-in-export": false
    },
    {
        "source-group-title": "Poland",
        "include-in-export": false
    },
    {
        "source-group-title": "Portugal",
        "include-in-export": false
    },
    {
        "source-group-title": "Prime Sports SE",
        "include-in-export": false
    },
    {
        "source-group-title": "Romania",
        "include-in-export": false
    },
    {
        "source-group-title": "Russia",
        "include-in-export": false
    },
    {
        "source-group-title": "Ruutu Events FI",
        "include-in-export": false
    },
    {
        "source-group-title": "SPFL - Scottish Football League UK",
        "include-in-export": false
    },
    {
        "source-group-title": "Series: Albania",
        "include-in-export": false
    },
    {
        "source-group-title": "Series: Arabic",
        "include-in-export": false
    },
    {
        "source-group-title": "Series: Barn",
        "include-in-export": false
    },
    {
        "source-group-title": "Series: EX-YU",
        "include-in-export": false
    },
    {
        "source-group-title": "Series: English [Arabic-Sub]",
        "include-in-export": false
    },
    {
        "source-group-title": "Series: English [Multi-Sub]",
        "include-in-export": false
    },
    {
        "source-group-title": "Series: English [Multi-Sub] [4K] [Only On 4K Devices]",
        "include-in-export": false
    },
    {
        "source-group-title": "Series: Kurdish",
        "include-in-export": false
    },
    {
        "source-group-title": "Series: NORDIC",
        "include-in-export": false
    },
    {
        "source-group-title": "Series: Turkey",
        "include-in-export": false
    },
    {
        "source-group-title": "Series: Turkey [Arabic Sub]",
        "include-in-export": false
    },
    {
        "source-group-title": "Slovenia",
        "include-in-export": false
    },
    {
        "source-group-title": "Somalia",
        "include-in-export": false
    },
    {
        "source-group-title": "Spain",
        "include-in-export": false
    },
    {
        "source-group-title": "Speedway - ESS Play SE",
        "include-in-export": false
    },
    {
        "source-group-title": "Sport Package",
        "include-in-export": false
    },
    {
        "source-group-title": "SportExpressen\/Aftonbladet SE",
        "include-in-export": false
    },
    {
        "source-group-title": "Srbija\/Crna Gora",
        "include-in-export": false
    },
    {
        "source-group-title": "Sri Lanka",
        "include-in-export": false
    },
    {
        "source-group-title": "Sudan",
        "include-in-export": false
    },
    {
        "source-group-title": "Super Sports CA",
        "include-in-export": false
    },
    {
        "source-group-title": "Svensk Hockey SE",
        "include-in-export": false
    },
    {
        "source-group-title": "Svenskbil Sport \/ Folkrace SE",
        "include-in-export": false
    },
    {
        "source-group-title": "Sweden",
        "include-in-export": false
    },
    {
        "source-group-title": "Switzerland",
        "include-in-export": false
    },
    {
        "source-group-title": "S\u00edminnSport Events IS",
        "include-in-export": false
    },
    {
        "source-group-title": "TV2 Play NO",
        "include-in-export": false
    },
    {
        "source-group-title": "TV2 Sport DK",
        "include-in-export": false
    },
    {
        "source-group-title": "TV4 Play SE",
        "include-in-export": false
    },
    {
        "source-group-title": "Taiwan",
        "include-in-export": false
    },
    {
        "source-group-title": "Telia Play Events FI",
        "include-in-export": false
    },
    {
        "source-group-title": "Telia Play Events SE",
        "include-in-export": false
    },
    {
        "source-group-title": "Thailand",
        "include-in-export": false
    },
    {
        "source-group-title": "Turkey",
        "include-in-export": false
    },
    {
        "source-group-title": "US ABC Network",
        "include-in-export": false
    },
    {
        "source-group-title": "US CBS Network",
        "include-in-export": false
    },
    {
        "source-group-title": "US Fox Network",
        "include-in-export": false
    },
    {
        "source-group-title": "US LIVE EVENTS \/ ESPN+",
        "include-in-export": false
    },
    {
        "source-group-title": "US NBC Network",
        "include-in-export": false
    },
    {
        "source-group-title": "US Sports",
        "include-in-export": false
    },
    {
        "source-group-title": "Ukraine",
        "include-in-export": false
    },
    {
        "source-group-title": "United Kingdom",
        "include-in-export": false
    },
    {
        "source-group-title": "United States",
        "include-in-export": false
    },
    {
        "source-group-title": "Uruguay",
        "include-in-export": false
    },
    {
        "source-group-title": "VGTV+  NO",
        "include-in-export": false
    },
    {
        "source-group-title": "VOD: 4k Movies [Multi-Sub] [Only On 4K Devices]",
        "include-in-export": false
    },
    {
        "source-group-title": "VOD: 4k Old Popular Movies [Multi-Sub] [Only On 4K Devices]",
        "include-in-export": false
    },
    {
        "source-group-title": "VOD: Arabic",
        "include-in-export": false
    },
    {
        "source-group-title": "VOD: Astrid Lindgren",
        "include-in-export": false
    },
    {
        "source-group-title": "VOD: Beck Komplett Kollektion",
        "include-in-export": false
    },
    {
        "source-group-title": "VOD: Box set [Multi-Sub]",
        "include-in-export": false
    },
    {
        "source-group-title": "VOD: Bud Spencer",
        "include-in-export": false
    },
    {
        "source-group-title": "VOD: Cheech and Chong",
        "include-in-export": false
    },
    {
        "source-group-title": "VOD: Christmas Movies [Multi-Sub]",
        "include-in-export": false
    },
    {
        "source-group-title": "VOD: Crtani Filmovi [Ex-yu]",
        "include-in-export": false
    },
    {
        "source-group-title": "VOD: Danske - Norska - Suomalainen Film",
        "include-in-export": false
    },
    {
        "source-group-title": "VOD: Disney [Ar-Eng] [Multi-Audio]",
        "include-in-export": false
    },
    {
        "source-group-title": "VOD: Disney [ENG]",
        "include-in-export": false
    },
    {
        "source-group-title": "VOD: English Movies [Arabic Subtitle]",
        "include-in-export": false
    },
    {
        "source-group-title": "VOD: English Movies [Czech Subtitle]",
        "include-in-export": false
    },
    {
        "source-group-title": "VOD: English Movies [Kurdish Subtitle]",
        "include-in-export": false
    },
    {
        "source-group-title": "VOD: Events",
        "include-in-export": false
    },
    {
        "source-group-title": "VOD: Germany",
        "include-in-export": false
    },
    {
        "source-group-title": "VOD: Halloween Movies",
        "include-in-export": false
    },
    {
        "source-group-title": "VOD: IMDB Top Movies [Multi-Sub]",
        "include-in-export": false
    },
    {
        "source-group-title": "VOD: India",
        "include-in-export": false
    },
    {
        "source-group-title": "VOD: Iran",
        "include-in-export": false
    },
    {
        "source-group-title": "VOD: Jackie Chan Collection [AR-SUB]",
        "include-in-export": false
    },
    {
        "source-group-title": "VOD: James Bond Collection",
        "include-in-export": false
    },
    {
        "source-group-title": "VOD: Johan Falk",
        "include-in-export": false
    },
    {
        "source-group-title": "VOD: Kids Movies",
        "include-in-export": false
    },
    {
        "source-group-title": "VOD: Kommisarie Montalbano",
        "include-in-export": false
    },
    {
        "source-group-title": "VOD: Music Concerts",
        "include-in-export": false
    },
    {
        "source-group-title": "VOD: N1 Sports Events Replays",
        "include-in-export": false
    },
    {
        "source-group-title": "VOD: Old Popular Movies [Multi-Sub]",
        "include-in-export": false
    },
    {
        "source-group-title": "VOD: Polska",
        "include-in-export": false
    },
    {
        "source-group-title": "VOD: Premiere Cinemas [Multi-Sub]",
        "include-in-export": false
    },
    {
        "source-group-title": "VOD: Relaxing Music",
        "include-in-export": false
    },
    {
        "source-group-title": "VOD: Svenska",
        "include-in-export": false
    },
    {
        "source-group-title": "VOD: Turkey",
        "include-in-export": false
    },
    {
        "source-group-title": "VOD: Van Damme Collection",
        "include-in-export": false
    },
    {
        "source-group-title": "VOD: Vietnam",
        "include-in-export": false
    },
    {
        "source-group-title": "VOD: Wallander",
        "include-in-export": false
    },
    {
        "source-group-title": "VOD: [Dolby Vision] 4k Movies [Multi-Sub] [Only On Dolby Vision Devices]",
        "include-in-export": false
    },
    {
        "source-group-title": "VOD: ex-Yu Movies",
        "include-in-export": false
    },
    {
        "source-group-title": "Venezuela",
        "include-in-export": false
    },
    {
        "source-group-title": "Viaplay Sport DK",
        "include-in-export": false
    },
    {
        "source-group-title": "Viaplay Sport FI",
        "include-in-export": false
    },
    {
        "source-group-title": "Viaplay Sport IS",
        "include-in-export": false
    },
    {
        "source-group-title": "Viaplay Sport NL",
        "include-in-export": false
    },
    {
        "source-group-title": "Viaplay Sport NO",
        "include-in-export": false
    },
    {
        "source-group-title": "Viaplay Sport PL",
        "include-in-export": false
    },
    {
        "source-group-title": "Viaplay Sport SE",
        "include-in-export": false
    },
    {
        "source-group-title": "Viaplay Sport UK",
        "include-in-export": false
    },
    {
        "source-group-title": "Vietnam",
        "include-in-export": false
    },
    {
        "source-group-title": "World Football Events",
        "include-in-export": false
    },
    {
        "source-group-title": "World PPV Fights",
        "include-in-export": false
    },
    {
        "source-group-title": "World Padel Tour TV",
        "include-in-export": false
    }
]
Received Data:
[]
Received Data:
[]
Received Data:
[]
Received Data:
[]
Received Data:
{
    "reset": true,
    "configData": {
        "date": "2025-05-01 08:27",
        "group-count": 204,
        "channel-count-total": 202450,
        "live-channels": [
            {
                "source-group-title": "24\/7 Danish",
                "custom-group-title": "24\/7 Danish",
                "include-in-export": false,
                "channel-count": 67,
                "category-id": 0
            }
        ],
        "movies": [
            {
                "source-group-title": "24\/7 Germany",
                "custom-group-title": "24\/7 Germany",
                "include-in-export": false,
                "channel-count": 90,
                "category-id": 0
            }
        ],
        "series": [
            {
                "source-group-title": "series",
                "custom-group-title": "series",
                "include-in-export": false,
                "channel-count": 0,
                "category-id": 0
            }
        ],
        "4k-movies": [
            {
                "source-group-title": "24\/7 Movies",
                "custom-group-title": "24\/7 Movies",
                "include-in-export": false,
                "channel-count": 74,
                "category-id": 0
            }
        ],
        "box-sets": [
            {
                "source-group-title": "box-sets",
                "custom-group-title": "box-sets",
                "include-in-export": false,
                "channel-count": 0,
                "category-id": 0
            }
        ],
        "live-sports": [
            {
                "source-group-title": "24\/7 Norwegian",
                "custom-group-title": "24\/7 Norwegian",
                "include-in-export": false,
                "channel-count": 71,
                "category-id": 0
            }
        ],
        "kids-movies": [
            {
                "source-group-title": "kids-movies",
                "custom-group-title": "kids-movies",
                "include-in-export": false,
                "channel-count": 0,
                "category-id": 0
            }
        ],
        "kids-series": [
            {
                "source-group-title": "24\/7 Spain",
                "custom-group-title": "24\/7 Spain",
                "include-in-export": false,
                "channel-count": 91,
                "category-id": 0
            }
        ],
        "music-events": [
            {
                "source-group-title": "music-events",
                "custom-group-title": "music-events",
                "include-in-export": false,
                "channel-count": 0,
                "category-id": 0
            }
        ],
        "24\/7": [
            {
                "source-group-title": "24\/7 Swedish",
                "custom-group-title": "24\/7 Swedish",
                "include-in-export": false,
                "channel-count": 161,
                "category-id": 0
            }
        ],
        "favorites": [
            {
                "source-group-title": "24\/7 UK",
                "custom-group-title": "24\/7 UK",
                "include-in-export": false,
                "channel-count": 93,
                "category-id": 0
            }
        ],
        "unsorted": [
            {
                "source-group-title": "24\/7 United States",
                "custom-group-title": "24\/7 United States",
                "include-in-export": false,
                "channel-count": 225,
                "category-id": 0
            },
            {
                "source-group-title": "Afghanistan",
                "custom-group-title": "Afghanistan",
                "include-in-export": false,
                "channel-count": 34,
                "category-id": 0
            },
            {
                "source-group-title": "Africa",
                "custom-group-title": "Africa",
                "include-in-export": false,
                "channel-count": 329,
                "category-id": 0
            },
            {
                "source-group-title": "Albania",
                "custom-group-title": "Albania",
                "include-in-export": false,
                "channel-count": 310,
                "category-id": 0
            },
            {
                "source-group-title": "Arabic",
                "custom-group-title": "Arabic",
                "include-in-export": false,
                "channel-count": 385,
                "category-id": 0
            },
            {
                "source-group-title": "Arabic Entertainment",
                "custom-group-title": "Arabic Entertainment",
                "include-in-export": false,
                "channel-count": 237,
                "category-id": 0
            },
            {
                "source-group-title": "Arabic News",
                "custom-group-title": "Arabic News",
                "include-in-export": false,
                "channel-count": 47,
                "category-id": 0
            },
            {
                "source-group-title": "Arabic Sports",
                "custom-group-title": "Arabic Sports",
                "include-in-export": false,
                "channel-count": 144,
                "category-id": 0
            },
            {
                "source-group-title": "Argentina",
                "custom-group-title": "Argentina",
                "include-in-export": false,
                "channel-count": 253,
                "category-id": 0
            },
            {
                "source-group-title": "Armenia",
                "custom-group-title": "Armenia",
                "include-in-export": false,
                "channel-count": 66,
                "category-id": 0
            },
            {
                "source-group-title": "Australia & New Zealand",
                "custom-group-title": "Australia & New Zealand",
                "include-in-export": false,
                "channel-count": 220,
                "category-id": 0
            },
            {
                "source-group-title": "Azerbaijan",
                "custom-group-title": "Azerbaijan",
                "include-in-export": false,
                "channel-count": 13,
                "category-id": 0
            },
            {
                "source-group-title": "Bangladesh",
                "custom-group-title": "Bangladesh",
                "include-in-export": false,
                "channel-count": 47,
                "category-id": 0
            },
            {
                "source-group-title": "Belgium",
                "custom-group-title": "Belgium",
                "include-in-export": false,
                "channel-count": 71,
                "category-id": 0
            },
            {
                "source-group-title": "Bolivia",
                "custom-group-title": "Bolivia",
                "include-in-export": false,
                "channel-count": 65,
                "category-id": 0
            },
            {
                "source-group-title": "Bosnia i Hercegovina",
                "custom-group-title": "Bosnia i Hercegovina",
                "include-in-export": false,
                "channel-count": 126,
                "category-id": 0
            },
            {
                "source-group-title": "Brazil",
                "custom-group-title": "Brazil",
                "include-in-export": false,
                "channel-count": 283,
                "category-id": 0
            },
            {
                "source-group-title": "Bulgaria",
                "custom-group-title": "Bulgaria",
                "include-in-export": false,
                "channel-count": 83,
                "category-id": 0
            },
            {
                "source-group-title": "Cambodia",
                "custom-group-title": "Cambodia",
                "include-in-export": false,
                "channel-count": 5,
                "category-id": 0
            },
            {
                "source-group-title": "Canada",
                "custom-group-title": "Canada",
                "include-in-export": false,
                "channel-count": 168,
                "category-id": 0
            },
            {
                "source-group-title": "Caribbean",
                "custom-group-title": "Caribbean",
                "include-in-export": false,
                "channel-count": 176,
                "category-id": 0
            },
            {
                "source-group-title": "Chile",
                "custom-group-title": "Chile",
                "include-in-export": false,
                "channel-count": 350,
                "category-id": 0
            },
            {
                "source-group-title": "China",
                "custom-group-title": "China",
                "include-in-export": false,
                "channel-count": 24,
                "category-id": 0
            },
            {
                "source-group-title": "Colombia",
                "custom-group-title": "Colombia",
                "include-in-export": false,
                "channel-count": 128,
                "category-id": 0
            },
            {
                "source-group-title": "Czech & Slovakia",
                "custom-group-title": "Czech & Slovakia",
                "include-in-export": false,
                "channel-count": 131,
                "category-id": 0
            },
            {
                "source-group-title": "DAZN CA",
                "custom-group-title": "DAZN CA",
                "include-in-export": false,
                "channel-count": 40,
                "category-id": 0
            },
            {
                "source-group-title": "DAZN DE",
                "custom-group-title": "DAZN DE",
                "include-in-export": false,
                "channel-count": 44,
                "category-id": 0
            },
            {
                "source-group-title": "DAZN ES",
                "custom-group-title": "DAZN ES",
                "include-in-export": false,
                "channel-count": 50,
                "category-id": 0
            },
            {
                "source-group-title": "DAZN FR",
                "custom-group-title": "DAZN FR",
                "include-in-export": false,
                "channel-count": 50,
                "category-id": 0
            },
            {
                "source-group-title": "DAZN IT",
                "custom-group-title": "DAZN IT",
                "include-in-export": false,
                "channel-count": 50,
                "category-id": 0
            },
            {
                "source-group-title": "DAZN SE",
                "custom-group-title": "DAZN SE",
                "include-in-export": false,
                "channel-count": 50,
                "category-id": 0
            },
            {
                "source-group-title": "DYN Sport Event DE",
                "custom-group-title": "DYN Sport Event DE",
                "include-in-export": false,
                "channel-count": 25,
                "category-id": 0
            },
            {
                "source-group-title": "Denmark",
                "custom-group-title": "Denmark",
                "include-in-export": false,
                "channel-count": 219,
                "category-id": 0
            },
            {
                "source-group-title": "Direket Sport Events NO",
                "custom-group-title": "Direket Sport Events NO",
                "include-in-export": false,
                "channel-count": 50,
                "category-id": 0
            },
            {
                "source-group-title": "Discovery+ Sport DE",
                "custom-group-title": "Discovery+ Sport DE",
                "include-in-export": false,
                "channel-count": 34,
                "category-id": 0
            },
            {
                "source-group-title": "Discovery+ Sport NL",
                "custom-group-title": "Discovery+ Sport NL",
                "include-in-export": false,
                "channel-count": 50,
                "category-id": 0
            },
            {
                "source-group-title": "Discovery+ Sport NO",
                "custom-group-title": "Discovery+ Sport NO",
                "include-in-export": false,
                "channel-count": 38,
                "category-id": 0
            },
            {
                "source-group-title": "Discovery+ Sport SE",
                "custom-group-title": "Discovery+ Sport SE",
                "include-in-export": false,
                "channel-count": 131,
                "category-id": 0
            },
            {
                "source-group-title": "Disney Plus SE",
                "custom-group-title": "Disney Plus SE",
                "include-in-export": false,
                "channel-count": 1,
                "category-id": 0
            },
            {
                "source-group-title": "EFL \/ iFOLLOW UK",
                "custom-group-title": "EFL \/ iFOLLOW UK",
                "include-in-export": false,
                "channel-count": 73,
                "category-id": 0
            },
            {
                "source-group-title": "EPL UK",
                "custom-group-title": "EPL UK",
                "include-in-export": false,
                "channel-count": 20,
                "category-id": 0
            },
            {
                "source-group-title": "EX-YU Sport",
                "custom-group-title": "EX-YU Sport",
                "include-in-export": false,
                "channel-count": 95,
                "category-id": 0
            },
            {
                "source-group-title": "Ecuador",
                "custom-group-title": "Ecuador",
                "include-in-export": false,
                "channel-count": 52,
                "category-id": 0
            },
            {
                "source-group-title": "El Salvador",
                "custom-group-title": "El Salvador",
                "include-in-export": false,
                "channel-count": 27,
                "category-id": 0
            },
            {
                "source-group-title": "Elitserien Live SE",
                "custom-group-title": "Elitserien Live SE",
                "include-in-export": false,
                "channel-count": 1,
                "category-id": 0
            },
            {
                "source-group-title": "Estonia",
                "custom-group-title": "Estonia",
                "include-in-export": false,
                "channel-count": 5,
                "category-id": 0
            },
            {
                "source-group-title": "EttanPlay SE",
                "custom-group-title": "EttanPlay SE",
                "include-in-export": false,
                "channel-count": 1,
                "category-id": 0
            },
            {
                "source-group-title": "FANSEAT Events SE",
                "custom-group-title": "FANSEAT Events SE",
                "include-in-export": false,
                "channel-count": 15,
                "category-id": 0
            },
            {
                "source-group-title": "Finland",
                "custom-group-title": "Finland",
                "include-in-export": false,
                "channel-count": 195,
                "category-id": 0
            },
            {
                "source-group-title": "For Adults",
                "custom-group-title": "For Adults",
                "include-in-export": false,
                "channel-count": 1833,
                "category-id": 0
            },
            {
                "source-group-title": "Formula 1 \/ Racing",
                "custom-group-title": "Formula 1 \/ Racing",
                "include-in-export": false,
                "channel-count": 34,
                "category-id": 0
            },
            {
                "source-group-title": "France",
                "custom-group-title": "France",
                "include-in-export": false,
                "channel-count": 267,
                "category-id": 0
            },
            {
                "source-group-title": "Germany",
                "custom-group-title": "Germany",
                "include-in-export": false,
                "channel-count": 353,
                "category-id": 0
            },
            {
                "source-group-title": "Greece",
                "custom-group-title": "Greece",
                "include-in-export": false,
                "channel-count": 99,
                "category-id": 0
            },
            {
                "source-group-title": "Handbollsligan SE",
                "custom-group-title": "Handbollsligan SE",
                "include-in-export": false,
                "channel-count": 2,
                "category-id": 0
            },
            {
                "source-group-title": "Hockey - Metal Ligaen DK",
                "custom-group-title": "Hockey - Metal Ligaen DK",
                "include-in-export": false,
                "channel-count": 4,
                "category-id": 0
            },
            {
                "source-group-title": "HockeyEttan SE",
                "custom-group-title": "HockeyEttan SE",
                "include-in-export": false,
                "channel-count": 15,
                "category-id": 0
            },
            {
                "source-group-title": "Hong Kong",
                "custom-group-title": "Hong Kong",
                "include-in-export": false,
                "channel-count": 18,
                "category-id": 0
            },
            {
                "source-group-title": "Hrvatska",
                "custom-group-title": "Hrvatska",
                "include-in-export": false,
                "channel-count": 172,
                "category-id": 0
            },
            {
                "source-group-title": "Hungary",
                "custom-group-title": "Hungary",
                "include-in-export": false,
                "channel-count": 142,
                "category-id": 0
            },
            {
                "source-group-title": "Iceland",
                "custom-group-title": "Iceland",
                "include-in-export": false,
                "channel-count": 58,
                "category-id": 0
            },
            {
                "source-group-title": "India",
                "custom-group-title": "India",
                "include-in-export": false,
                "channel-count": 477,
                "category-id": 0
            },
            {
                "source-group-title": "Indonesia",
                "custom-group-title": "Indonesia",
                "include-in-export": false,
                "channel-count": 43,
                "category-id": 0
            },
            {
                "source-group-title": "Innebandy SE",
                "custom-group-title": "Innebandy SE",
                "include-in-export": false,
                "channel-count": 38,
                "category-id": 0
            },
            {
                "source-group-title": "Iran",
                "custom-group-title": "Iran",
                "include-in-export": false,
                "channel-count": 200,
                "category-id": 0
            },
            {
                "source-group-title": "Israel",
                "custom-group-title": "Israel",
                "include-in-export": false,
                "channel-count": 78,
                "category-id": 0
            },
            {
                "source-group-title": "Italy",
                "custom-group-title": "Italy",
                "include-in-export": false,
                "channel-count": 234,
                "category-id": 0
            },
            {
                "source-group-title": "Japan",
                "custom-group-title": "Japan",
                "include-in-export": false,
                "channel-count": 28,
                "category-id": 0
            },
            {
                "source-group-title": "Korea",
                "custom-group-title": "Korea",
                "include-in-export": false,
                "channel-count": 73,
                "category-id": 0
            },
            {
                "source-group-title": "Kurdistan",
                "custom-group-title": "Kurdistan",
                "include-in-export": false,
                "channel-count": 314,
                "category-id": 0
            },
            {
                "source-group-title": "LIVEY Sports IS",
                "custom-group-title": "LIVEY Sports IS",
                "include-in-export": false,
                "channel-count": 30,
                "category-id": 0
            },
            {
                "source-group-title": "Latino",
                "custom-group-title": "Latino",
                "include-in-export": false,
                "channel-count": 302,
                "category-id": 0
            },
            {
                "source-group-title": "Lithuania",
                "custom-group-title": "Lithuania",
                "include-in-export": false,
                "channel-count": 30,
                "category-id": 0
            },
            {
                "source-group-title": "MAX Sport DK",
                "custom-group-title": "MAX Sport DK",
                "include-in-export": false,
                "channel-count": 15,
                "category-id": 0
            },
            {
                "source-group-title": "MAX Sport FI",
                "custom-group-title": "MAX Sport FI",
                "include-in-export": false,
                "channel-count": 23,
                "category-id": 0
            },
            {
                "source-group-title": "MLS Soccer US",
                "custom-group-title": "MLS Soccer US",
                "include-in-export": false,
                "channel-count": 34,
                "category-id": 0
            },
            {
                "source-group-title": "MTV Urheilu Events FI",
                "custom-group-title": "MTV Urheilu Events FI",
                "include-in-export": false,
                "channel-count": 16,
                "category-id": 0
            },
            {
                "source-group-title": "Macedonia",
                "custom-group-title": "Macedonia",
                "include-in-export": false,
                "channel-count": 77,
                "category-id": 0
            },
            {
                "source-group-title": "Malaysia",
                "custom-group-title": "Malaysia",
                "include-in-export": false,
                "channel-count": 120,
                "category-id": 0
            },
            {
                "source-group-title": "Malta",
                "custom-group-title": "Malta",
                "include-in-export": false,
                "channel-count": 64,
                "category-id": 0
            },
            {
                "source-group-title": "Max Sports DK",
                "custom-group-title": "Max Sports DK",
                "include-in-export": false,
                "channel-count": 50,
                "category-id": 0
            },
            {
                "source-group-title": "Max Sports NO",
                "custom-group-title": "Max Sports NO",
                "include-in-export": false,
                "channel-count": 1,
                "category-id": 0
            },
            {
                "source-group-title": "Max Sports SE",
                "custom-group-title": "Max Sports SE",
                "include-in-export": false,
                "channel-count": 15,
                "category-id": 0
            },
            {
                "source-group-title": "Mexico",
                "custom-group-title": "Mexico",
                "include-in-export": false,
                "channel-count": 174,
                "category-id": 0
            },
            {
                "source-group-title": "Music Package",
                "custom-group-title": "Music Package",
                "include-in-export": false,
                "channel-count": 106,
                "category-id": 0
            },
            {
                "source-group-title": "Netherlands",
                "custom-group-title": "Netherlands",
                "include-in-export": false,
                "channel-count": 136,
                "category-id": 0
            },
            {
                "source-group-title": "Norway",
                "custom-group-title": "Norway",
                "include-in-export": false,
                "channel-count": 253,
                "category-id": 0
            },
            {
                "source-group-title": "Pakistan",
                "custom-group-title": "Pakistan",
                "include-in-export": false,
                "channel-count": 135,
                "category-id": 0
            },
            {
                "source-group-title": "Paraguay",
                "custom-group-title": "Paraguay",
                "include-in-export": false,
                "channel-count": 45,
                "category-id": 0
            },
            {
                "source-group-title": "Peacock \/ DAZN US",
                "custom-group-title": "Peacock \/ DAZN US",
                "include-in-export": false,
                "channel-count": 48,
                "category-id": 0
            },
            {
                "source-group-title": "Peru",
                "custom-group-title": "Peru",
                "include-in-export": false,
                "channel-count": 189,
                "category-id": 0
            },
            {
                "source-group-title": "Philippines",
                "custom-group-title": "Philippines",
                "include-in-export": false,
                "channel-count": 132,
                "category-id": 0
            },
            {
                "source-group-title": "Poland",
                "custom-group-title": "Poland",
                "include-in-export": false,
                "channel-count": 228,
                "category-id": 0
            },
            {
                "source-group-title": "Portugal",
                "custom-group-title": "Portugal",
                "include-in-export": false,
                "channel-count": 175,
                "category-id": 0
            },
            {
                "source-group-title": "Prime Sports SE",
                "custom-group-title": "Prime Sports SE",
                "include-in-export": false,
                "channel-count": 41,
                "category-id": 0
            },
            {
                "source-group-title": "Romania",
                "custom-group-title": "Romania",
                "include-in-export": false,
                "channel-count": 176,
                "category-id": 0
            },
            {
                "source-group-title": "Russia",
                "custom-group-title": "Russia",
                "include-in-export": false,
                "channel-count": 304,
                "category-id": 0
            },
            {
                "source-group-title": "Ruutu Events FI",
                "custom-group-title": "Ruutu Events FI",
                "include-in-export": false,
                "channel-count": 16,
                "category-id": 0
            },
            {
                "source-group-title": "SPFL - Scottish Football League UK",
                "custom-group-title": "SPFL - Scottish Football League UK",
                "include-in-export": false,
                "channel-count": 18,
                "category-id": 0
            },
            {
                "source-group-title": "Series: Albania",
                "custom-group-title": "Series: Albania",
                "include-in-export": false,
                "channel-count": 72,
                "category-id": 0
            },
            {
                "source-group-title": "Series: Arabic",
                "custom-group-title": "Series: Arabic",
                "include-in-export": false,
                "channel-count": 32585,
                "category-id": 0
            },
            {
                "source-group-title": "Series: Barn",
                "custom-group-title": "Series: Barn",
                "include-in-export": false,
                "channel-count": 17961,
                "category-id": 0
            },
            {
                "source-group-title": "Series: EX-YU",
                "custom-group-title": "Series: EX-YU",
                "include-in-export": false,
                "channel-count": 2106,
                "category-id": 0
            },
            {
                "source-group-title": "Series: English [Arabic-Sub]",
                "custom-group-title": "Series: English [Arabic-Sub]",
                "include-in-export": false,
                "channel-count": 661,
                "category-id": 0
            },
            {
                "source-group-title": "Series: English [Multi-Sub]",
                "custom-group-title": "Series: English [Multi-Sub]",
                "include-in-export": false,
                "channel-count": 81232,
                "category-id": 0
            },
            {
                "source-group-title": "Series: English [Multi-Sub] [4K] [Only On 4K Devices]",
                "custom-group-title": "Series: English [Multi-Sub] [4K] [Only On 4K Devices]",
                "include-in-export": false,
                "channel-count": 718,
                "category-id": 0
            },
            {
                "source-group-title": "Series: Kurdish",
                "custom-group-title": "Series: Kurdish",
                "include-in-export": false,
                "channel-count": 30,
                "category-id": 0
            },
            {
                "source-group-title": "Series: NORDIC",
                "custom-group-title": "Series: NORDIC",
                "include-in-export": false,
                "channel-count": 18967,
                "category-id": 0
            },
            {
                "source-group-title": "Series: Turkey",
                "custom-group-title": "Series: Turkey",
                "include-in-export": false,
                "channel-count": 135,
                "category-id": 0
            },
            {
                "source-group-title": "Series: Turkey [Arabic Sub]",
                "custom-group-title": "Series: Turkey [Arabic Sub]",
                "include-in-export": false,
                "channel-count": 2926,
                "category-id": 0
            },
            {
                "source-group-title": "Slovenia",
                "custom-group-title": "Slovenia",
                "include-in-export": false,
                "channel-count": 73,
                "category-id": 0
            },
            {
                "source-group-title": "Somalia",
                "custom-group-title": "Somalia",
                "include-in-export": false,
                "channel-count": 26,
                "category-id": 0
            },
            {
                "source-group-title": "Spain",
                "custom-group-title": "Spain",
                "include-in-export": false,
                "channel-count": 224,
                "category-id": 0
            },
            {
                "source-group-title": "Speedway - ESS Play SE",
                "custom-group-title": "Speedway - ESS Play SE",
                "include-in-export": false,
                "channel-count": 1,
                "category-id": 0
            },
            {
                "source-group-title": "Sport Package",
                "custom-group-title": "Sport Package",
                "include-in-export": false,
                "channel-count": 86,
                "category-id": 0
            },
            {
                "source-group-title": "SportExpressen\/Aftonbladet SE",
                "custom-group-title": "SportExpressen\/Aftonbladet SE",
                "include-in-export": false,
                "channel-count": 2,
                "category-id": 0
            },
            {
                "source-group-title": "Srbija\/Crna Gora",
                "custom-group-title": "Srbija\/Crna Gora",
                "include-in-export": false,
                "channel-count": 329,
                "category-id": 0
            },
            {
                "source-group-title": "Sri Lanka",
                "custom-group-title": "Sri Lanka",
                "include-in-export": false,
                "channel-count": 23,
                "category-id": 0
            },
            {
                "source-group-title": "Sudan",
                "custom-group-title": "Sudan",
                "include-in-export": false,
                "channel-count": 16,
                "category-id": 0
            },
            {
                "source-group-title": "Super Sports CA",
                "custom-group-title": "Super Sports CA",
                "include-in-export": false,
                "channel-count": 51,
                "category-id": 0
            },
            {
                "source-group-title": "Svensk Hockey SE",
                "custom-group-title": "Svensk Hockey SE",
                "include-in-export": false,
                "channel-count": 252,
                "category-id": 0
            },
            {
                "source-group-title": "Svenskbil Sport \/ Folkrace SE",
                "custom-group-title": "Svenskbil Sport \/ Folkrace SE",
                "include-in-export": false,
                "channel-count": 2,
                "category-id": 0
            },
            {
                "source-group-title": "Sweden",
                "custom-group-title": "Sweden",
                "include-in-export": false,
                "channel-count": 388,
                "category-id": 0
            },
            {
                "source-group-title": "Switzerland",
                "custom-group-title": "Switzerland",
                "include-in-export": false,
                "channel-count": 47,
                "category-id": 0
            },
            {
                "source-group-title": "S\u00edminnSport Events IS",
                "custom-group-title": "S\u00edminnSport Events IS",
                "include-in-export": false,
                "channel-count": 50,
                "category-id": 0
            },
            {
                "source-group-title": "TV2 Play NO",
                "custom-group-title": "TV2 Play NO",
                "include-in-export": false,
                "channel-count": 17,
                "category-id": 0
            },
            {
                "source-group-title": "TV2 Sport DK",
                "custom-group-title": "TV2 Sport DK",
                "include-in-export": false,
                "channel-count": 22,
                "category-id": 0
            },
            {
                "source-group-title": "TV4 Play SE",
                "custom-group-title": "TV4 Play SE",
                "include-in-export": false,
                "channel-count": 18,
                "category-id": 0
            },
            {
                "source-group-title": "Taiwan",
                "custom-group-title": "Taiwan",
                "include-in-export": false,
                "channel-count": 1,
                "category-id": 0
            },
            {
                "source-group-title": "Telia Play Events FI",
                "custom-group-title": "Telia Play Events FI",
                "include-in-export": false,
                "channel-count": 40,
                "category-id": 0
            },
            {
                "source-group-title": "Telia Play Events SE",
                "custom-group-title": "Telia Play Events SE",
                "include-in-export": false,
                "channel-count": 49,
                "category-id": 0
            },
            {
                "source-group-title": "Thailand",
                "custom-group-title": "Thailand",
                "include-in-export": false,
                "channel-count": 284,
                "category-id": 0
            },
            {
                "source-group-title": "Turkey",
                "custom-group-title": "Turkey",
                "include-in-export": false,
                "channel-count": 459,
                "category-id": 0
            },
            {
                "source-group-title": "US ABC Network",
                "custom-group-title": "US ABC Network",
                "include-in-export": false,
                "channel-count": 33,
                "category-id": 0
            },
            {
                "source-group-title": "US CBS Network",
                "custom-group-title": "US CBS Network",
                "include-in-export": false,
                "channel-count": 187,
                "category-id": 0
            },
            {
                "source-group-title": "US Fox Network",
                "custom-group-title": "US Fox Network",
                "include-in-export": false,
                "channel-count": 178,
                "category-id": 0
            },
            {
                "source-group-title": "US LIVE EVENTS \/ ESPN+",
                "custom-group-title": "US LIVE EVENTS \/ ESPN+",
                "include-in-export": false,
                "channel-count": 105,
                "category-id": 0
            },
            {
                "source-group-title": "US NBC Network",
                "custom-group-title": "US NBC Network",
                "include-in-export": false,
                "channel-count": 125,
                "category-id": 0
            },
            {
                "source-group-title": "US Sports",
                "custom-group-title": "US Sports",
                "include-in-export": false,
                "channel-count": 292,
                "category-id": 0
            },
            {
                "source-group-title": "Ukraine",
                "custom-group-title": "Ukraine",
                "include-in-export": false,
                "channel-count": 51,
                "category-id": 0
            },
            {
                "source-group-title": "United Kingdom",
                "custom-group-title": "United Kingdom",
                "include-in-export": false,
                "channel-count": 468,
                "category-id": 0
            },
            {
                "source-group-title": "United States",
                "custom-group-title": "United States",
                "include-in-export": false,
                "channel-count": 183,
                "category-id": 0
            },
            {
                "source-group-title": "Uruguay",
                "custom-group-title": "Uruguay",
                "include-in-export": false,
                "channel-count": 46,
                "category-id": 0
            },
            {
                "source-group-title": "VGTV+  NO",
                "custom-group-title": "VGTV+  NO",
                "include-in-export": false,
                "channel-count": 10,
                "category-id": 0
            },
            {
                "source-group-title": "VOD: 4k Movies [Multi-Sub] [Only On 4K Devices]",
                "custom-group-title": "VOD: 4k Movies [Multi-Sub] [Only On 4K Devices]",
                "include-in-export": false,
                "channel-count": 503,
                "category-id": 0
            },
            {
                "source-group-title": "VOD: 4k Old Popular Movies [Multi-Sub] [Only On 4K Devices]",
                "custom-group-title": "VOD: 4k Old Popular Movies [Multi-Sub] [Only On 4K Devices]",
                "include-in-export": false,
                "channel-count": 370,
                "category-id": 0
            },
            {
                "source-group-title": "VOD: Arabic",
                "custom-group-title": "VOD: Arabic",
                "include-in-export": false,
                "channel-count": 1940,
                "category-id": 0
            },
            {
                "source-group-title": "VOD: Astrid Lindgren",
                "custom-group-title": "VOD: Astrid Lindgren",
                "include-in-export": false,
                "channel-count": 25,
                "category-id": 0
            },
            {
                "source-group-title": "VOD: Beck Komplett Kollektion",
                "custom-group-title": "VOD: Beck Komplett Kollektion",
                "include-in-export": false,
                "channel-count": 54,
                "category-id": 0
            },
            {
                "source-group-title": "VOD: Box set [Multi-Sub]",
                "custom-group-title": "VOD: Box set [Multi-Sub]",
                "include-in-export": false,
                "channel-count": 341,
                "category-id": 0
            },
            {
                "source-group-title": "VOD: Bud Spencer",
                "custom-group-title": "VOD: Bud Spencer",
                "include-in-export": false,
                "channel-count": 32,
                "category-id": 0
            },
            {
                "source-group-title": "VOD: Cheech and Chong",
                "custom-group-title": "VOD: Cheech and Chong",
                "include-in-export": false,
                "channel-count": 7,
                "category-id": 0
            },
            {
                "source-group-title": "VOD: Christmas Movies [Multi-Sub]",
                "custom-group-title": "VOD: Christmas Movies [Multi-Sub]",
                "include-in-export": false,
                "channel-count": 154,
                "category-id": 0
            },
            {
                "source-group-title": "VOD: Crtani Filmovi [Ex-yu]",
                "custom-group-title": "VOD: Crtani Filmovi [Ex-yu]",
                "include-in-export": false,
                "channel-count": 397,
                "category-id": 0
            },
            {
                "source-group-title": "VOD: Danske - Norska - Suomalainen Film",
                "custom-group-title": "VOD: Danske - Norska - Suomalainen Film",
                "include-in-export": false,
                "channel-count": 507,
                "category-id": 0
            },
            {
                "source-group-title": "VOD: Disney [Ar-Eng] [Multi-Audio]",
                "custom-group-title": "VOD: Disney [Ar-Eng] [Multi-Audio]",
                "include-in-export": false,
                "channel-count": 117,
                "category-id": 0
            },
            {
                "source-group-title": "VOD: Disney [ENG]",
                "custom-group-title": "VOD: Disney [ENG]",
                "include-in-export": false,
                "channel-count": 560,
                "category-id": 0
            },
            {
                "source-group-title": "VOD: English Movies [Arabic Subtitle]",
                "custom-group-title": "VOD: English Movies [Arabic Subtitle]",
                "include-in-export": false,
                "channel-count": 2925,
                "category-id": 0
            },
            {
                "source-group-title": "VOD: English Movies [Czech Subtitle]",
                "custom-group-title": "VOD: English Movies [Czech Subtitle]",
                "include-in-export": false,
                "channel-count": 28,
                "category-id": 0
            },
            {
                "source-group-title": "VOD: English Movies [Kurdish Subtitle]",
                "custom-group-title": "VOD: English Movies [Kurdish Subtitle]",
                "include-in-export": false,
                "channel-count": 44,
                "category-id": 0
            },
            {
                "source-group-title": "VOD: Events",
                "custom-group-title": "VOD: Events",
                "include-in-export": false,
                "channel-count": 661,
                "category-id": 0
            },
            {
                "source-group-title": "VOD: Germany",
                "custom-group-title": "VOD: Germany",
                "include-in-export": false,
                "channel-count": 21,
                "category-id": 0
            },
            {
                "source-group-title": "VOD: Halloween Movies",
                "custom-group-title": "VOD: Halloween Movies",
                "include-in-export": false,
                "channel-count": 41,
                "category-id": 0
            },
            {
                "source-group-title": "VOD: IMDB Top Movies [Multi-Sub]",
                "custom-group-title": "VOD: IMDB Top Movies [Multi-Sub]",
                "include-in-export": false,
                "channel-count": 241,
                "category-id": 0
            },
            {
                "source-group-title": "VOD: India",
                "custom-group-title": "VOD: India",
                "include-in-export": false,
                "channel-count": 217,
                "category-id": 0
            },
            {
                "source-group-title": "VOD: Iran",
                "custom-group-title": "VOD: Iran",
                "include-in-export": false,
                "channel-count": 180,
                "category-id": 0
            },
            {
                "source-group-title": "VOD: Jackie Chan Collection [AR-SUB]",
                "custom-group-title": "VOD: Jackie Chan Collection [AR-SUB]",
                "include-in-export": false,
                "channel-count": 74,
                "category-id": 0
            },
            {
                "source-group-title": "VOD: James Bond Collection",
                "custom-group-title": "VOD: James Bond Collection",
                "include-in-export": false,
                "channel-count": 25,
                "category-id": 0
            },
            {
                "source-group-title": "VOD: Johan Falk",
                "custom-group-title": "VOD: Johan Falk",
                "include-in-export": false,
                "channel-count": 17,
                "category-id": 0
            },
            {
                "source-group-title": "VOD: Kids Movies",
                "custom-group-title": "VOD: Kids Movies",
                "include-in-export": false,
                "channel-count": 920,
                "category-id": 0
            },
            {
                "source-group-title": "VOD: Kommisarie Montalbano",
                "custom-group-title": "VOD: Kommisarie Montalbano",
                "include-in-export": false,
                "channel-count": 31,
                "category-id": 0
            },
            {
                "source-group-title": "VOD: Music Concerts",
                "custom-group-title": "VOD: Music Concerts",
                "include-in-export": false,
                "channel-count": 927,
                "category-id": 0
            },
            {
                "source-group-title": "VOD: N1 Sports Events Replays",
                "custom-group-title": "VOD: N1 Sports Events Replays",
                "include-in-export": false,
                "channel-count": 1129,
                "category-id": 0
            },
            {
                "source-group-title": "VOD: Old Popular Movies [Multi-Sub]",
                "custom-group-title": "VOD: Old Popular Movies [Multi-Sub]",
                "include-in-export": false,
                "channel-count": 7251,
                "category-id": 0
            },
            {
                "source-group-title": "VOD: Polska",
                "custom-group-title": "VOD: Polska",
                "include-in-export": false,
                "channel-count": 945,
                "category-id": 0
            },
            {
                "source-group-title": "VOD: Premiere Cinemas [Multi-Sub]",
                "custom-group-title": "VOD: Premiere Cinemas [Multi-Sub]",
                "include-in-export": false,
                "channel-count": 4484,
                "category-id": 0
            },
            {
                "source-group-title": "VOD: Relaxing Music",
                "custom-group-title": "VOD: Relaxing Music",
                "include-in-export": false,
                "channel-count": 9,
                "category-id": 0
            },
            {
                "source-group-title": "VOD: Svenska",
                "custom-group-title": "VOD: Svenska",
                "include-in-export": false,
                "channel-count": 671,
                "category-id": 0
            },
            {
                "source-group-title": "VOD: Turkey",
                "custom-group-title": "VOD: Turkey",
                "include-in-export": false,
                "channel-count": 195,
                "category-id": 0
            },
            {
                "source-group-title": "VOD: Van Damme Collection",
                "custom-group-title": "VOD: Van Damme Collection",
                "include-in-export": false,
                "channel-count": 41,
                "category-id": 0
            },
            {
                "source-group-title": "VOD: Vietnam",
                "custom-group-title": "VOD: Vietnam",
                "include-in-export": false,
                "channel-count": 63,
                "category-id": 0
            },
            {
                "source-group-title": "VOD: Wallander",
                "custom-group-title": "VOD: Wallander",
                "include-in-export": false,
                "channel-count": 32,
                "category-id": 0
            },
            {
                "source-group-title": "VOD: [Dolby Vision] 4k Movies [Multi-Sub] [Only On Dolby Vision Devices]",
                "custom-group-title": "VOD: [Dolby Vision] 4k Movies [Multi-Sub] [Only On Dolby Vision Devices]",
                "include-in-export": false,
                "channel-count": 20,
                "category-id": 0
            },
            {
                "source-group-title": "VOD: ex-Yu Movies",
                "custom-group-title": "VOD: ex-Yu Movies",
                "include-in-export": false,
                "channel-count": 810,
                "category-id": 0
            },
            {
                "source-group-title": "Venezuela",
                "custom-group-title": "Venezuela",
                "include-in-export": false,
                "channel-count": 63,
                "category-id": 0
            },
            {
                "source-group-title": "Viaplay Sport DK",
                "custom-group-title": "Viaplay Sport DK",
                "include-in-export": false,
                "channel-count": 39,
                "category-id": 0
            },
            {
                "source-group-title": "Viaplay Sport FI",
                "custom-group-title": "Viaplay Sport FI",
                "include-in-export": false,
                "channel-count": 41,
                "category-id": 0
            },
            {
                "source-group-title": "Viaplay Sport IS",
                "custom-group-title": "Viaplay Sport IS",
                "include-in-export": false,
                "channel-count": 50,
                "category-id": 0
            },
            {
                "source-group-title": "Viaplay Sport NL",
                "custom-group-title": "Viaplay Sport NL",
                "include-in-export": false,
                "channel-count": 67,
                "category-id": 0
            },
            {
                "source-group-title": "Viaplay Sport NO",
                "custom-group-title": "Viaplay Sport NO",
                "include-in-export": false,
                "channel-count": 42,
                "category-id": 0
            },
            {
                "source-group-title": "Viaplay Sport PL",
                "custom-group-title": "Viaplay Sport PL",
                "include-in-export": false,
                "channel-count": 19,
                "category-id": 0
            },
            {
                "source-group-title": "Viaplay Sport SE",
                "custom-group-title": "Viaplay Sport SE",
                "include-in-export": false,
                "channel-count": 39,
                "category-id": 0
            },
            {
                "source-group-title": "Viaplay Sport UK",
                "custom-group-title": "Viaplay Sport UK",
                "include-in-export": false,
                "channel-count": 52,
                "category-id": 0
            },
            {
                "source-group-title": "Vietnam",
                "custom-group-title": "Vietnam",
                "include-in-export": false,
                "channel-count": 99,
                "category-id": 0
            },
            {
                "source-group-title": "World Football Events",
                "custom-group-title": "World Football Events",
                "include-in-export": false,
                "channel-count": 40,
                "category-id": 0
            },
            {
                "source-group-title": "World PPV Fights",
                "custom-group-title": "World PPV Fights",
                "include-in-export": false,
                "channel-count": 40,
                "category-id": 0
            },
            {
                "source-group-title": "World Padel Tour TV",
                "custom-group-title": "World Padel Tour TV",
                "include-in-export": false,
                "channel-count": 1,
                "category-id": 0
            }
        ]
    }
}
Received Data:
[
    {
        "source-group-title": "24\/7 Danish",
        "custom-group-title": "24\/7 Danis"
    }
]
Received Data:
[
    {
        "source-group-title": "24\/7 Danish",
        "custom-group-title": "24\/7 Dani"
    }
]
Received Data:
[
    {
        "source-group-title": "24\/7 Danish",
        "custom-group-title": "24\/7 Dan"
    }
]
Received Data:
[
    {
        "source-group-title": "24\/7 Danish",
        "custom-group-title": "24\/7 Da"
    }
]
Received Data:
[
    {
        "source-group-title": "24\/7 Danish",
        "custom-group-title": "24\/7 D"
    }
]
Received Data:
[
    {
        "source-group-title": "24\/7 Danish",
        "custom-group-title": "24\/7"
    }
]
Received Data:
[
    {
        "source-group-title": "24\/7 Danish",
        "custom-group-title": "24"
    }
]
Received Data:
[
    {
        "source-group-title": "24\/7 Danish",
        "custom-group-title": "2"
    }
]
Received Data:
[
    {
        "source-group-title": "24\/7 Danish",
        "custom-group-title": ""
    }
]
Received Data:
[
    {
        "source-group-title": "24\/7 Germany",
        "custom-group-title": ""
    }
]
Received Data:
[
    {
        "source-group-title": "24\/7 Movies",
        "custom-group-title": "24\/7 Movie"
    }
]
Received Data:
[
    {
        "source-group-title": "24\/7 Movies",
        "custom-group-title": "24\/7 Movi"
    }
]
Received Data:
[
    {
        "source-group-title": "24\/7 Movies",
        "custom-group-title": "24\/7 Mov"
    }
]
Received Data:
[
    {
        "source-group-title": "24\/7 Movies",
        "custom-group-title": "24\/7 Mo"
    }
]
Received Data:
[
    {
        "source-group-title": "24\/7 Movies",
        "custom-group-title": "24\/7 M"
    }
]
Received Data:
[
    {
        "source-group-title": "24\/7 Norwegian",
        "include-in-export": true
    }
]
Received Data:
[
    {
        "source-group-title": "24\/7 Norwegian",
        "custom-group-title": "24\/7 Norwegia"
    }
]
Received Data:
[
    {
        "source-group-title": "24\/7 Norwegian",
        "custom-group-title": "24\/7 Norwegi"
    }
]
Received Data:
[
    {
        "source-group-title": "24\/7 Norwegian",
        "custom-group-title": "24\/7 Norweg"
    }
]
Received Data:
[
    {
        "source-group-title": "24\/7 Norwegian",
        "custom-group-title": "24\/7 Norwe"
    }
]
Received Data:
[
    {
        "source-group-title": "24\/7 Norwegian",
        "custom-group-title": "24\/7 Norw"
    }
]
Received Data:
[
    {
        "source-group-title": "24\/7 Norwegian",
        "custom-group-title": "24\/7 Nor"
    }
]
Received Data:
[
    {
        "source-group-title": "24\/7 Norwegian",
        "custom-group-title": "24\/7 No"
    }
]
Received Data:
[
    {
        "source-group-title": "24\/7 Norwegian",
        "custom-group-title": "24\/7 N"
    }
]
Received Data:
[
    {
        "source-group-title": "24\/7 Norwegian",
        "custom-group-title": "24\/7 "
    }
]
Received Data:
[
    {
        "source-group-title": "24\/7 Norwegian",
        "custom-group-title": "24\/7"
    }
]
Received Data:
[
    {
        "source-group-title": "24\/7 Norwegian",
        "custom-group-title": "24\/"
    }
]
Received Data:
[
    {
        "source-group-title": "24\/7 Norwegian",
        "custom-group-title": "24"
    }
]
Received Data:
[
    {
        "source-group-title": "24\/7 Norwegian",
        "custom-group-title": "2"
    }
]
Received Data:
[
    {
        "source-group-title": "24\/7 Norwegian",
        "custom-group-title": ""
    }
]
Received Data:
[
    {
        "source-group-title": "24\/7 Spain",
        "include-in-export": true
    }
]
Received Data:
[
    {
        "source-group-title": "24\/7 Spain",
        "custom-group-title": "24\/7 Spai"
    }
]
Received Data:
[
    {
        "source-group-title": "24\/7 Spain",
        "custom-group-title": "24\/7 Spa"
    }
]
Received Data:
[
    {
        "source-group-title": "24\/7 Spain",
        "custom-group-title": "24\/7 Sp"
    }
]
Received Data:
[
    {
        "source-group-title": "24\/7 Spain",
        "custom-group-title": "24\/7 S"
    }
]
Received Data:
[
    {
        "source-group-title": "24\/7 Spain",
        "custom-group-title": "24\/7 "
    }
]
Received Data:
[
    {
        "source-group-title": "24\/7 Spain",
        "custom-group-title": "24\/7"
    }
]
Received Data:
[
    {
        "source-group-title": "24\/7 Spain",
        "custom-group-title": "24\/"
    }
]
Received Data:
[
    {
        "source-group-title": "24\/7 Spain",
        "custom-group-title": "24"
    }
]
Received Data:
[
    {
        "source-group-title": "24\/7 Spain",
        "custom-group-title": "2"
    }
]
Received Data:
[
    {
        "source-group-title": "24\/7 Spain",
        "custom-group-title": ""
    }
]
Received Data:
[]
Received Data:
{
    "reset": true,
    "configData": {
        "date": "2025-05-01 08:27",
        "group-count": 204,
        "channel-count-total": 202450,
        "live-channels": [
            {
                "source-group-title": "live-channels",
                "custom-group-title": "live-channels",
                "include-in-export": false,
                "channel-count": 0,
                "category-id": 0
            }
        ],
        "movies": [
            {
                "source-group-title": "movies",
                "custom-group-title": "movies",
                "include-in-export": false,
                "channel-count": 0,
                "category-id": 0
            }
        ],
        "series": [
            {
                "source-group-title": "series",
                "custom-group-title": "series",
                "include-in-export": false,
                "channel-count": 0,
                "category-id": 0
            }
        ],
        "4k-movies": [
            {
                "source-group-title": "4k-movies",
                "custom-group-title": "4k-movies",
                "include-in-export": false,
                "channel-count": 0,
                "category-id": 0
            }
        ],
        "box-sets": [
            {
                "source-group-title": "box-sets",
                "custom-group-title": "box-sets",
                "include-in-export": false,
                "channel-count": 0,
                "category-id": 0
            }
        ],
        "live-sports": [
            {
                "source-group-title": "live-sports",
                "custom-group-title": "live-sports",
                "include-in-export": false,
                "channel-count": 0,
                "category-id": 0
            }
        ],
        "kids-movies": [
            {
                "source-group-title": "kids-movies",
                "custom-group-title": "kids-movies",
                "include-in-export": false,
                "channel-count": 0,
                "category-id": 0
            }
        ],
        "kids-series": [
            {
                "source-group-title": "kids-series",
                "custom-group-title": "kids-series",
                "include-in-export": false,
                "channel-count": 0,
                "category-id": 0
            }
        ],
        "music-events": [
            {
                "source-group-title": "music-events",
                "custom-group-title": "music-events",
                "include-in-export": false,
                "channel-count": 0,
                "category-id": 0
            }
        ],
        "24\/7": [
            {
                "source-group-title": "24\/7",
                "custom-group-title": "24\/7",
                "include-in-export": false,
                "channel-count": 0,
                "category-id": 0
            }
        ],
        "favorites": [
            {
                "source-group-title": "favorites",
                "custom-group-title": "favorites",
                "include-in-export": false,
                "channel-count": 0,
                "category-id": 0
            }
        ],
        "unsorted": [
            {
                "source-group-title": "24\/7 Danish",
                "custom-group-title": "24\/7 Danish",
                "include-in-export": false,
                "channel-count": 67,
                "category-id": 0
            },
            {
                "source-group-title": "24\/7 Germany",
                "custom-group-title": "24\/7 Germany",
                "include-in-export": false,
                "channel-count": 90,
                "category-id": 0
            },
            {
                "source-group-title": "24\/7 Norwegian",
                "custom-group-title": "24\/7 Norwegian",
                "include-in-export": false,
                "channel-count": 71,
                "category-id": 0
            },
            {
                "source-group-title": "24\/7 Spain",
                "custom-group-title": "24\/7 Spain",
                "include-in-export": false,
                "channel-count": 91,
                "category-id": 0
            },
            {
                "source-group-title": "24\/7 Movies",
                "custom-group-title": "24\/7 Movies",
                "include-in-export": false,
                "channel-count": 74,
                "category-id": 0
            },
            {
                "source-group-title": "24\/7 Swedish",
                "custom-group-title": "24\/7 Swedish",
                "include-in-export": false,
                "channel-count": 161,
                "category-id": 0
            },
            {
                "source-group-title": "24\/7 UK",
                "custom-group-title": "24\/7 UK",
                "include-in-export": false,
                "channel-count": 93,
                "category-id": 0
            },
            {
                "source-group-title": "24\/7 United States",
                "custom-group-title": "24\/7 United States",
                "include-in-export": false,
                "channel-count": 225,
                "category-id": 0
            },
            {
                "source-group-title": "Afghanistan",
                "custom-group-title": "Afghanistan",
                "include-in-export": false,
                "channel-count": 34,
                "category-id": 0
            },
            {
                "source-group-title": "Africa",
                "custom-group-title": "Africa",
                "include-in-export": false,
                "channel-count": 329,
                "category-id": 0
            },
            {
                "source-group-title": "Albania",
                "custom-group-title": "Albania",
                "include-in-export": false,
                "channel-count": 310,
                "category-id": 0
            },
            {
                "source-group-title": "Arabic",
                "custom-group-title": "Arabic",
                "include-in-export": false,
                "channel-count": 385,
                "category-id": 0
            },
            {
                "source-group-title": "Arabic Entertainment",
                "custom-group-title": "Arabic Entertainment",
                "include-in-export": false,
                "channel-count": 237,
                "category-id": 0
            },
            {
                "source-group-title": "Arabic News",
                "custom-group-title": "Arabic News",
                "include-in-export": false,
                "channel-count": 47,
                "category-id": 0
            },
            {
                "source-group-title": "Arabic Sports",
                "custom-group-title": "Arabic Sports",
                "include-in-export": false,
                "channel-count": 144,
                "category-id": 0
            },
            {
                "source-group-title": "Argentina",
                "custom-group-title": "Argentina",
                "include-in-export": false,
                "channel-count": 253,
                "category-id": 0
            },
            {
                "source-group-title": "Armenia",
                "custom-group-title": "Armenia",
                "include-in-export": false,
                "channel-count": 66,
                "category-id": 0
            },
            {
                "source-group-title": "Australia & New Zealand",
                "custom-group-title": "Australia & New Zealand",
                "include-in-export": false,
                "channel-count": 220,
                "category-id": 0
            },
            {
                "source-group-title": "Azerbaijan",
                "custom-group-title": "Azerbaijan",
                "include-in-export": false,
                "channel-count": 13,
                "category-id": 0
            },
            {
                "source-group-title": "Bangladesh",
                "custom-group-title": "Bangladesh",
                "include-in-export": false,
                "channel-count": 47,
                "category-id": 0
            },
            {
                "source-group-title": "Belgium",
                "custom-group-title": "Belgium",
                "include-in-export": false,
                "channel-count": 71,
                "category-id": 0
            },
            {
                "source-group-title": "Bolivia",
                "custom-group-title": "Bolivia",
                "include-in-export": false,
                "channel-count": 65,
                "category-id": 0
            },
            {
                "source-group-title": "Bosnia i Hercegovina",
                "custom-group-title": "Bosnia i Hercegovina",
                "include-in-export": false,
                "channel-count": 126,
                "category-id": 0
            },
            {
                "source-group-title": "Brazil",
                "custom-group-title": "Brazil",
                "include-in-export": false,
                "channel-count": 283,
                "category-id": 0
            },
            {
                "source-group-title": "Bulgaria",
                "custom-group-title": "Bulgaria",
                "include-in-export": false,
                "channel-count": 83,
                "category-id": 0
            },
            {
                "source-group-title": "Cambodia",
                "custom-group-title": "Cambodia",
                "include-in-export": false,
                "channel-count": 5,
                "category-id": 0
            },
            {
                "source-group-title": "Canada",
                "custom-group-title": "Canada",
                "include-in-export": false,
                "channel-count": 168,
                "category-id": 0
            },
            {
                "source-group-title": "Caribbean",
                "custom-group-title": "Caribbean",
                "include-in-export": false,
                "channel-count": 176,
                "category-id": 0
            },
            {
                "source-group-title": "Chile",
                "custom-group-title": "Chile",
                "include-in-export": false,
                "channel-count": 350,
                "category-id": 0
            },
            {
                "source-group-title": "China",
                "custom-group-title": "China",
                "include-in-export": false,
                "channel-count": 24,
                "category-id": 0
            },
            {
                "source-group-title": "Colombia",
                "custom-group-title": "Colombia",
                "include-in-export": false,
                "channel-count": 128,
                "category-id": 0
            },
            {
                "source-group-title": "Czech & Slovakia",
                "custom-group-title": "Czech & Slovakia",
                "include-in-export": false,
                "channel-count": 131,
                "category-id": 0
            },
            {
                "source-group-title": "DAZN CA",
                "custom-group-title": "DAZN CA",
                "include-in-export": false,
                "channel-count": 40,
                "category-id": 0
            },
            {
                "source-group-title": "DAZN DE",
                "custom-group-title": "DAZN DE",
                "include-in-export": false,
                "channel-count": 44,
                "category-id": 0
            },
            {
                "source-group-title": "DAZN ES",
                "custom-group-title": "DAZN ES",
                "include-in-export": false,
                "channel-count": 50,
                "category-id": 0
            },
            {
                "source-group-title": "DAZN FR",
                "custom-group-title": "DAZN FR",
                "include-in-export": false,
                "channel-count": 50,
                "category-id": 0
            },
            {
                "source-group-title": "DAZN IT",
                "custom-group-title": "DAZN IT",
                "include-in-export": false,
                "channel-count": 50,
                "category-id": 0
            },
            {
                "source-group-title": "DAZN SE",
                "custom-group-title": "DAZN SE",
                "include-in-export": false,
                "channel-count": 50,
                "category-id": 0
            },
            {
                "source-group-title": "DYN Sport Event DE",
                "custom-group-title": "DYN Sport Event DE",
                "include-in-export": false,
                "channel-count": 25,
                "category-id": 0
            },
            {
                "source-group-title": "Denmark",
                "custom-group-title": "Denmark",
                "include-in-export": false,
                "channel-count": 219,
                "category-id": 0
            },
            {
                "source-group-title": "Direket Sport Events NO",
                "custom-group-title": "Direket Sport Events NO",
                "include-in-export": false,
                "channel-count": 50,
                "category-id": 0
            },
            {
                "source-group-title": "Discovery+ Sport DE",
                "custom-group-title": "Discovery+ Sport DE",
                "include-in-export": false,
                "channel-count": 34,
                "category-id": 0
            },
            {
                "source-group-title": "Discovery+ Sport NL",
                "custom-group-title": "Discovery+ Sport NL",
                "include-in-export": false,
                "channel-count": 50,
                "category-id": 0
            },
            {
                "source-group-title": "Discovery+ Sport NO",
                "custom-group-title": "Discovery+ Sport NO",
                "include-in-export": false,
                "channel-count": 38,
                "category-id": 0
            },
            {
                "source-group-title": "Discovery+ Sport SE",
                "custom-group-title": "Discovery+ Sport SE",
                "include-in-export": false,
                "channel-count": 131,
                "category-id": 0
            },
            {
                "source-group-title": "Disney Plus SE",
                "custom-group-title": "Disney Plus SE",
                "include-in-export": false,
                "channel-count": 1,
                "category-id": 0
            },
            {
                "source-group-title": "EFL \/ iFOLLOW UK",
                "custom-group-title": "EFL \/ iFOLLOW UK",
                "include-in-export": false,
                "channel-count": 73,
                "category-id": 0
            },
            {
                "source-group-title": "EPL UK",
                "custom-group-title": "EPL UK",
                "include-in-export": false,
                "channel-count": 20,
                "category-id": 0
            },
            {
                "source-group-title": "EX-YU Sport",
                "custom-group-title": "EX-YU Sport",
                "include-in-export": false,
                "channel-count": 95,
                "category-id": 0
            },
            {
                "source-group-title": "Ecuador",
                "custom-group-title": "Ecuador",
                "include-in-export": false,
                "channel-count": 52,
                "category-id": 0
            },
            {
                "source-group-title": "El Salvador",
                "custom-group-title": "El Salvador",
                "include-in-export": false,
                "channel-count": 27,
                "category-id": 0
            },
            {
                "source-group-title": "Elitserien Live SE",
                "custom-group-title": "Elitserien Live SE",
                "include-in-export": false,
                "channel-count": 1,
                "category-id": 0
            },
            {
                "source-group-title": "Estonia",
                "custom-group-title": "Estonia",
                "include-in-export": false,
                "channel-count": 5,
                "category-id": 0
            },
            {
                "source-group-title": "EttanPlay SE",
                "custom-group-title": "EttanPlay SE",
                "include-in-export": false,
                "channel-count": 1,
                "category-id": 0
            },
            {
                "source-group-title": "FANSEAT Events SE",
                "custom-group-title": "FANSEAT Events SE",
                "include-in-export": false,
                "channel-count": 15,
                "category-id": 0
            },
            {
                "source-group-title": "Finland",
                "custom-group-title": "Finland",
                "include-in-export": false,
                "channel-count": 195,
                "category-id": 0
            },
            {
                "source-group-title": "For Adults",
                "custom-group-title": "For Adults",
                "include-in-export": false,
                "channel-count": 1833,
                "category-id": 0
            },
            {
                "source-group-title": "Formula 1 \/ Racing",
                "custom-group-title": "Formula 1 \/ Racing",
                "include-in-export": false,
                "channel-count": 34,
                "category-id": 0
            },
            {
                "source-group-title": "France",
                "custom-group-title": "France",
                "include-in-export": false,
                "channel-count": 267,
                "category-id": 0
            },
            {
                "source-group-title": "Germany",
                "custom-group-title": "Germany",
                "include-in-export": false,
                "channel-count": 353,
                "category-id": 0
            },
            {
                "source-group-title": "Greece",
                "custom-group-title": "Greece",
                "include-in-export": false,
                "channel-count": 99,
                "category-id": 0
            },
            {
                "source-group-title": "Handbollsligan SE",
                "custom-group-title": "Handbollsligan SE",
                "include-in-export": false,
                "channel-count": 2,
                "category-id": 0
            },
            {
                "source-group-title": "Hockey - Metal Ligaen DK",
                "custom-group-title": "Hockey - Metal Ligaen DK",
                "include-in-export": false,
                "channel-count": 4,
                "category-id": 0
            },
            {
                "source-group-title": "HockeyEttan SE",
                "custom-group-title": "HockeyEttan SE",
                "include-in-export": false,
                "channel-count": 15,
                "category-id": 0
            },
            {
                "source-group-title": "Hong Kong",
                "custom-group-title": "Hong Kong",
                "include-in-export": false,
                "channel-count": 18,
                "category-id": 0
            },
            {
                "source-group-title": "Hrvatska",
                "custom-group-title": "Hrvatska",
                "include-in-export": false,
                "channel-count": 172,
                "category-id": 0
            },
            {
                "source-group-title": "Hungary",
                "custom-group-title": "Hungary",
                "include-in-export": false,
                "channel-count": 142,
                "category-id": 0
            },
            {
                "source-group-title": "Iceland",
                "custom-group-title": "Iceland",
                "include-in-export": false,
                "channel-count": 58,
                "category-id": 0
            },
            {
                "source-group-title": "India",
                "custom-group-title": "India",
                "include-in-export": false,
                "channel-count": 477,
                "category-id": 0
            },
            {
                "source-group-title": "Indonesia",
                "custom-group-title": "Indonesia",
                "include-in-export": false,
                "channel-count": 43,
                "category-id": 0
            },
            {
                "source-group-title": "Innebandy SE",
                "custom-group-title": "Innebandy SE",
                "include-in-export": false,
                "channel-count": 38,
                "category-id": 0
            },
            {
                "source-group-title": "Iran",
                "custom-group-title": "Iran",
                "include-in-export": false,
                "channel-count": 200,
                "category-id": 0
            },
            {
                "source-group-title": "Israel",
                "custom-group-title": "Israel",
                "include-in-export": false,
                "channel-count": 78,
                "category-id": 0
            },
            {
                "source-group-title": "Italy",
                "custom-group-title": "Italy",
                "include-in-export": false,
                "channel-count": 234,
                "category-id": 0
            },
            {
                "source-group-title": "Japan",
                "custom-group-title": "Japan",
                "include-in-export": false,
                "channel-count": 28,
                "category-id": 0
            },
            {
                "source-group-title": "Korea",
                "custom-group-title": "Korea",
                "include-in-export": false,
                "channel-count": 73,
                "category-id": 0
            },
            {
                "source-group-title": "Kurdistan",
                "custom-group-title": "Kurdistan",
                "include-in-export": false,
                "channel-count": 314,
                "category-id": 0
            },
            {
                "source-group-title": "LIVEY Sports IS",
                "custom-group-title": "LIVEY Sports IS",
                "include-in-export": false,
                "channel-count": 30,
                "category-id": 0
            },
            {
                "source-group-title": "Latino",
                "custom-group-title": "Latino",
                "include-in-export": false,
                "channel-count": 302,
                "category-id": 0
            },
            {
                "source-group-title": "Lithuania",
                "custom-group-title": "Lithuania",
                "include-in-export": false,
                "channel-count": 30,
                "category-id": 0
            },
            {
                "source-group-title": "MAX Sport DK",
                "custom-group-title": "MAX Sport DK",
                "include-in-export": false,
                "channel-count": 15,
                "category-id": 0
            },
            {
                "source-group-title": "MAX Sport FI",
                "custom-group-title": "MAX Sport FI",
                "include-in-export": false,
                "channel-count": 23,
                "category-id": 0
            },
            {
                "source-group-title": "MLS Soccer US",
                "custom-group-title": "MLS Soccer US",
                "include-in-export": false,
                "channel-count": 34,
                "category-id": 0
            },
            {
                "source-group-title": "MTV Urheilu Events FI",
                "custom-group-title": "MTV Urheilu Events FI",
                "include-in-export": false,
                "channel-count": 16,
                "category-id": 0
            },
            {
                "source-group-title": "Macedonia",
                "custom-group-title": "Macedonia",
                "include-in-export": false,
                "channel-count": 77,
                "category-id": 0
            },
            {
                "source-group-title": "Malaysia",
                "custom-group-title": "Malaysia",
                "include-in-export": false,
                "channel-count": 120,
                "category-id": 0
            },
            {
                "source-group-title": "Malta",
                "custom-group-title": "Malta",
                "include-in-export": false,
                "channel-count": 64,
                "category-id": 0
            },
            {
                "source-group-title": "Max Sports DK",
                "custom-group-title": "Max Sports DK",
                "include-in-export": false,
                "channel-count": 50,
                "category-id": 0
            },
            {
                "source-group-title": "Max Sports NO",
                "custom-group-title": "Max Sports NO",
                "include-in-export": false,
                "channel-count": 1,
                "category-id": 0
            },
            {
                "source-group-title": "Max Sports SE",
                "custom-group-title": "Max Sports SE",
                "include-in-export": false,
                "channel-count": 15,
                "category-id": 0
            },
            {
                "source-group-title": "Mexico",
                "custom-group-title": "Mexico",
                "include-in-export": false,
                "channel-count": 174,
                "category-id": 0
            },
            {
                "source-group-title": "Music Package",
                "custom-group-title": "Music Package",
                "include-in-export": false,
                "channel-count": 106,
                "category-id": 0
            },
            {
                "source-group-title": "Netherlands",
                "custom-group-title": "Netherlands",
                "include-in-export": false,
                "channel-count": 136,
                "category-id": 0
            },
            {
                "source-group-title": "Norway",
                "custom-group-title": "Norway",
                "include-in-export": false,
                "channel-count": 253,
                "category-id": 0
            },
            {
                "source-group-title": "Pakistan",
                "custom-group-title": "Pakistan",
                "include-in-export": false,
                "channel-count": 135,
                "category-id": 0
            },
            {
                "source-group-title": "Paraguay",
                "custom-group-title": "Paraguay",
                "include-in-export": false,
                "channel-count": 45,
                "category-id": 0
            },
            {
                "source-group-title": "Peacock \/ DAZN US",
                "custom-group-title": "Peacock \/ DAZN US",
                "include-in-export": false,
                "channel-count": 48,
                "category-id": 0
            },
            {
                "source-group-title": "Peru",
                "custom-group-title": "Peru",
                "include-in-export": false,
                "channel-count": 189,
                "category-id": 0
            },
            {
                "source-group-title": "Philippines",
                "custom-group-title": "Philippines",
                "include-in-export": false,
                "channel-count": 132,
                "category-id": 0
            },
            {
                "source-group-title": "Poland",
                "custom-group-title": "Poland",
                "include-in-export": false,
                "channel-count": 228,
                "category-id": 0
            },
            {
                "source-group-title": "Portugal",
                "custom-group-title": "Portugal",
                "include-in-export": false,
                "channel-count": 175,
                "category-id": 0
            },
            {
                "source-group-title": "Prime Sports SE",
                "custom-group-title": "Prime Sports SE",
                "include-in-export": false,
                "channel-count": 41,
                "category-id": 0
            },
            {
                "source-group-title": "Romania",
                "custom-group-title": "Romania",
                "include-in-export": false,
                "channel-count": 176,
                "category-id": 0
            },
            {
                "source-group-title": "Russia",
                "custom-group-title": "Russia",
                "include-in-export": false,
                "channel-count": 304,
                "category-id": 0
            },
            {
                "source-group-title": "Ruutu Events FI",
                "custom-group-title": "Ruutu Events FI",
                "include-in-export": false,
                "channel-count": 16,
                "category-id": 0
            },
            {
                "source-group-title": "SPFL - Scottish Football League UK",
                "custom-group-title": "SPFL - Scottish Football League UK",
                "include-in-export": false,
                "channel-count": 18,
                "category-id": 0
            },
            {
                "source-group-title": "Series: Albania",
                "custom-group-title": "Series: Albania",
                "include-in-export": false,
                "channel-count": 72,
                "category-id": 0
            },
            {
                "source-group-title": "Series: Arabic",
                "custom-group-title": "Series: Arabic",
                "include-in-export": false,
                "channel-count": 32585,
                "category-id": 0
            },
            {
                "source-group-title": "Series: Barn",
                "custom-group-title": "Series: Barn",
                "include-in-export": false,
                "channel-count": 17961,
                "category-id": 0
            },
            {
                "source-group-title": "Series: EX-YU",
                "custom-group-title": "Series: EX-YU",
                "include-in-export": false,
                "channel-count": 2106,
                "category-id": 0
            },
            {
                "source-group-title": "Series: English [Arabic-Sub]",
                "custom-group-title": "Series: English [Arabic-Sub]",
                "include-in-export": false,
                "channel-count": 661,
                "category-id": 0
            },
            {
                "source-group-title": "Series: English [Multi-Sub]",
                "custom-group-title": "Series: English [Multi-Sub]",
                "include-in-export": false,
                "channel-count": 81232,
                "category-id": 0
            },
            {
                "source-group-title": "Series: English [Multi-Sub] [4K] [Only On 4K Devices]",
                "custom-group-title": "Series: English [Multi-Sub] [4K] [Only On 4K Devices]",
                "include-in-export": false,
                "channel-count": 718,
                "category-id": 0
            },
            {
                "source-group-title": "Series: Kurdish",
                "custom-group-title": "Series: Kurdish",
                "include-in-export": false,
                "channel-count": 30,
                "category-id": 0
            },
            {
                "source-group-title": "Series: NORDIC",
                "custom-group-title": "Series: NORDIC",
                "include-in-export": false,
                "channel-count": 18967,
                "category-id": 0
            },
            {
                "source-group-title": "Series: Turkey",
                "custom-group-title": "Series: Turkey",
                "include-in-export": false,
                "channel-count": 135,
                "category-id": 0
            },
            {
                "source-group-title": "Series: Turkey [Arabic Sub]",
                "custom-group-title": "Series: Turkey [Arabic Sub]",
                "include-in-export": false,
                "channel-count": 2926,
                "category-id": 0
            },
            {
                "source-group-title": "Slovenia",
                "custom-group-title": "Slovenia",
                "include-in-export": false,
                "channel-count": 73,
                "category-id": 0
            },
            {
                "source-group-title": "Somalia",
                "custom-group-title": "Somalia",
                "include-in-export": false,
                "channel-count": 26,
                "category-id": 0
            },
            {
                "source-group-title": "Spain",
                "custom-group-title": "Spain",
                "include-in-export": false,
                "channel-count": 224,
                "category-id": 0
            },
            {
                "source-group-title": "Speedway - ESS Play SE",
                "custom-group-title": "Speedway - ESS Play SE",
                "include-in-export": false,
                "channel-count": 1,
                "category-id": 0
            },
            {
                "source-group-title": "Sport Package",
                "custom-group-title": "Sport Package",
                "include-in-export": false,
                "channel-count": 86,
                "category-id": 0
            },
            {
                "source-group-title": "SportExpressen\/Aftonbladet SE",
                "custom-group-title": "SportExpressen\/Aftonbladet SE",
                "include-in-export": false,
                "channel-count": 2,
                "category-id": 0
            },
            {
                "source-group-title": "Srbija\/Crna Gora",
                "custom-group-title": "Srbija\/Crna Gora",
                "include-in-export": false,
                "channel-count": 329,
                "category-id": 0
            },
            {
                "source-group-title": "Sri Lanka",
                "custom-group-title": "Sri Lanka",
                "include-in-export": false,
                "channel-count": 23,
                "category-id": 0
            },
            {
                "source-group-title": "Sudan",
                "custom-group-title": "Sudan",
                "include-in-export": false,
                "channel-count": 16,
                "category-id": 0
            },
            {
                "source-group-title": "Super Sports CA",
                "custom-group-title": "Super Sports CA",
                "include-in-export": false,
                "channel-count": 51,
                "category-id": 0
            },
            {
                "source-group-title": "Svensk Hockey SE",
                "custom-group-title": "Svensk Hockey SE",
                "include-in-export": false,
                "channel-count": 252,
                "category-id": 0
            },
            {
                "source-group-title": "Svenskbil Sport \/ Folkrace SE",
                "custom-group-title": "Svenskbil Sport \/ Folkrace SE",
                "include-in-export": false,
                "channel-count": 2,
                "category-id": 0
            },
            {
                "source-group-title": "Sweden",
                "custom-group-title": "Sweden",
                "include-in-export": false,
                "channel-count": 388,
                "category-id": 0
            },
            {
                "source-group-title": "Switzerland",
                "custom-group-title": "Switzerland",
                "include-in-export": false,
                "channel-count": 47,
                "category-id": 0
            },
            {
                "source-group-title": "S\u00edminnSport Events IS",
                "custom-group-title": "S\u00edminnSport Events IS",
                "include-in-export": false,
                "channel-count": 50,
                "category-id": 0
            },
            {
                "source-group-title": "TV2 Play NO",
                "custom-group-title": "TV2 Play NO",
                "include-in-export": false,
                "channel-count": 17,
                "category-id": 0
            },
            {
                "source-group-title": "TV2 Sport DK",
                "custom-group-title": "TV2 Sport DK",
                "include-in-export": false,
                "channel-count": 22,
                "category-id": 0
            },
            {
                "source-group-title": "TV4 Play SE",
                "custom-group-title": "TV4 Play SE",
                "include-in-export": false,
                "channel-count": 18,
                "category-id": 0
            },
            {
                "source-group-title": "Taiwan",
                "custom-group-title": "Taiwan",
                "include-in-export": false,
                "channel-count": 1,
                "category-id": 0
            },
            {
                "source-group-title": "Telia Play Events FI",
                "custom-group-title": "Telia Play Events FI",
                "include-in-export": false,
                "channel-count": 40,
                "category-id": 0
            },
            {
                "source-group-title": "Telia Play Events SE",
                "custom-group-title": "Telia Play Events SE",
                "include-in-export": false,
                "channel-count": 49,
                "category-id": 0
            },
            {
                "source-group-title": "Thailand",
                "custom-group-title": "Thailand",
                "include-in-export": false,
                "channel-count": 284,
                "category-id": 0
            },
            {
                "source-group-title": "Turkey",
                "custom-group-title": "Turkey",
                "include-in-export": false,
                "channel-count": 459,
                "category-id": 0
            },
            {
                "source-group-title": "US ABC Network",
                "custom-group-title": "US ABC Network",
                "include-in-export": false,
                "channel-count": 33,
                "category-id": 0
            },
            {
                "source-group-title": "US CBS Network",
                "custom-group-title": "US CBS Network",
                "include-in-export": false,
                "channel-count": 187,
                "category-id": 0
            },
            {
                "source-group-title": "US Fox Network",
                "custom-group-title": "US Fox Network",
                "include-in-export": false,
                "channel-count": 178,
                "category-id": 0
            },
            {
                "source-group-title": "US LIVE EVENTS \/ ESPN+",
                "custom-group-title": "US LIVE EVENTS \/ ESPN+",
                "include-in-export": false,
                "channel-count": 105,
                "category-id": 0
            },
            {
                "source-group-title": "US NBC Network",
                "custom-group-title": "US NBC Network",
                "include-in-export": false,
                "channel-count": 125,
                "category-id": 0
            },
            {
                "source-group-title": "US Sports",
                "custom-group-title": "US Sports",
                "include-in-export": false,
                "channel-count": 292,
                "category-id": 0
            },
            {
                "source-group-title": "Ukraine",
                "custom-group-title": "Ukraine",
                "include-in-export": false,
                "channel-count": 51,
                "category-id": 0
            },
            {
                "source-group-title": "United Kingdom",
                "custom-group-title": "United Kingdom",
                "include-in-export": false,
                "channel-count": 468,
                "category-id": 0
            },
            {
                "source-group-title": "United States",
                "custom-group-title": "United States",
                "include-in-export": false,
                "channel-count": 183,
                "category-id": 0
            },
            {
                "source-group-title": "Uruguay",
                "custom-group-title": "Uruguay",
                "include-in-export": false,
                "channel-count": 46,
                "category-id": 0
            },
            {
                "source-group-title": "VGTV+  NO",
                "custom-group-title": "VGTV+  NO",
                "include-in-export": false,
                "channel-count": 10,
                "category-id": 0
            },
            {
                "source-group-title": "VOD: 4k Movies [Multi-Sub] [Only On 4K Devices]",
                "custom-group-title": "VOD: 4k Movies [Multi-Sub] [Only On 4K Devices]",
                "include-in-export": false,
                "channel-count": 503,
                "category-id": 0
            },
            {
                "source-group-title": "VOD: 4k Old Popular Movies [Multi-Sub] [Only On 4K Devices]",
                "custom-group-title": "VOD: 4k Old Popular Movies [Multi-Sub] [Only On 4K Devices]",
                "include-in-export": false,
                "channel-count": 370,
                "category-id": 0
            },
            {
                "source-group-title": "VOD: Arabic",
                "custom-group-title": "VOD: Arabic",
                "include-in-export": false,
                "channel-count": 1940,
                "category-id": 0
            },
            {
                "source-group-title": "VOD: Astrid Lindgren",
                "custom-group-title": "VOD: Astrid Lindgren",
                "include-in-export": false,
                "channel-count": 25,
                "category-id": 0
            },
            {
                "source-group-title": "VOD: Beck Komplett Kollektion",
                "custom-group-title": "VOD: Beck Komplett Kollektion",
                "include-in-export": false,
                "channel-count": 54,
                "category-id": 0
            },
            {
                "source-group-title": "VOD: Box set [Multi-Sub]",
                "custom-group-title": "VOD: Box set [Multi-Sub]",
                "include-in-export": false,
                "channel-count": 341,
                "category-id": 0
            },
            {
                "source-group-title": "VOD: Bud Spencer",
                "custom-group-title": "VOD: Bud Spencer",
                "include-in-export": false,
                "channel-count": 32,
                "category-id": 0
            },
            {
                "source-group-title": "VOD: Cheech and Chong",
                "custom-group-title": "VOD: Cheech and Chong",
                "include-in-export": false,
                "channel-count": 7,
                "category-id": 0
            },
            {
                "source-group-title": "VOD: Christmas Movies [Multi-Sub]",
                "custom-group-title": "VOD: Christmas Movies [Multi-Sub]",
                "include-in-export": false,
                "channel-count": 154,
                "category-id": 0
            },
            {
                "source-group-title": "VOD: Crtani Filmovi [Ex-yu]",
                "custom-group-title": "VOD: Crtani Filmovi [Ex-yu]",
                "include-in-export": false,
                "channel-count": 397,
                "category-id": 0
            },
            {
                "source-group-title": "VOD: Danske - Norska - Suomalainen Film",
                "custom-group-title": "VOD: Danske - Norska - Suomalainen Film",
                "include-in-export": false,
                "channel-count": 507,
                "category-id": 0
            },
            {
                "source-group-title": "VOD: Disney [Ar-Eng] [Multi-Audio]",
                "custom-group-title": "VOD: Disney [Ar-Eng] [Multi-Audio]",
                "include-in-export": false,
                "channel-count": 117,
                "category-id": 0
            },
            {
                "source-group-title": "VOD: Disney [ENG]",
                "custom-group-title": "VOD: Disney [ENG]",
                "include-in-export": false,
                "channel-count": 560,
                "category-id": 0
            },
            {
                "source-group-title": "VOD: English Movies [Arabic Subtitle]",
                "custom-group-title": "VOD: English Movies [Arabic Subtitle]",
                "include-in-export": false,
                "channel-count": 2925,
                "category-id": 0
            },
            {
                "source-group-title": "VOD: English Movies [Czech Subtitle]",
                "custom-group-title": "VOD: English Movies [Czech Subtitle]",
                "include-in-export": false,
                "channel-count": 28,
                "category-id": 0
            },
            {
                "source-group-title": "VOD: English Movies [Kurdish Subtitle]",
                "custom-group-title": "VOD: English Movies [Kurdish Subtitle]",
                "include-in-export": false,
                "channel-count": 44,
                "category-id": 0
            },
            {
                "source-group-title": "VOD: Events",
                "custom-group-title": "VOD: Events",
                "include-in-export": false,
                "channel-count": 661,
                "category-id": 0
            },
            {
                "source-group-title": "VOD: Germany",
                "custom-group-title": "VOD: Germany",
                "include-in-export": false,
                "channel-count": 21,
                "category-id": 0
            },
            {
                "source-group-title": "VOD: Halloween Movies",
                "custom-group-title": "VOD: Halloween Movies",
                "include-in-export": false,
                "channel-count": 41,
                "category-id": 0
            },
            {
                "source-group-title": "VOD: IMDB Top Movies [Multi-Sub]",
                "custom-group-title": "VOD: IMDB Top Movies [Multi-Sub]",
                "include-in-export": false,
                "channel-count": 241,
                "category-id": 0
            },
            {
                "source-group-title": "VOD: India",
                "custom-group-title": "VOD: India",
                "include-in-export": false,
                "channel-count": 217,
                "category-id": 0
            },
            {
                "source-group-title": "VOD: Iran",
                "custom-group-title": "VOD: Iran",
                "include-in-export": false,
                "channel-count": 180,
                "category-id": 0
            },
            {
                "source-group-title": "VOD: Jackie Chan Collection [AR-SUB]",
                "custom-group-title": "VOD: Jackie Chan Collection [AR-SUB]",
                "include-in-export": false,
                "channel-count": 74,
                "category-id": 0
            },
            {
                "source-group-title": "VOD: James Bond Collection",
                "custom-group-title": "VOD: James Bond Collection",
                "include-in-export": false,
                "channel-count": 25,
                "category-id": 0
            },
            {
                "source-group-title": "VOD: Johan Falk",
                "custom-group-title": "VOD: Johan Falk",
                "include-in-export": false,
                "channel-count": 17,
                "category-id": 0
            },
            {
                "source-group-title": "VOD: Kids Movies",
                "custom-group-title": "VOD: Kids Movies",
                "include-in-export": false,
                "channel-count": 920,
                "category-id": 0
            },
            {
                "source-group-title": "VOD: Kommisarie Montalbano",
                "custom-group-title": "VOD: Kommisarie Montalbano",
                "include-in-export": false,
                "channel-count": 31,
                "category-id": 0
            },
            {
                "source-group-title": "VOD: Music Concerts",
                "custom-group-title": "VOD: Music Concerts",
                "include-in-export": false,
                "channel-count": 927,
                "category-id": 0
            },
            {
                "source-group-title": "VOD: N1 Sports Events Replays",
                "custom-group-title": "VOD: N1 Sports Events Replays",
                "include-in-export": false,
                "channel-count": 1129,
                "category-id": 0
            },
            {
                "source-group-title": "VOD: Old Popular Movies [Multi-Sub]",
                "custom-group-title": "VOD: Old Popular Movies [Multi-Sub]",
                "include-in-export": false,
                "channel-count": 7251,
                "category-id": 0
            },
            {
                "source-group-title": "VOD: Polska",
                "custom-group-title": "VOD: Polska",
                "include-in-export": false,
                "channel-count": 945,
                "category-id": 0
            },
            {
                "source-group-title": "VOD: Premiere Cinemas [Multi-Sub]",
                "custom-group-title": "VOD: Premiere Cinemas [Multi-Sub]",
                "include-in-export": false,
                "channel-count": 4484,
                "category-id": 0
            },
            {
                "source-group-title": "VOD: Relaxing Music",
                "custom-group-title": "VOD: Relaxing Music",
                "include-in-export": false,
                "channel-count": 9,
                "category-id": 0
            },
            {
                "source-group-title": "VOD: Svenska",
                "custom-group-title": "VOD: Svenska",
                "include-in-export": false,
                "channel-count": 671,
                "category-id": 0
            },
            {
                "source-group-title": "VOD: Turkey",
                "custom-group-title": "VOD: Turkey",
                "include-in-export": false,
                "channel-count": 195,
                "category-id": 0
            },
            {
                "source-group-title": "VOD: Van Damme Collection",
                "custom-group-title": "VOD: Van Damme Collection",
                "include-in-export": false,
                "channel-count": 41,
                "category-id": 0
            },
            {
                "source-group-title": "VOD: Vietnam",
                "custom-group-title": "VOD: Vietnam",
                "include-in-export": false,
                "channel-count": 63,
                "category-id": 0
            },
            {
                "source-group-title": "VOD: Wallander",
                "custom-group-title": "VOD: Wallander",
                "include-in-export": false,
                "channel-count": 32,
                "category-id": 0
            },
            {
                "source-group-title": "VOD: [Dolby Vision] 4k Movies [Multi-Sub] [Only On Dolby Vision Devices]",
                "custom-group-title": "VOD: [Dolby Vision] 4k Movies [Multi-Sub] [Only On Dolby Vision Devices]",
                "include-in-export": false,
                "channel-count": 20,
                "category-id": 0
            },
            {
                "source-group-title": "VOD: ex-Yu Movies",
                "custom-group-title": "VOD: ex-Yu Movies",
                "include-in-export": false,
                "channel-count": 810,
                "category-id": 0
            },
            {
                "source-group-title": "Venezuela",
                "custom-group-title": "Venezuela",
                "include-in-export": false,
                "channel-count": 63,
                "category-id": 0
            },
            {
                "source-group-title": "Viaplay Sport DK",
                "custom-group-title": "Viaplay Sport DK",
                "include-in-export": false,
                "channel-count": 39,
                "category-id": 0
            },
            {
                "source-group-title": "Viaplay Sport FI",
                "custom-group-title": "Viaplay Sport FI",
                "include-in-export": false,
                "channel-count": 41,
                "category-id": 0
            },
            {
                "source-group-title": "Viaplay Sport IS",
                "custom-group-title": "Viaplay Sport IS",
                "include-in-export": false,
                "channel-count": 50,
                "category-id": 0
            },
            {
                "source-group-title": "Viaplay Sport NL",
                "custom-group-title": "Viaplay Sport NL",
                "include-in-export": false,
                "channel-count": 67,
                "category-id": 0
            },
            {
                "source-group-title": "Viaplay Sport NO",
                "custom-group-title": "Viaplay Sport NO",
                "include-in-export": false,
                "channel-count": 42,
                "category-id": 0
            },
            {
                "source-group-title": "Viaplay Sport PL",
                "custom-group-title": "Viaplay Sport PL",
                "include-in-export": false,
                "channel-count": 19,
                "category-id": 0
            },
            {
                "source-group-title": "Viaplay Sport SE",
                "custom-group-title": "Viaplay Sport SE",
                "include-in-export": false,
                "channel-count": 39,
                "category-id": 0
            },
            {
                "source-group-title": "Viaplay Sport UK",
                "custom-group-title": "Viaplay Sport UK",
                "include-in-export": false,
                "channel-count": 52,
                "category-id": 0
            },
            {
                "source-group-title": "Vietnam",
                "custom-group-title": "Vietnam",
                "include-in-export": false,
                "channel-count": 99,
                "category-id": 0
            },
            {
                "source-group-title": "World Football Events",
                "custom-group-title": "World Football Events",
                "include-in-export": false,
                "channel-count": 40,
                "category-id": 0
            },
            {
                "source-group-title": "World PPV Fights",
                "custom-group-title": "World PPV Fights",
                "include-in-export": false,
                "channel-count": 40,
                "category-id": 0
            },
            {
                "source-group-title": "World Padel Tour TV",
                "custom-group-title": "World Padel Tour TV",
                "include-in-export": false,
                "channel-count": 1,
                "category-id": 0
            }
        ]
    }
}
